STATION_NAME,STN_ID,LAT,LON,ENSEMBLE,RCP,MODEL,CLIMATOLOGY,Annual,DJF,MAM,JJA,SON,NDJFMA,MJJASO,January,February,March,April,May,June,July,August,September,October,November,December
ADELAIDE-KENT-TOWN,23090,-34.92,138.62,r1i1p1,rcp26,CESM1-CAM5,2020-2039,47.58,37.54,48.2,58.81,45.73,40.27,54.87,36.43,36.67,41.55,47.08,55.97,61.38,59.84,55.21,50.91,45.94,40.34,39.69
ALBANY-AIRPORT-COMPARISON,9741,-34.94,117.8,r1i1p1,rcp26,CESM1-CAM5,2020-2039,61.94,56.38,60.47,66.95,64.03,58.28,65.68,55.78,55.34,57.9,60,63.51,68.33,67.21,65.32,65.01,64.71,62.35,57.85
ALICE-SPRINGS-AIRPORT,15590,-23.8,133.89,r1i1p1,rcp26,CESM1-CAM5,2020-2039,24.35,23.81,26.53,28.88,18.27,22.94,25.79,20.09,25.94,21.43,26.39,31.77,32.63,29.83,24.18,17.15,19.2,18.47,25.11
AMBERLEY-AMO,40004,-27.63,152.71,r1i1p1,rcp26,CESM1-CAM5,2020-2039,44.62,49.5,49.9,40.23,38.89,48.71,40.57,48.17,52.88,50.86,49.45,49.4,44.61,39.62,36.45,33.89,39.44,43.35,47.36
BRISBANE-AERO,40842,-27.39,153.13,r1i1p1,rcp26,CESM1-CAM5,2020-2039,56.21,60.58,59.38,50.36,54.5,59.98,52.38,60.15,61.91,60.76,59.99,57.41,52.72,49.68,48.7,50.03,55.75,57.72,59.76
BROOME-AIRPORT,3003,-17.95,122.23,r1i1p1,rcp26,CESM1-CAM5,2020-2039,48.63,64.88,45.18,32.35,52.12,58.59,38.71,64.28,67.81,59.23,41.7,34.6,29.66,32.32,35.08,46.01,54.6,55.76,62.57
CAIRNS-AERO,31011,-16.87,145.75,r1i1p1,rcp26,CESM1-CAM5,2020-2039,62.29,67.34,65.67,58.42,57.7,65.98,58.61,66.06,70.36,66.94,66.01,64.04,61.19,57.24,56.82,54.59,57.8,60.7,65.73
CANBERRA-AIRPORT-COMPARISON,70014,-35.3,149.2,r1i1p1,rcp26,CESM1-CAM5,2020-2039,45.92,37.13,46.36,55.54,44.53,39.82,51.96,35.7,39.89,40.8,45.54,52.75,59.16,56.96,50.51,47.81,44.6,41.17,36.2
CARNARVON-AIRPORT,6011,-24.89,113.67,r1i1p1,rcp26,CESM1-CAM5,2020-2039,52.9,56.65,53.35,50.16,51.46,55.29,50.54,57.45,56.76,55.5,53.02,51.52,49.68,51.16,49.63,50.32,50.9,53.17,55.65
CEDUNA-AMO,18012,-32.13,133.7,r1i1p1,rcp26,CESM1-CAM5,2020-2039,45.94,44.8,45.99,49.29,43.69,44.68,47.2,43.4,45.86,44.91,45.81,47.25,49.85,50,48.02,45.29,42.8,42.98,45.11
CHARLEVILLE-AERO,44021,-26.42,146.25,r1i1p1,rcp26,CESM1-CAM5,2020-2039,28.11,28,30.97,31.4,21.93,27.8,28.29,25.86,34.06,27.67,32.12,33.12,36.05,31.82,26.33,20.96,21.49,23.33,24.55
COBAR-MO,48027,-31.49,145.83,r1i1p1,rcp26,CESM1-CAM5,2020-2039,34.61,26.91,38.21,44.39,28.86,29.6,39.6,25.72,32.05,32.65,37.56,44.44,48.01,46.6,38.55,31.55,28.48,26.55,23.18
COFFS-HARBOUR-MO,59040,-30.31,153.12,r1i1p1,rcp26,CESM1-CAM5,2020-2039,61.87,67.16,65.82,54.97,59.54,66.58,57.18,66.7,68.57,68.36,65.94,63.15,58.03,54.08,52.8,55.04,60,63.59,66.19
DARWIN-AIRPORT,14015,-12.42,130.89,r1i1p1,rcp26,CESM1-CAM5,2020-2039,53.36,70.4,53.44,37.2,52.49,64.29,42.52,70.95,73.27,65.96,51.37,42.97,34.67,37.75,39.18,47.71,52.83,56.94,66.72
DUBBO-AIRPORT-AWS,65070,-32.22,148.58,r1i1p1,rcp26,CESM1-CAM5,2020-2039,43.48,34.59,44.48,55.05,39.45,36.79,50.23,34.04,38.84,39.07,42.53,51.85,56.65,57.79,50.65,45.68,37.84,34.4,31.28
EAST-SALE-AIRPORT,85072,-38.12,147.13,r1i1p1,rcp26,CESM1-CAM5,2020-2039,56,50.29,56.89,61.05,55.73,52.29,59.68,49.49,50.63,53.28,55.52,61.89,63.82,62.5,56.83,57.16,55.9,54.11,50.92
ESPERANCE,9789,-33.83,121.89,r1i1p1,rcp26,CESM1-CAM5,2020-2039,56.89,56.56,56.17,58.02,56.94,56.31,57.52,56.12,56.87,55.7,55.96,56.86,59.05,58.55,56.45,57.93,56.28,56.62,56.35
GERALDTON-AIRPORT-COMPARISON,8051,-28.8,114.7,r1i1p1,rcp26,CESM1-CAM5,2020-2039,48.03,43.91,44.51,55.37,48.43,43.78,52.35,44.49,40.54,42.46,43.12,47.93,51.72,57.11,57.29,52.41,47.64,45.24,46.44
HOBART-ELLERSLIE-ROAD,94029,-42.89,147.33,r1i1p1,rcp26,CESM1-CAM5,2020-2039,55.41,51.66,56.85,60.29,52.96,52.85,58.04,52.68,50.44,53.13,56.5,60.91,63.12,61.64,56.12,53.97,52.45,52.45,51.5
KALGOORLIE-BOULDER-AIRPORT,12038,-30.78,121.45,r1i1p1,rcp26,CESM1-CAM5,2020-2039,31.22,24.21,35.4,41.24,24.11,26,36.34,22.04,28.58,29.21,32.85,43.24,44.19,42.55,36.97,28.58,22.48,21.26,21.5
LAUNCESTON-AIRPORT-COMPARISON,91104,-41.54,147.2,r1i1p1,rcp26,CESM1-CAM5,2020-2039,56.02,45.32,55.3,68.8,54.78,47.89,64.23,45.7,44.44,45.4,55.1,65.4,70.74,71.26,64.4,58.56,54.99,50.8,45.43
LAVERTON-RAAF,87031,-37.86,144.76,r1i1p1,rcp26,CESM1-CAM5,2020-2039,55.42,48.73,55.72,62.64,54.52,50.54,60.22,49.1,48.6,51.16,54.29,61.72,64.87,63.52,59.55,57.19,54.45,51.93,48.65
MACKAY-M.O,33119,-21.12,149.22,r1i1p1,rcp26,CESM1-CAM5,2020-2039,67.73,68.87,70.83,67.64,63.58,68.91,66.56,67.58,72.01,68.99,72.61,70.89,68.78,65.95,68.19,61.37,64.15,65.21,66.97
MEEKATHARRA-AIRPORT,7045,-26.61,118.54,r1i1p1,rcp26,CESM1-CAM5,2020-2039,23.7,18.29,26.76,34,15.56,19.48,27.82,15.56,24.27,22.76,26.77,30.75,36.64,36.73,28.63,19.52,14.64,12.52,15.09
MELBOURNE-AIRPORT,86282,-37.68,144.84,r1i1p1,rcp26,CESM1-CAM5,2020-2039,52.31,43.6,52.67,61.53,51.31,46.02,58.48,43.63,43.63,46.95,51.01,60.05,64.06,63.18,57.35,54.86,51.38,47.69,43.9
MILDURA-AIRPORT,76031,-34.23,142.08,r1i1p1,rcp26,CESM1-CAM5,2020-2039,36.42,26.24,38.62,49.12,31.71,28.87,43.99,25.38,28.76,30.96,36.57,48.34,52.77,51.17,43.43,37.32,30.91,26.88,24.59
MOREE-AERO,53115,-29.49,149.85,r1i1p1,rcp26,CESM1-CAM5,2020-2039,36.67,35,37.96,42.75,30.7,34.72,38.52,34.4,39.84,35.7,37.26,40.92,45.1,45.13,38.03,32.27,29.65,30.18,31.51
MOUNT-GAMBIER-AERO,26021,-37.75,140.77,r1i1p1,rcp26,CESM1-CAM5,2020-2039,57.22,45.06,56.5,70.01,57.43,48.03,66.49,44.16,42.6,47.33,54.63,67.55,73.03,71.74,65.26,61.98,59.39,50.91,48.03
MOUNT-ISA-AERO,29127,-20.68,139.49,r1i1p1,rcp26,CESM1-CAM5,2020-2039,25.18,32.55,27.82,21.74,18.53,29.32,20.99,31.15,37.27,29.96,27.11,26.38,24.85,21.23,19.14,15.97,18.38,21.26,29.44
NOWRA-RAN-AIR-STATION-AWS,68072,-34.95,150.54,r1i1p1,rcp26,CESM1-CAM5,2020-2039,57.38,61.09,60.4,53.86,53.87,60.51,54.24,61.11,64.57,60.9,60.42,59.88,56.42,54.78,50.37,49.78,54,58.07,57.97
PERTH-AIRPORT,9021,-31.93,115.98,r1i1p1,rcp26,CESM1-CAM5,2020-2039,44.34,33.58,42.54,56.18,45.22,36.46,52.35,33.67,30.68,36.81,41.91,48.9,56.45,57.4,54.69,50.77,45.87,39.01,35.96
PORT-HEDLAND-AIRPORT,4032,-20.37,118.63,r1i1p1,rcp26,CESM1-CAM5,2020-2039,37.65,49.73,36.46,30.17,34.37,43.79,31.62,50.39,52.75,42.52,33.44,33.43,31.31,30.73,28.47,30.47,35.28,37.36,45.68
RICHMOND-RAAF,67105,-33.6,150.78,r1i1p1,rcp26,CESM1-CAM5,2020-2039,47.82,49.26,53.12,47.76,41.02,49.55,46.11,48.1,53.94,52.56,51.95,54.86,52.27,48.99,42.03,38.5,40.02,44.53,46.12
ROCKHAMPTON-AERO,39083,-23.38,150.48,r1i1p1,rcp26,CESM1-CAM5,2020-2039,45.2,51.12,49.29,40.73,39.73,49.67,40.79,49.68,54.3,49.68,50.71,47.48,44.55,38.83,38.8,34.37,40.69,44.14,49.2
SYDNEY-AIRPORT-AMO,66037,-33.94,151.17,r1i1p1,rcp26,CESM1-CAM5,2020-2039,56.38,59.93,60.86,52.9,51.73,59.71,53.08,60.13,63.1,61.13,61.21,60.23,56.18,53.51,49.01,48.81,50.74,55.63,56.85
TENNANT-CREEK-AIRPORT,15135,-19.64,134.18,r1i1p1,rcp26,CESM1-CAM5,2020-2039,23.56,30.65,24.79,20.39,18.44,26.92,20.19,28.85,34.91,26.01,23.29,25.06,22.83,21.11,17.24,15.75,19.16,20.42,28.07
TOWNSVILLE-AERO,32040,-19.25,146.77,r1i1p1,rcp26,CESM1-CAM5,2020-2039,56.72,63.29,58.48,50.75,54.29,61.22,52.19,61.96,66.91,60.43,59.5,55.52,50.62,49.45,52.17,50.28,55.08,57.51,61.23
WAGGA-WAGGA-AMO,72150,-35.16,147.46,r1i1p1,rcp26,CESM1-CAM5,2020-2039,44.05,28.42,42.35,61.6,43.62,32.13,55.84,26.16,31.85,34.47,39.72,52.87,64.16,64.16,56.49,53.61,43.75,33.5,27.84
WILLIAMTOWN-RAAF,61078,-32.79,151.84,r1i1p1,rcp26,CESM1-CAM5,2020-2039,56.29,58.25,61.12,54.78,50.99,58.52,54.13,57.5,61.88,61.42,60.41,61.54,58.95,55.64,49.73,48.04,50.88,54.04,55.44
WOOMERA-AERODROME,16001,-31.16,136.81,r1i1p1,rcp26,CESM1-CAM5,2020-2039,28.29,21.34,29.99,38.18,23.58,23.14,33.46,19.89,22.33,23.7,29.05,37.21,41.71,39.04,33.8,26.18,22.79,21.77,21.95
ADELAIDE-KENT-TOWN,23090,-34.92,138.62,r1i1p1,rcp26,CESM1-CAM5,2040-2059,47.8,37.55,47.98,59.92,45.69,40.37,55.2,35.85,36.97,42.57,46.36,55.01,61.92,61.23,56.62,50.23,46.23,40.62,40.02
ALBANY-AIRPORT-COMPARISON,9741,-34.94,117.8,r1i1p1,rcp26,CESM1-CAM5,2040-2059,61.84,55.92,60.69,67.11,63.7,58.05,65.71,55.21,54.8,58.3,59.82,63.94,68.46,67.44,65.45,64.5,64.46,62.14,57.57
ALICE-SPRINGS-AIRPORT,15590,-23.8,133.89,r1i1p1,rcp26,CESM1-CAM5,2040-2059,23.59,20.88,26.27,28.8,18.5,21.3,25.91,17.76,22.36,21.87,24.7,32.23,34.09,29.1,23.21,17.6,19.25,18.65,22.25
AMBERLEY-AMO,40004,-27.63,152.71,r1i1p1,rcp26,CESM1-CAM5,2040-2059,44.28,48.93,49.27,39.95,38.99,48.18,40.41,47.35,52.38,50.04,48.44,49.34,44.52,39.38,35.95,34.27,39.02,43.68,46.97
BRISBANE-AERO,40842,-27.39,153.13,r1i1p1,rcp26,CESM1-CAM5,2040-2059,56.04,60.22,58.97,50.22,54.74,59.59,52.43,59.5,61.51,60.08,59.21,57.63,52.77,49.55,48.33,50.76,55.55,57.9,59.73
BROOME-AIRPORT,3003,-17.95,122.23,r1i1p1,rcp26,CESM1-CAM5,2040-2059,48.96,65.11,45.41,33.15,52.15,59.29,38.66,65.36,66.43,61.16,42.11,32.97,32.07,31.09,36.28,45.17,54.4,56.89,63.56
CAIRNS-AERO,31011,-16.87,145.75,r1i1p1,rcp26,CESM1-CAM5,2040-2059,62.52,67.82,65.97,57.99,58.27,66.34,58.72,66.43,70.87,66.56,66.21,65.13,61.28,56.96,55.71,54.78,58.44,61.59,66.29
CANBERRA-AIRPORT-COMPARISON,70014,-35.3,149.2,r1i1p1,rcp26,CESM1-CAM5,2040-2059,46.1,36.92,46.6,55.99,44.75,39.72,52.41,35.47,39.14,41.23,45.19,53.38,60.11,57.19,50.68,48.53,44.58,41.15,36.54
CARNARVON-AIRPORT,6011,-24.89,113.67,r1i1p1,rcp26,CESM1-CAM5,2040-2059,52.91,56.3,54.03,49.84,51.48,55.66,50.19,56.74,56.59,56.81,54.77,50.51,49.11,51.08,49.34,49.84,51.23,53.39,55.47
CEDUNA-AMO,18012,-32.13,133.7,r1i1p1,rcp26,CESM1-CAM5,2040-2059,45.68,44.07,45.53,50,43.15,44.08,47.29,41.8,45.92,45.46,44.61,46.51,50.39,50.94,48.66,44.22,43,42.22,44.47
CHARLEVILLE-AERO,44021,-26.42,146.25,r1i1p1,rcp26,CESM1-CAM5,2040-2059,28.18,27.4,30.96,32.02,22.18,27.34,28.89,25.17,32.99,26.91,30.86,35.12,36.72,32.97,26.36,21.42,20.75,24.38,24.52
COBAR-MO,48027,-31.49,145.83,r1i1p1,rcp26,CESM1-CAM5,2040-2059,34.05,25.21,37.36,44.97,28.58,28.16,39.91,23.17,29.42,32.56,35,44.53,48.4,47.58,38.93,31.88,28.17,25.68,23.24
COFFS-HARBOUR-MO,59040,-30.31,153.12,r1i1p1,rcp26,CESM1-CAM5,2040-2059,61.95,66.85,66.04,54.93,59.97,66.46,57.45,66.72,67.78,68.5,65.76,63.86,57.89,54.27,52.64,56.51,59.56,63.84,66.03
DARWIN-AIRPORT,14015,-12.42,130.89,r1i1p1,rcp26,CESM1-CAM5,2040-2059,54.21,70.95,54.35,38.23,53.4,65.02,43.48,71.13,74.28,66.53,52.52,44.01,36.59,37.07,41.03,47.94,54.26,57.99,67.17
DUBBO-AIRPORT-AWS,65070,-32.22,148.58,r1i1p1,rcp26,CESM1-CAM5,2040-2059,43.41,33.7,44.49,55.16,39.94,36.37,50.51,33.13,36.53,39.58,41.64,52.24,56.73,58.04,50.62,46.61,37.9,34.85,31.73
EAST-SALE-AIRPORT,85072,-38.12,147.13,r1i1p1,rcp26,CESM1-CAM5,2040-2059,56.38,50.68,57.4,61.45,55.95,52.81,59.92,49.51,50.88,54.45,55.68,62.06,64.33,62.82,57.19,56.67,56.44,54.72,51.84
ESPERANCE,9789,-33.83,121.89,r1i1p1,rcp26,CESM1-CAM5,2040-2059,57.19,55.83,57.73,58.85,56.47,56.59,57.83,54.68,56.17,57.87,57.83,57.48,59.84,59.65,57.06,56.92,56.06,56.43,56.3
GERALDTON-AIRPORT-COMPARISON,8051,-28.8,114.7,r1i1p1,rcp26,CESM1-CAM5,2040-2059,48.42,44.08,45.3,55.51,48.88,44.46,52.44,44.19,41.62,43.71,44.56,47.63,51.79,57.21,57.54,53.28,47.22,46.15,46.16
HOBART-ELLERSLIE-ROAD,94029,-42.89,147.33,r1i1p1,rcp26,CESM1-CAM5,2040-2059,55.48,51.91,56.7,60.3,53.12,53.06,57.97,52.54,51.23,53.55,55.88,60.67,62.98,61.22,56.71,53.5,52.73,53.14,51.61
KALGOORLIE-BOULDER-AIRPORT,12038,-30.78,121.45,r1i1p1,rcp26,CESM1-CAM5,2040-2059,31.5,23.14,37.84,41.26,23.85,26.7,36.21,19.76,27.92,33.04,36.85,42.77,43.96,42.65,37.17,28.06,22.63,20.86,21.14
LAUNCESTON-AIRPORT-COMPARISON,91104,-41.54,147.2,r1i1p1,rcp26,CESM1-CAM5,2040-2059,56.04,45.48,55.18,68.71,54.93,48.04,64.12,45.67,45.18,46.17,54.32,65.07,70.74,70.77,64.62,58.48,55.03,51.28,45.2
LAVERTON-RAAF,87031,-37.86,144.76,r1i1p1,rcp26,CESM1-CAM5,2040-2059,55.39,48.61,55.91,62.68,54.3,50.65,60.03,48.62,48.17,52.2,54.3,61.21,64.93,63.57,59.53,56.37,54.59,51.94,49.2
MACKAY-M.O,33119,-21.12,149.22,r1i1p1,rcp26,CESM1-CAM5,2040-2059,70.79,72.1,74.02,70.59,66.48,71.5,70.1,69.73,76.41,71.79,73.87,76.4,71.87,69.35,70.54,65.05,67.39,67.01,70.12
MEEKATHARRA-AIRPORT,7045,-26.61,118.54,r1i1p1,rcp26,CESM1-CAM5,2040-2059,23.42,17.33,27.29,33.04,15.85,19.76,27,15.02,21.82,25.04,27.79,29.04,35.95,34.75,28.41,18.52,15.34,13.7,15.25
MELBOURNE-AIRPORT,86282,-37.68,144.84,r1i1p1,rcp26,CESM1-CAM5,2040-2059,52.22,43.4,52.83,61.51,51.02,46.06,58.26,43.13,42.97,47.94,51.01,59.54,64.09,63.21,57.23,54.04,51.45,47.59,44.47
MILDURA-AIRPORT,76031,-34.23,142.08,r1i1p1,rcp26,CESM1-CAM5,2040-2059,36.43,25.47,38.44,50.03,31.79,28.61,44.27,23.67,28.09,33.11,35.04,47.16,53.27,52.34,44.48,36.86,31.53,26.98,24.67
MOREE-AERO,53115,-29.49,149.85,r1i1p1,rcp26,CESM1-CAM5,2040-2059,36.52,34.3,37.43,42.81,31.3,34.13,38.82,34.15,37.61,35.08,35.49,41.71,45.24,45.4,37.78,33.2,29.59,31.11,31.89
MOUNT-GAMBIER-AERO,26021,-37.75,140.77,r1i1p1,rcp26,CESM1-CAM5,2040-2059,57,44.84,56.04,70.13,57.14,47.94,66.16,43.49,42.91,47.83,53.84,66.45,72.92,71.78,65.67,61.05,59.05,51.31,47.73
MOUNT-ISA-AERO,29127,-20.68,139.49,r1i1p1,rcp26,CESM1-CAM5,2040-2059,25.06,32.05,28.18,21.82,18.14,28.71,21.37,30.46,35.95,29.09,26.18,29.28,26.28,21.75,17.42,15.66,17.86,20.9,29.95
NOWRA-RAN-AIR-STATION-AWS,68072,-34.95,150.54,r1i1p1,rcp26,CESM1-CAM5,2040-2059,57.38,60.63,60.62,53.93,54.02,60.26,54.48,60.28,64.09,61.4,59.67,60.8,56.89,54.77,50.13,50.46,53.58,58.2,57.9
PERTH-AIRPORT,9021,-31.93,115.98,r1i1p1,rcp26,CESM1-CAM5,2040-2059,44.78,33.55,43.4,56.5,45.8,36.97,52.71,32.91,31.31,37.71,43.19,49.31,57.1,57.63,54.76,52.46,44.96,39.99,35.99
PORT-HEDLAND-AIRPORT,4032,-20.37,118.63,r1i1p1,rcp26,CESM1-CAM5,2040-2059,37.75,49.62,36.6,30.38,34.54,44.2,31.41,51.11,51.16,44.18,33.95,31.66,32.22,29.51,29.39,30.32,35.34,37.95,46.21
RICHMOND-RAAF,67105,-33.6,150.78,r1i1p1,rcp26,CESM1-CAM5,2040-2059,47.88,48.82,53.42,47.8,41.35,49.36,46.41,47.46,53.28,52.99,51.46,55.82,52.52,48.94,41.93,39.46,39.8,44.8,46.1
ROCKHAMPTON-AERO,39083,-23.38,150.48,r1i1p1,rcp26,CESM1-CAM5,2040-2059,46.84,52.58,50.82,42.13,41.9,51.05,42.68,51.01,56.01,51.39,51.28,49.79,45.8,40.64,39.96,36.74,43.17,45.79,50.53
SYDNEY-AIRPORT-AMO,66037,-33.94,151.17,r1i1p1,rcp26,CESM1-CAM5,2040-2059,56.5,59.51,61.34,52.99,52.05,59.55,53.48,59.24,62.7,61.86,60.54,61.63,56.5,53.52,48.93,49.86,50.42,55.89,56.87
TENNANT-CREEK-AIRPORT,15135,-19.64,134.18,r1i1p1,rcp26,CESM1-CAM5,2040-2059,23.41,29.8,25.2,20.66,18,26.35,20.45,28.02,32.99,26.29,22.85,26.46,24.43,21.21,16.33,15.82,18.44,19.75,28.27
TOWNSVILLE-AERO,32040,-19.25,146.77,r1i1p1,rcp26,CESM1-CAM5,2040-2059,57.54,64.51,59.42,51.19,54.97,62.21,52.84,63,68.26,60.79,59.97,57.51,51.88,50,51.71,50.4,55.55,58.96,62.51
WAGGA-WAGGA-AMO,72150,-35.16,147.46,r1i1p1,rcp26,CESM1-CAM5,2040-2059,43.89,27.63,42.64,61.64,43.46,31.76,55.89,25.5,29.92,35.12,39.67,53.12,64.66,63.95,56.32,53.58,43.73,33.08,28.07
WILLIAMTOWN-RAAF,61078,-32.79,151.84,r1i1p1,rcp26,CESM1-CAM5,2040-2059,56.42,57.79,61.55,54.96,51.34,58.33,54.57,56.81,61.2,61.99,59.87,62.8,59.16,55.87,49.83,49.32,50.44,54.27,55.43
WOOMERA-AERODROME,16001,-31.16,136.81,r1i1p1,rcp26,CESM1-CAM5,2040-2059,27.52,19.73,28.77,38.48,23.06,21.81,33.25,17.35,20.81,23.85,27.13,35.33,41.58,39.46,34.4,25.51,23.24,20.42,21.18
ADELAIDE-KENT-TOWN,23090,-34.92,138.62,r1i1p1,rcp26,CESM1-CAM5,2060-2079,47.55,37.31,47.84,59.38,45.61,40.11,54.97,35.96,36.18,41.98,46.08,55.47,62.39,59.96,55.79,50.29,45.92,40.64,39.98
ALBANY-AIRPORT-COMPARISON,9741,-34.94,117.8,r1i1p1,rcp26,CESM1-CAM5,2060-2079,62.06,56.31,60.56,67.3,64.14,58.23,65.97,55.07,55.79,57.66,59.93,64.07,68.9,67.4,65.59,65.65,64.22,62.56,57.9
ALICE-SPRINGS-AIRPORT,15590,-23.8,133.89,r1i1p1,rcp26,CESM1-CAM5,2060-2079,24.41,23.35,27.2,29.48,17.71,22.39,26.47,20.59,25.04,20.23,26.28,35.09,35.14,28.87,24.44,16.32,18.98,17.84,24.12
AMBERLEY-AMO,40004,-27.63,152.71,r1i1p1,rcp26,CESM1-CAM5,2060-2079,45.24,50.02,50.61,40.82,39.53,49.21,41.3,48.73,52.92,51.38,49.86,50.58,45.15,40.23,37.08,35.27,39.48,43.85,48.31
BRISBANE-AERO,40842,-27.39,153.13,r1i1p1,rcp26,CESM1-CAM5,2060-2079,57,61.37,60.31,51.01,55.26,60.67,53.26,61.14,61.87,61.4,60.61,58.93,53.28,50.43,49.33,51.86,55.74,58.17,61.18
BROOME-AIRPORT,3003,-17.95,122.23,r1i1p1,rcp26,CESM1-CAM5,2060-2079,48.76,65.65,45,32.23,52.16,58.83,38.73,65.37,67.35,58.42,40.85,35.73,31.33,30.57,34.8,45.4,54.54,56.53,64.25
CAIRNS-AERO,31011,-16.87,145.75,r1i1p1,rcp26,CESM1-CAM5,2060-2079,62.72,67.54,66.44,58.36,58.48,66.42,59.03,66.7,70.24,67.12,66.86,65.36,61.52,56.67,56.89,55.13,58.62,61.69,65.8
CANBERRA-AIRPORT-COMPARISON,70014,-35.3,149.2,r1i1p1,rcp26,CESM1-CAM5,2060-2079,47.01,37.78,47.62,56.56,45.94,40.64,53.31,36.65,39.64,41.58,46.51,54.77,60.91,57.77,50.99,49.01,46.42,42.38,37.46
CARNARVON-AIRPORT,6011,-24.89,113.67,r1i1p1,rcp26,CESM1-CAM5,2060-2079,53.17,56.49,54.53,49.61,52.07,55.78,50.58,56.53,56.98,55.28,56.05,52.26,48.8,50.45,49.58,51.2,51.17,53.82,55.86
CEDUNA-AMO,18012,-32.13,133.7,r1i1p1,rcp26,CESM1-CAM5,2060-2079,45.66,44.48,45.33,49.5,43.33,44.16,47.16,43.15,45.03,45.17,44.32,46.52,50.62,49.71,48.16,44.58,43.35,42.04,45.22
CHARLEVILLE-AERO,44021,-26.42,146.25,r1i1p1,rcp26,CESM1-CAM5,2060-2079,29.18,28.73,32.51,32.66,22.64,28.32,29.9,29.02,33.13,27.96,32.27,37.29,37.64,32.62,27.72,21.35,22.79,23.79,24.51
COBAR-MO,48027,-31.49,145.83,r1i1p1,rcp26,CESM1-CAM5,2060-2079,35.62,26.99,39.78,45.97,29.66,29.9,41.31,26.8,29.81,32.97,38.41,47.97,50.18,48.02,39.72,31.24,30.75,26.98,24.59
COFFS-HARBOUR-MO,59040,-30.31,153.12,r1i1p1,rcp26,CESM1-CAM5,2060-2079,62.6,67.66,66.98,55.29,60.49,67.21,58.02,67.41,68.3,69.09,67.06,64.8,58.11,54.82,52.96,57.09,60.36,64.01,67.25
DARWIN-AIRPORT,14015,-12.42,130.89,r1i1p1,rcp26,CESM1-CAM5,2060-2079,53.2,70.02,53.32,37.1,52.45,64.18,42.31,70.68,73.08,66.2,51.47,42.29,35.34,36.87,39.1,46.61,53.64,57.09,66.05
DUBBO-AIRPORT-AWS,65070,-32.22,148.58,r1i1p1,rcp26,CESM1-CAM5,2060-2079,45.1,35.78,46.68,56.58,41,38.1,52.17,36.09,38.5,39.81,44.51,55.71,58.94,58.65,52.11,46.21,40.54,35.89,33.1
EAST-SALE-AIRPORT,85072,-38.12,147.13,r1i1p1,rcp26,CESM1-CAM5,2060-2079,55.96,49.76,57.12,61.24,55.66,52.09,59.8,48.97,49.85,53.82,55.39,62.14,64.28,62.71,56.73,56.93,55.98,54.06,50.66
ESPERANCE,9789,-33.83,121.89,r1i1p1,rcp26,CESM1-CAM5,2060-2079,56.76,56.35,56.11,58.06,56.63,56.14,57.42,54.74,56.85,54.4,56.67,57.25,58.48,58.91,56.79,57.97,55.14,56.79,57.1
GERALDTON-AIRPORT-COMPARISON,8051,-28.8,114.7,r1i1p1,rcp26,CESM1-CAM5,2060-2079,48.31,43.98,45,55.23,49.14,44.03,52.67,43.56,42.09,41.86,44.56,48.57,51.58,56.75,57.35,54.14,47.61,45.67,46.03
HOBART-ELLERSLIE-ROAD,94029,-42.89,147.33,r1i1p1,rcp26,CESM1-CAM5,2060-2079,55.38,51.35,56.97,60.23,53.09,52.75,58.07,52.08,50.27,53.65,56.16,61.09,63.51,61.27,55.93,53.98,52.67,52.63,51.35
KALGOORLIE-BOULDER-AIRPORT,12038,-30.78,121.45,r1i1p1,rcp26,CESM1-CAM5,2060-2079,30.91,23.75,35.54,40.55,23.89,25.9,35.82,20.58,27.52,26.81,35.24,43.46,43.04,42.12,36.48,27.87,21.98,21.83,22.58
LAUNCESTON-AIRPORT-COMPARISON,91104,-41.54,147.2,r1i1p1,rcp26,CESM1-CAM5,2060-2079,55.96,44.82,55.41,68.78,54.96,47.72,64.26,44.84,43.98,46.15,54.65,65.42,71.41,70.74,64.18,58.61,55.23,51.03,45.24
LAVERTON-RAAF,87031,-37.86,144.76,r1i1p1,rcp26,CESM1-CAM5,2060-2079,54.77,47.39,55.18,62.57,53.9,49.54,59.93,47.69,46.9,50.89,53.18,61.47,65.12,63.18,59.41,56.4,53.99,51.31,47.75
MACKAY-M.O,33119,-21.12,149.22,r1i1p1,rcp26,CESM1-CAM5,2060-2079,70.63,71.9,75,70.5,65.13,71.56,69.7,72.57,73.55,72.84,75.79,76.36,71.83,68.55,71.12,64.63,65.72,65.05,69.51
MEEKATHARRA-AIRPORT,7045,-26.61,118.54,r1i1p1,rcp26,CESM1-CAM5,2060-2079,23.17,17.96,26.03,32.82,15.7,19.12,27.12,15.85,21.79,19.45,27.26,31.37,35.83,35.07,27.55,18.35,14.56,14.19,16.36
MELBOURNE-AIRPORT,86282,-37.68,144.84,r1i1p1,rcp26,CESM1-CAM5,2060-2079,51.71,42.35,52.16,61.53,50.68,45.05,58.25,42.4,41.96,46.6,49.98,59.9,64.42,62.93,57.24,54.01,50.99,47.05,43.03
MILDURA-AIRPORT,76031,-34.23,142.08,r1i1p1,rcp26,CESM1-CAM5,2060-2079,36.13,25.06,37.89,50.06,31.5,27.84,44.43,24.54,26.89,30.99,34.55,48.13,54.19,52.07,43.92,37.13,31.15,26.23,23.77
MOREE-AERO,53115,-29.49,149.85,r1i1p1,rcp26,CESM1-CAM5,2060-2079,37.78,35.62,39.74,43.88,31.62,35.42,40.05,36.61,38.77,36.18,38.44,44.62,46.78,45.44,39.43,32.99,31.08,30.79,32.25
MOUNT-GAMBIER-AERO,26021,-37.75,140.77,r1i1p1,rcp26,CESM1-CAM5,2060-2079,56.87,44.21,55.98,70.23,57.2,47.5,66.34,42.98,41.73,47.63,53.19,67.12,73.91,71.1,65.68,61.68,58.54,51.38,47.54
MOUNT-ISA-AERO,29127,-20.68,139.49,r1i1p1,rcp26,CESM1-CAM5,2060-2079,25.76,32.79,29.07,23.06,18.06,29.25,22.23,31.92,37.44,29.24,27.79,30.19,27.13,23.07,18.99,15.38,18.65,20.15,29.22
NOWRA-RAN-AIR-STATION-AWS,68072,-34.95,150.54,r1i1p1,rcp26,CESM1-CAM5,2060-2079,58.03,61.48,61.4,54.14,54.78,61.03,55.01,61.26,64.46,61.94,60.8,61.45,57.23,55.25,49.95,51.12,54.9,58.57,59.12
PERTH-AIRPORT,9021,-31.93,115.98,r1i1p1,rcp26,CESM1-CAM5,2060-2079,44.55,33.88,42.55,56.05,45.88,36.7,52.53,32.38,33.2,35.16,42.93,49.55,56.85,57.01,54.31,51.57,45.92,40.16,35.62
PORT-HEDLAND-AIRPORT,4032,-20.37,118.63,r1i1p1,rcp26,CESM1-CAM5,2060-2079,37.67,50.35,36.46,29.81,34.22,43.93,31.52,51.72,52.49,40.84,34.05,34.48,31.55,28.85,29.02,30.01,35.21,37.43,46.44
RICHMOND-RAAF,67105,-33.6,150.78,r1i1p1,rcp26,CESM1-CAM5,2060-2079,48.54,49.76,54.23,48.06,41.98,50.15,46.94,48.52,53.94,53.3,52.63,56.76,52.86,49.29,42.02,39.78,40.91,45.24,47.19
ROCKHAMPTON-AERO,39083,-23.38,150.48,r1i1p1,rcp26,CESM1-CAM5,2060-2079,46.76,52.38,50.93,42.2,41.61,50.84,42.73,52.04,54.81,51.5,51.56,49.71,45.41,40.56,40.64,37.48,42.6,44.75,50.1
SYDNEY-AIRPORT-AMO,66037,-33.94,151.17,r1i1p1,rcp26,CESM1-CAM5,2060-2079,57.16,60.53,62.14,53.13,52.76,60.4,53.96,60.52,63.21,62.24,61.89,62.29,56.78,53.88,48.74,50.55,51.54,56.18,58.15
TENNANT-CREEK-AIRPORT,15135,-19.64,134.18,r1i1p1,rcp26,CESM1-CAM5,2060-2079,23.63,30.64,24.94,21.03,17.96,26.52,20.73,29.23,34.29,24.71,23.02,27.08,24.58,21.46,17.05,14.77,19.46,19.64,28.28
TOWNSVILLE-AERO,32040,-19.25,146.77,r1i1p1,rcp26,CESM1-CAM5,2060-2079,57.53,64.17,59.7,51.29,54.89,62.03,53,63.42,66.93,61.17,60.26,57.67,52.32,49.58,51.98,50.83,55.6,58.25,62.41
WAGGA-WAGGA-AMO,72150,-35.16,147.46,r1i1p1,rcp26,CESM1-CAM5,2060-2079,44.48,28.33,43.09,62.1,44.17,32.27,56.55,26.71,30.49,34.44,40.41,54.42,65.21,64.24,56.87,53.34,45.22,33.96,28.4
WILLIAMTOWN-RAAF,61078,-32.79,151.84,r1i1p1,rcp26,CESM1-CAM5,2060-2079,57.13,58.88,62.48,55.09,52.07,59.25,55.09,58.32,61.71,62.37,61.25,63.81,59.44,56.04,49.78,49.9,51.57,54.73,56.67
WOOMERA-AERODROME,16001,-31.16,136.81,r1i1p1,rcp26,CESM1-CAM5,2060-2079,28.11,20.41,30.03,39.09,22.85,22.26,33.97,19.31,21.56,23.73,28.64,37.72,42.9,39.53,34.83,25.52,23.33,19.7,20.49
ADELAIDE-KENT-TOWN,23090,-34.92,138.62,r1i1p1,rcp26,CESM1-CAM5,2080-2099,47.72,37.6,48.05,59.13,46.22,40.32,55.21,36.05,37.39,41.78,46.61,55.77,61.6,60.62,55.18,51.81,46.26,40.59,38.95
ALBANY-AIRPORT-COMPARISON,9741,-34.94,117.8,r1i1p1,rcp26,CESM1-CAM5,2080-2099,62,56.01,61.03,66.91,64.08,58.21,65.88,55.02,55.77,58.84,60.18,64.07,68.5,66.83,65.39,65.75,64.76,61.73,57.19
ALICE-SPRINGS-AIRPORT,15590,-23.8,133.89,r1i1p1,rcp26,CESM1-CAM5,2080-2099,24.77,23,26.8,30.67,18.35,22.28,27.15,19.18,24.52,20.21,26.36,33.83,34.94,31.92,25.16,17.7,19.36,17.99,26.07
AMBERLEY-AMO,40004,-27.63,152.71,r1i1p1,rcp26,CESM1-CAM5,2080-2099,44.66,49.4,49.65,40.76,38.92,48.48,40.91,48.09,52.56,50.11,49.64,49.22,45.55,40.01,36.71,34.45,39.52,42.78,47.25
BRISBANE-AERO,40842,-27.39,153.13,r1i1p1,rcp26,CESM1-CAM5,2080-2099,56.86,60.95,59.88,51.4,55.1,60.26,53.34,60.49,62.08,60.32,61.22,58.08,54.25,50.5,49.43,51.16,56.62,57.51,60.6
BROOME-AIRPORT,3003,-17.95,122.23,r1i1p1,rcp26,CESM1-CAM5,2080-2099,49.03,66.01,45.88,31.95,52.19,59.56,38.47,65.46,67.53,59.61,42.77,35.27,31.41,30.57,33.89,45.29,54.42,56.87,65.24
CAIRNS-AERO,31011,-16.87,145.75,r1i1p1,rcp26,CESM1-CAM5,2080-2099,62.76,67.39,66.08,59.47,58.22,66.15,59.5,66.35,70.65,65.94,66.99,65.3,63.01,58.07,57.33,55.34,57.92,61.38,64.83
CANBERRA-AIRPORT-COMPARISON,70014,-35.3,149.2,r1i1p1,rcp26,CESM1-CAM5,2080-2099,46.15,37.27,46.25,56.07,45.24,39.91,52.48,35.96,39.26,41.03,44.83,52.91,60.24,57.35,50.61,48.69,45.06,41.96,35.84
CARNARVON-AIRPORT,6011,-24.89,113.67,r1i1p1,rcp26,CESM1-CAM5,2080-2099,52.77,56.39,54.01,48.94,51.68,55.52,50.01,56.63,56.73,55.6,54.96,51.46,48.2,50.1,48.51,50.38,51.42,53.23,56.02
CEDUNA-AMO,18012,-32.13,133.7,r1i1p1,rcp26,CESM1-CAM5,2080-2099,45.82,44.49,45.45,49.62,43.83,44.1,47.62,43.02,45.51,44.19,45.06,47.11,50.29,50.09,48.47,46.73,43.05,41.72,44.55
CHARLEVILLE-AERO,44021,-26.42,146.25,r1i1p1,rcp26,CESM1-CAM5,2080-2099,29.58,28.82,32.83,34.18,22.63,28.36,31,27.32,33.98,26.93,33.75,37.82,38.96,34.49,29.08,23.14,22.53,22.21,24.77
COBAR-MO,48027,-31.49,145.83,r1i1p1,rcp26,CESM1-CAM5,2080-2099,34.51,26.18,38.57,45.09,28.45,28.97,40.32,24.35,30.22,32.02,37.13,46.56,49.55,46.79,38.94,32.16,27.94,25.25,23.2
COFFS-HARBOUR-MO,59040,-30.31,153.12,r1i1p1,rcp26,CESM1-CAM5,2080-2099,62.28,67.23,66.04,55.53,60.41,66.81,57.79,67.24,68.01,68.25,66.84,63.02,58.71,54.45,53.42,56.45,60.7,64.07,66.16
DARWIN-AIRPORT,14015,-12.42,130.89,r1i1p1,rcp26,CESM1-CAM5,2080-2099,53.88,70.24,54.12,37.95,53.09,64.51,43.21,70.93,73.52,65.82,52.23,44.31,36.89,37.36,39.59,48.21,52.91,58.15,66.59
DUBBO-AIRPORT-AWS,65070,-32.22,148.58,r1i1p1,rcp26,CESM1-CAM5,2080-2099,43.91,34.1,45.05,56.03,40.55,36.56,51.5,33.32,36.83,38.17,43.18,53.8,57.83,58.43,51.81,47.36,38.85,34.99,31.63
EAST-SALE-AIRPORT,85072,-38.12,147.13,r1i1p1,rcp26,CESM1-CAM5,2080-2099,55.28,48.99,56.61,61.04,54.78,51.47,59.39,47.76,49.71,53.38,54.87,61.58,64.16,62.41,56.55,57.11,54.51,52.72,48.61
ESPERANCE,9789,-33.83,121.89,r1i1p1,rcp26,CESM1-CAM5,2080-2099,56.4,55.44,56.48,57.45,56.22,55.74,57.07,54.91,55.85,56.29,55.67,57.49,58.84,57.7,55.79,57.6,54.97,56.08,55.63
GERALDTON-AIRPORT-COMPARISON,8051,-28.8,114.7,r1i1p1,rcp26,CESM1-CAM5,2080-2099,48.36,44.02,45.64,54.61,49.08,44.33,52.4,44.08,41.11,43.83,44.42,48.68,51.71,55.81,56.3,53.46,48.43,45.35,47.14
HOBART-ELLERSLIE-ROAD,94029,-42.89,147.33,r1i1p1,rcp26,CESM1-CAM5,2080-2099,55.32,51.43,56.78,60.34,53.07,52.86,57.98,52.02,50.72,53.55,56.43,60.35,63.55,60.96,56.51,53.74,52.76,52.72,50.51
KALGOORLIE-BOULDER-AIRPORT,12038,-30.78,121.45,r1i1p1,rcp26,CESM1-CAM5,2080-2099,30.55,22.88,35.64,39.36,24.43,25.8,35.28,20.41,25.62,28.52,34.9,42.53,43.21,39.73,35.14,29.11,21.97,22.22,22.01
LAUNCESTON-AIRPORT-COMPARISON,91104,-41.54,147.2,r1i1p1,rcp26,CESM1-CAM5,2080-2099,56.01,44.82,55.17,68.94,55.3,47.79,64.29,45.04,44.27,45.57,55.38,64.56,71.34,70.64,64.85,58.83,55.52,51.55,44.61
LAVERTON-RAAF,87031,-37.86,144.76,r1i1p1,rcp26,CESM1-CAM5,2080-2099,54.94,47.56,55.84,62.69,53.93,49.99,60.1,47.01,48,51.7,53.97,61.86,65.31,63.29,59.48,57.32,53.33,51.14,46.89
MACKAY-M.O,33119,-21.12,149.22,r1i1p1,rcp26,CESM1-CAM5,2080-2099,69.85,70.4,73.61,71.4,64.19,70.4,69.53,68.59,75.72,70.16,75.49,75.16,72.79,70.11,71.31,62.67,65.13,64.77,66.25
MEEKATHARRA-AIRPORT,7045,-26.61,118.54,r1i1p1,rcp26,CESM1-CAM5,2080-2099,23.93,18.03,27.75,33.04,16.65,20.22,27.57,16.13,21.63,23.02,28.91,31.33,37.33,34.08,27.73,19.03,15.94,14.98,16.59
MELBOURNE-AIRPORT,86282,-37.68,144.84,r1i1p1,rcp26,CESM1-CAM5,2080-2099,51.77,42.62,52.69,61.55,50.51,45.54,58.26,41.5,43.47,47.36,50.66,60.03,64.28,63.01,57.37,54.83,50.03,46.68,41.98
MILDURA-AIRPORT,76031,-34.23,142.08,r1i1p1,rcp26,CESM1-CAM5,2080-2099,36.05,24.87,38.05,49.73,31.65,27.81,44.4,23.51,27.83,31.18,34.92,48.06,53.74,51.93,43.52,38.38,30.74,25.84,22.9
MOREE-AERO,53115,-29.49,149.85,r1i1p1,rcp26,CESM1-CAM5,2080-2099,37.42,35.42,38.86,44.34,31.3,34.94,40.05,35.22,38.45,35.08,38.25,43.27,47.45,46.11,39.45,33.9,30.11,29.88,31.91
MOUNT-GAMBIER-AERO,26021,-37.75,140.77,r1i1p1,rcp26,CESM1-CAM5,2080-2099,57.37,44.62,56.56,70.65,57.87,47.9,67.03,43.42,43.15,47.9,54.19,67.6,73.5,72.22,66.23,62.5,60.16,50.94,46.6
MOUNT-ISA-AERO,29127,-20.68,139.49,r1i1p1,rcp26,CESM1-CAM5,2080-2099,26.33,33.33,29.39,24.22,18.35,29.7,22.94,32.51,37.73,28.49,28.84,30.83,29.05,23.86,19.75,16.28,17.87,20.88,29.92
NOWRA-RAN-AIR-STATION-AWS,68072,-34.95,150.54,r1i1p1,rcp26,CESM1-CAM5,2080-2099,57.25,61.04,60.41,53.82,53.69,60.43,54.18,60.66,64,61.32,59.77,60.14,57.21,54.52,49.74,49.92,53.32,58.01,57.98
PERTH-AIRPORT,9021,-31.93,115.98,r1i1p1,rcp26,CESM1-CAM5,2080-2099,44.87,33.65,43.62,56.03,46.13,36.88,52.88,32.51,31.61,37.94,42.66,50.27,56.99,56.83,54.27,51.99,46.95,39.45,37.03
PORT-HEDLAND-AIRPORT,4032,-20.37,118.63,r1i1p1,rcp26,CESM1-CAM5,2080-2099,38.06,49.97,37.1,30.05,34.94,44.11,31.97,51.83,51.92,42.14,34.49,34.66,32.28,29.33,28.53,31.39,35.62,37.79,46.68
RICHMOND-RAAF,67105,-33.6,150.78,r1i1p1,rcp26,CESM1-CAM5,2080-2099,47.64,49.21,53.16,47.45,40.96,49.51,45.9,48.08,53.09,52.71,51.79,54.96,52.44,48.48,41.44,38.91,39.16,44.8,45.87
ROCKHAMPTON-AERO,39083,-23.38,150.48,r1i1p1,rcp26,CESM1-CAM5,2080-2099,46.42,51.94,50.26,42.94,40.71,50.34,42.68,50.3,55.81,49.6,52.22,48.95,46.69,41.15,40.98,36.17,42.11,43.86,49.15
SYDNEY-AIRPORT-AMO,66037,-33.94,151.17,r1i1p1,rcp26,CESM1-CAM5,2080-2099,56.39,59.9,61.25,52.83,51.75,59.7,53.2,59.86,62.41,61.52,61.14,61.1,56.68,53.29,48.53,49.49,50.09,55.67,56.85
TENNANT-CREEK-AIRPORT,15135,-19.64,134.18,r1i1p1,rcp26,CESM1-CAM5,2080-2099,23.72,30.12,24.74,21.62,18.27,26.25,21.1,29,33.21,24.28,23.4,26.54,24.99,22.18,17.7,15.94,19.25,19.62,28.49
TOWNSVILLE-AERO,32040,-19.25,146.77,r1i1p1,rcp26,CESM1-CAM5,2080-2099,57.86,64.19,59.61,52.91,54.85,61.99,53.84,62.71,68,60.6,60.58,57.66,54,51.25,53.46,51.63,55.05,57.87,61.51
WAGGA-WAGGA-AMO,72150,-35.16,147.46,r1i1p1,rcp26,CESM1-CAM5,2080-2099,43.91,27.81,42.37,61.74,44.02,31.85,56.15,25.15,30.63,33.93,39.86,53.32,64.2,63.93,57.11,54.02,44.3,33.73,26.77
WILLIAMTOWN-RAAF,61078,-32.79,151.84,r1i1p1,rcp26,CESM1-CAM5,2080-2099,56.43,58.2,61.56,54.76,51.39,58.59,54.38,58.02,60.83,61.56,60.87,62.26,58.94,55.74,49.59,49.17,50.59,54.4,55.15
WOOMERA-AERODROME,16001,-31.16,136.81,r1i1p1,rcp26,CESM1-CAM5,2080-2099,27.91,20.63,29.33,38.69,23.05,22.19,33.7,18.48,21.97,23.03,27.61,37.36,42.76,39.2,34.12,26.9,21.87,20.37,21.2
ADELAIDE-KENT-TOWN,23090,-34.92,138.62,r1i1p1,rcp26,CNRM-CM5,2020-2039,47.39,38.27,47.1,58.07,46.07,40.59,54.17,37.93,37.72,41.12,45.85,54.32,61.64,58.44,54.14,50.85,45.63,41.74,39.34
ALBANY-AIRPORT-COMPARISON,9741,-34.94,117.8,r1i1p1,rcp26,CNRM-CM5,2020-2039,61.52,56.41,60.1,66.23,63.4,58.01,65.11,55.94,55.65,57.84,58.65,63.83,66.97,66.64,65.09,65.24,62.88,62.08,57.47
ALICE-SPRINGS-AIRPORT,15590,-23.8,133.89,r1i1p1,rcp26,CNRM-CM5,2020-2039,24.23,24.92,25.19,28.13,18.77,23.05,25.45,20.61,29.4,21.36,23.48,30.74,35.37,27.35,21.66,16.85,20.73,18.75,24.47
AMBERLEY-AMO,40004,-27.63,152.71,r1i1p1,rcp26,CNRM-CM5,2020-2039,44.77,50.06,49.94,40.11,38.98,48.73,40.83,48.45,53.06,51.04,48.26,50.53,44.18,39.15,37,34.21,39.94,42.8,48.58
BRISBANE-AERO,40842,-27.39,153.13,r1i1p1,rcp26,CNRM-CM5,2020-2039,56.44,61.24,59.5,50.33,54.66,59.91,52.91,60.84,61.94,60.82,58.53,59.16,52.37,49.15,49.47,51.22,56.1,56.66,61.03
BROOME-AIRPORT,3003,-17.95,122.23,r1i1p1,rcp26,CNRM-CM5,2020-2039,50.21,68.79,45.28,30.91,55.88,61.03,39.43,69.35,69.47,58.62,41.92,35.29,32.33,28.76,31.63,46.71,61.84,59.08,67.55
CAIRNS-AERO,31011,-16.87,145.75,r1i1p1,rcp26,CNRM-CM5,2020-2039,63.09,68.37,66.09,58.46,59.41,66.87,59.33,66.43,72.44,67,66.56,64.72,61.37,57.51,56.5,56.27,59.62,62.35,66.36
CANBERRA-AIRPORT-COMPARISON,70014,-35.3,149.2,r1i1p1,rcp26,CNRM-CM5,2020-2039,46.6,38.09,46.39,56.53,45.25,40.13,53.01,37.2,39.33,40.06,45.43,53.7,60.26,57.81,51.52,48.84,45.89,41,38.16
CARNARVON-AIRPORT,6011,-24.89,113.67,r1i1p1,rcp26,CNRM-CM5,2020-2039,53.45,58.06,53.78,50.1,51.87,56.1,50.82,58.63,57.02,55.05,54.65,51.64,49.9,50.61,49.8,49.84,53.1,52.67,58.44
CEDUNA-AMO,18012,-32.13,133.7,r1i1p1,rcp26,CNRM-CM5,2020-2039,46.14,45.31,45.04,49.94,44.28,44.69,47.59,44.21,47.84,44.39,44.84,45.88,52.39,50.44,46.99,46.61,43.21,43,43.85
CHARLEVILLE-AERO,44021,-26.42,146.25,r1i1p1,rcp26,CNRM-CM5,2020-2039,28.27,29.21,30.05,31.16,22.49,27.77,28.63,26.04,35.89,26.74,28.91,34.5,36.49,31.53,25.48,21,22.81,23.66,26.2
COBAR-MO,48027,-31.49,145.83,r1i1p1,rcp26,CNRM-CM5,2020-2039,34.12,25.99,35.9,44.82,29.69,28.15,40.06,24.53,29.46,28.83,34.91,43.96,49.33,46.61,38.51,31.76,30.17,27.13,24.18
COFFS-HARBOUR-MO,59040,-30.31,153.12,r1i1p1,rcp26,CNRM-CM5,2020-2039,62.37,67.81,66.18,55.29,60.21,66.76,58,66.84,69.48,68,65.52,65.01,57.94,54.27,53.66,56.26,60.87,63.5,67.1
DARWIN-AIRPORT,14015,-12.42,130.89,r1i1p1,rcp26,CNRM-CM5,2020-2039,53.3,69.73,53.91,36.51,53.14,64.41,42.28,69.69,73.4,65.69,52.25,43.78,35.68,36.42,37.43,47.72,52.63,59.05,65.84
DUBBO-AIRPORT-AWS,65070,-32.22,148.58,r1i1p1,rcp26,CNRM-CM5,2020-2039,43.12,34.35,42.84,55.06,39.94,35.9,50.4,33.4,36.64,36.41,40.58,51.52,57.53,57.09,50.47,45.55,39.43,34.5,33.23
EAST-SALE-AIRPORT,85072,-38.12,147.13,r1i1p1,rcp26,CNRM-CM5,2020-2039,56.49,51.34,56.8,61.67,56.09,52.75,60.2,50.35,50.23,52.55,55.42,62.44,64.46,63,57.54,57.72,56.03,54.51,53.64
ESPERANCE,9789,-33.83,121.89,r1i1p1,rcp26,CNRM-CM5,2020-2039,57.58,57.23,57.56,58.94,56.7,57.26,57.94,56.3,57.81,57.07,57.77,57.85,60.1,60.06,56.64,57.97,55.01,57.13,57.24
GERALDTON-AIRPORT-COMPARISON,8051,-28.8,114.7,r1i1p1,rcp26,CNRM-CM5,2020-2039,48.55,44.43,45.03,55.57,49.25,44.41,52.75,45.24,41.62,43.08,44.09,47.91,52.17,57.43,57.11,52.98,48.89,45.86,46.16
HOBART-ELLERSLIE-ROAD,94029,-42.89,147.33,r1i1p1,rcp26,CNRM-CM5,2020-2039,55.76,51.86,57.07,60.87,53.36,53.06,58.53,51.98,51.5,53.49,56.45,61.26,63.76,62.02,56.84,54.22,53.09,52.78,51.74
KALGOORLIE-BOULDER-AIRPORT,12038,-30.78,121.45,r1i1p1,rcp26,CNRM-CM5,2020-2039,32.94,26.28,37.34,42.52,25.7,28.45,37.34,23.22,30.92,31.03,36.36,43.67,46.53,44.36,36.66,28.96,23.84,24.3,24.09
LAUNCESTON-AIRPORT-COMPARISON,91104,-41.54,147.2,r1i1p1,rcp26,CNRM-CM5,2020-2039,56.25,45.22,55.3,69.19,55.43,47.9,64.68,44.76,45.04,45.76,54.43,65.71,71.09,71.27,65.21,59.1,55.72,51.47,45.45
LAVERTON-RAAF,87031,-37.86,144.76,r1i1p1,rcp26,CNRM-CM5,2020-2039,55.81,50.11,55.04,62.9,55.15,51.17,60.37,50.47,48.81,49.93,53.82,61.37,65.3,63.42,59.97,57.95,54.19,53.32,51.2
MACKAY-M.O,33119,-21.12,149.22,r1i1p1,rcp26,CNRM-CM5,2020-2039,68.93,70.01,72.29,68.56,64.88,69.66,68.22,68.02,73.54,70.73,72.91,73.24,69.18,67.32,69.19,65.43,64.93,64.29,68.43
MEEKATHARRA-AIRPORT,7045,-26.61,118.54,r1i1p1,rcp26,CNRM-CM5,2020-2039,26.05,21.68,28.8,35.39,18.14,22.58,29.42,19.68,26.37,23.98,29.38,33.06,39.94,37.51,28.72,19.97,17.29,17.16,19.11
MELBOURNE-AIRPORT,86282,-37.68,144.84,r1i1p1,rcp26,CNRM-CM5,2020-2039,52.73,45.02,51.98,61.87,51.92,46.66,58.68,45.17,43.73,45.7,50.52,59.71,64.68,63.18,57.76,55.62,51.1,49.04,46.54
MILDURA-AIRPORT,76031,-34.23,142.08,r1i1p1,rcp26,CNRM-CM5,2020-2039,36.75,27.14,37.29,50,32.56,29.06,44.45,27.05,28.07,28.98,35.85,47.04,54.49,51.76,43.75,38.88,30.81,27.98,26.34
MOREE-AERO,53115,-29.49,149.85,r1i1p1,rcp26,CNRM-CM5,2020-2039,36.6,35.01,37.26,42.67,31.19,34.17,38.93,33.69,38.66,33.92,35.42,42.44,45.56,44.75,37.69,31.9,31.24,30.43,33.46
MOUNT-GAMBIER-AERO,26021,-37.75,140.77,r1i1p1,rcp26,CNRM-CM5,2020-2039,57.21,45.82,55.51,69.41,58.22,48.37,66.14,44.99,43.76,46.69,53.4,66.44,72.55,70.24,65.44,62.82,59.32,52.53,48.3
MOUNT-ISA-AERO,29127,-20.68,139.49,r1i1p1,rcp26,CNRM-CM5,2020-2039,25.69,34,27.36,22.19,19.14,30.12,21.22,30.32,41.04,29.39,26.23,26.46,27.44,21.24,17.88,15.56,18.76,23.11,30.89
NOWRA-RAN-AIR-STATION-AWS,68072,-34.95,150.54,r1i1p1,rcp26,CNRM-CM5,2020-2039,57.38,61.32,60.2,53.97,53.7,60.18,54.55,61.63,63.63,60.76,59.36,60.48,56.4,54.99,50.51,50.34,54.39,56.64,59.09
PERTH-AIRPORT,9021,-31.93,115.98,r1i1p1,rcp26,CNRM-CM5,2020-2039,45.09,34.7,43.02,55.98,46.83,37.57,52.75,34.69,32.79,37.04,42.45,49.58,56.61,57.51,53.81,52.1,46.87,41.53,36.16
PORT-HEDLAND-AIRPORT,4032,-20.37,118.63,r1i1p1,rcp26,CNRM-CM5,2020-2039,39.64,54.27,37.64,30.55,36.23,46.94,32.44,55.9,55.83,42.78,35.43,34.72,34.57,29.26,27.83,30.61,37.68,40.39,50.65
RICHMOND-RAAF,67105,-33.6,150.78,r1i1p1,rcp26,CNRM-CM5,2020-2039,47.55,49.28,52.64,47.47,40.68,49.01,46.09,47.98,53.28,51.94,50.74,55.25,51.93,48.69,41.8,38.7,40.19,43.14,46.96
ROCKHAMPTON-AERO,39083,-23.38,150.48,r1i1p1,rcp26,CNRM-CM5,2020-2039,45.82,51.27,49.05,41.76,41.26,49.33,42.36,50.07,53.8,49.36,49.03,48.75,44.64,40.2,40.44,37.69,42.45,43.65,49.78
SYDNEY-AIRPORT-AMO,66037,-33.94,151.17,r1i1p1,rcp26,CNRM-CM5,2020-2039,56.04,59.8,60.36,52.51,51.41,59.06,53.06,59.95,62.11,60.59,59.72,60.76,55.62,53.3,48.6,49.13,50.94,54.15,57.63
TENNANT-CREEK-AIRPORT,15135,-19.64,134.18,r1i1p1,rcp26,CNRM-CM5,2020-2039,24.56,33.54,25.39,20.03,19.32,29.02,20.09,29.85,39.06,26.73,24.2,25.23,24.9,19.53,15.68,15.37,19.84,22.75,31.58
TOWNSVILLE-AERO,32040,-19.25,146.77,r1i1p1,rcp26,CNRM-CM5,2020-2039,57.55,64.42,58.8,50.99,55.92,61.96,53.1,62.14,68.9,61.12,59.09,56.18,51.35,49.72,51.89,52.73,56.74,58.29,62.45
WAGGA-WAGGA-AMO,72150,-35.16,147.46,r1i1p1,rcp26,CNRM-CM5,2020-2039,44.22,28.7,41.25,62.03,44.68,31.77,56.52,27.35,29.75,31.81,39.24,52.69,64.79,64.29,57.01,54.55,45.81,33.67,29.64
WILLIAMTOWN-RAAF,61078,-32.79,151.84,r1i1p1,rcp26,CNRM-CM5,2020-2039,55.87,57.84,60.61,54.48,50.51,57.71,54.09,56.57,61.23,60.6,59.1,62.14,58.49,55.47,49.48,48.3,50.66,52.56,55.78
WOOMERA-AERODROME,16001,-31.16,136.81,r1i1p1,rcp26,CNRM-CM5,2020-2039,28.66,22.03,29.52,39.25,23.81,23.26,34.09,20.87,24.38,23.43,29.18,35.95,45.62,39.21,32.91,27.14,23.68,20.61,20.97
ADELAIDE-KENT-TOWN,23090,-34.92,138.62,r1i1p1,rcp26,CNRM-CM5,2040-2059,47.32,37.92,47.17,58.21,45.91,40.24,54.37,36.54,37.85,40.95,45.75,54.81,60.88,59.24,54.52,50.54,46.23,40.94,39.56
ALBANY-AIRPORT-COMPARISON,9741,-34.94,117.8,r1i1p1,rcp26,CNRM-CM5,2040-2059,61.65,56.07,60.31,66.71,63.59,58.02,65.37,56.12,54.56,58.15,58.65,64.13,68.16,66.7,65.26,65.08,62.87,62.81,57.38
ALICE-SPRINGS-AIRPORT,15590,-23.8,133.89,r1i1p1,rcp26,CNRM-CM5,2040-2059,24.23,22.78,26.08,28.26,19.91,22.51,25.99,18.73,26.95,20.04,26.05,32.13,34.73,27.57,22.49,17.53,21.49,20.69,22.38
AMBERLEY-AMO,40004,-27.63,152.71,r1i1p1,rcp26,CNRM-CM5,2040-2059,44.44,49.09,50.14,39.76,38.79,48.17,40.73,46.88,53.1,50.88,48.37,51.17,44.44,38.82,36.01,33.93,40.02,42.43,47.19
BRISBANE-AERO,40842,-27.39,153.13,r1i1p1,rcp26,CNRM-CM5,2040-2059,56.08,60.41,59.77,49.78,54.31,59.45,52.64,59.17,62.3,60.78,58.6,59.92,52.55,48.69,48.1,50.45,56.13,56.36,59.85
BROOME-AIRPORT,3003,-17.95,122.23,r1i1p1,rcp26,CNRM-CM5,2040-2059,49.84,66.53,46.16,31.68,55,60.51,39.22,68.57,67.7,59.51,43.33,35.65,33.58,29.08,32.39,46.63,57.96,60.41,63.32
CAIRNS-AERO,31011,-16.87,145.75,r1i1p1,rcp26,CNRM-CM5,2040-2059,63.22,67.05,66.41,59.79,59.61,66.19,60.27,65.16,70.19,66.4,66.77,66.07,63.48,59.07,56.82,56.32,59.87,62.62,65.91
CANBERRA-AIRPORT-COMPARISON,70014,-35.3,149.2,r1i1p1,rcp26,CNRM-CM5,2040-2059,46.12,36.36,46.03,56.31,45.63,39.16,53.01,35.32,37.1,39.37,45.2,53.53,60.14,57.65,51.14,49.41,46.17,41.33,37.07
CARNARVON-AIRPORT,6011,-24.89,113.67,r1i1p1,rcp26,CNRM-CM5,2040-2059,53.3,57.22,54.32,49.93,51.74,56.25,50.37,58.46,56.63,55.61,55.73,51.62,50.12,50.63,49.04,50.42,50.38,54.42,56.48
CEDUNA-AMO,18012,-32.13,133.7,r1i1p1,rcp26,CNRM-CM5,2040-2059,45.96,45.06,44.99,49.94,43.85,44.24,47.67,43.2,47.7,43.66,44.48,46.82,51.75,50.84,47.22,45.44,43.94,42.16,44.25
CHARLEVILLE-AERO,44021,-26.42,146.25,r1i1p1,rcp26,CNRM-CM5,2040-2059,28.62,27.52,31.14,32.02,23.66,27.29,29.82,24.65,34.02,26.02,30.2,37.2,37.05,32.65,26.35,21.74,23.94,25.29,24.36
COBAR-MO,48027,-31.49,145.83,r1i1p1,rcp26,CNRM-CM5,2040-2059,34.23,24.48,36.56,44.71,31.11,27.98,40.46,23.09,27.38,29.04,35.59,45.06,49.09,46.45,38.6,32.56,31.03,29.73,23.18
COFFS-HARBOUR-MO,59040,-30.31,153.12,r1i1p1,rcp26,CNRM-CM5,2040-2059,62.11,67.43,66.21,54.79,60.01,66.44,57.8,66.69,69.67,67.82,65.31,65.5,57.41,54.08,52.88,56.41,60.52,63.1,65.93
DARWIN-AIRPORT,14015,-12.42,130.89,r1i1p1,rcp26,CNRM-CM5,2040-2059,53.68,69.94,54.58,37.29,53.01,64.78,42.67,70.06,73.32,66.1,53.4,44.22,36.99,36.46,38.41,47.07,52.89,59.08,66.19
DUBBO-AIRPORT-AWS,65070,-32.22,148.58,r1i1p1,rcp26,CNRM-CM5,2040-2059,42.97,32.17,42.94,55.21,41.24,35.02,51,31.14,34.53,35.81,40.87,52.14,57.67,57.11,50.77,47.07,40.4,35.87,31.07
EAST-SALE-AIRPORT,85072,-38.12,147.13,r1i1p1,rcp26,CNRM-CM5,2040-2059,56.26,50.91,56.71,61.4,55.95,52.45,60.03,49.31,50.03,52.19,55.82,62.12,64.31,62.73,57.16,57.93,55.94,53.97,53.57
ESPERANCE,9789,-33.83,121.89,r1i1p1,rcp26,CNRM-CM5,2040-2059,57.21,57.05,56.67,58.85,56.41,56.89,57.58,56.89,56.21,56.56,56.52,56.94,60.47,59.73,56.35,56.88,55.12,57.23,57.68
GERALDTON-AIRPORT-COMPARISON,8051,-28.8,114.7,r1i1p1,rcp26,CNRM-CM5,2040-2059,48.49,44.28,45.34,55.66,48.77,44.51,52.52,45.26,40.93,42.94,44.5,48.56,53.21,57.41,56.36,52.7,46.89,46.7,46.37
HOBART-ELLERSLIE-ROAD,94029,-42.89,147.33,r1i1p1,rcp26,CNRM-CM5,2040-2059,55.92,52.37,57.02,60.82,53.58,53.33,58.57,52.18,52.21,53.78,56.23,61.04,64.32,61.67,56.48,54.8,53.13,52.81,52.36
KALGOORLIE-BOULDER-AIRPORT,12038,-30.78,121.45,r1i1p1,rcp26,CNRM-CM5,2040-2059,32.07,25.14,36.04,42.15,25.03,27.47,36.58,23.17,27.75,29.1,35.96,42.07,46.22,43.86,36.38,27.83,23.15,24.11,24
LAUNCESTON-AIRPORT-COMPARISON,91104,-41.54,147.2,r1i1p1,rcp26,CNRM-CM5,2040-2059,56.33,45.69,55.25,69.07,55.43,48.09,64.64,44.81,45.78,45.93,54.25,65.58,71.6,70.8,64.81,59.59,55.48,51.21,46.08
LAVERTON-RAAF,87031,-37.86,144.76,r1i1p1,rcp26,CNRM-CM5,2040-2059,55.8,49.96,55.39,62.88,54.91,51.1,60.41,49.19,49.5,50.01,54.75,61.42,65.22,63.4,60.02,58.05,54.35,52.33,51.37
MACKAY-M.O,33119,-21.12,149.22,r1i1p1,rcp26,CNRM-CM5,2040-2059,69.01,68.36,72.83,69.51,65.37,68.98,69.06,65.53,72.24,70.5,73.26,74.73,70.82,68.71,68.99,64.96,66.14,65.02,67.26
MEEKATHARRA-AIRPORT,7045,-26.61,118.54,r1i1p1,rcp26,CNRM-CM5,2040-2059,25.12,19.91,27.6,35.04,17.78,21.37,28.78,18.74,24.07,22.14,28.97,31.68,39.93,36.68,28.52,19.8,16.05,17.49,16.97
MELBOURNE-AIRPORT,86282,-37.68,144.84,r1i1p1,rcp26,CNRM-CM5,2040-2059,52.74,44.88,52.3,61.9,51.76,46.61,58.76,43.96,44.41,45.72,51.45,59.74,64.58,63.21,57.93,55.7,51.4,48.19,46.67
MILDURA-AIRPORT,76031,-34.23,142.08,r1i1p1,rcp26,CNRM-CM5,2040-2059,36.74,26.77,37.75,49.63,32.81,29.1,44.4,24.99,28.26,30.04,36.06,47.13,53.1,51.87,43.93,38.54,31.81,28.09,27.08
MOREE-AERO,53115,-29.49,149.85,r1i1p1,rcp26,CNRM-CM5,2040-2059,36.82,33.71,38.41,43.17,31.75,33.78,39.77,32.45,38.02,34.16,36.81,44.25,46.34,45.11,38.07,32.92,31.96,30.37,31.39
MOUNT-GAMBIER-AERO,26021,-37.75,140.77,r1i1p1,rcp26,CNRM-CM5,2040-2059,57.18,45.77,55.77,69.31,58,48.34,66.11,44.13,44.17,46.85,53.87,66.6,72.23,70.45,65.26,62.73,59.37,51.9,48.6
MOUNT-ISA-AERO,29127,-20.68,139.49,r1i1p1,rcp26,CNRM-CM5,2040-2059,25.67,30.87,28.02,23.84,19.9,28.51,22.8,28.67,37.66,27.39,26.97,29.69,29.29,23.41,18.83,16.08,19.49,24.11,26.47
NOWRA-RAN-AIR-STATION-AWS,68072,-34.95,150.54,r1i1p1,rcp26,CNRM-CM5,2040-2059,56.7,59.43,59.75,53.5,53.8,58.97,54.41,59.52,61.36,59.81,59.04,60.4,56.12,54.76,49.62,51.01,54.34,56.32,57.79
PERTH-AIRPORT,9021,-31.93,115.98,r1i1p1,rcp26,CNRM-CM5,2040-2059,44.97,34.7,42.73,56.29,46.29,37.4,52.66,34.87,31.62,36.48,41.95,49.78,57.61,57.3,53.96,51.79,45.55,41.54,37.17
PORT-HEDLAND-AIRPORT,4032,-20.37,118.63,r1i1p1,rcp26,CNRM-CM5,2040-2059,39.49,53.07,37.93,30.93,36.19,46.6,32.49,56.29,53.58,42.75,36.86,34.18,34.73,29.72,28.33,31.2,36.8,40.58,48.92
RICHMOND-RAAF,67105,-33.6,150.78,r1i1p1,rcp26,CNRM-CM5,2040-2059,46.92,47.43,52.13,47.06,40.93,47.86,45.99,46.09,51.28,50.93,50.32,55.14,51.58,48.46,41.14,39.4,40.22,43.17,45.28
ROCKHAMPTON-AERO,39083,-23.38,150.48,r1i1p1,rcp26,CNRM-CM5,2040-2059,45.53,49.64,49.24,41.88,41.43,48.58,42.54,47.66,52.52,49.11,49.3,49.29,45.24,40.42,39.98,37.01,43.26,44.01,48.56
SYDNEY-AIRPORT-AMO,66037,-33.94,151.17,r1i1p1,rcp26,CNRM-CM5,2040-2059,55.38,58.05,59.9,52.02,51.46,57.89,52.9,58,60.35,59.68,59.31,60.69,55.24,53.07,47.76,49.87,50.76,53.74,56.08
TENNANT-CREEK-AIRPORT,15135,-19.64,134.18,r1i1p1,rcp26,CNRM-CM5,2040-2059,24.11,30.15,25.18,21.11,20.03,27.18,21.03,28.53,34.53,24.17,24.39,26.99,26.01,20.73,16.6,15.83,20,24.26,27.29
TOWNSVILLE-AERO,32040,-19.25,146.77,r1i1p1,rcp26,CNRM-CM5,2040-2059,57.51,62.51,58.92,52.5,56.01,60.85,54.13,59.93,66.47,60.19,58.98,57.61,53.49,51.56,52.47,52.56,57.09,58.39,61.35
WAGGA-WAGGA-AMO,72150,-35.16,147.46,r1i1p1,rcp26,CNRM-CM5,2040-2059,44.07,27.14,41.21,62.49,45.23,31.13,56.87,25.36,27.89,31.54,39.42,52.67,65.08,64.58,57.8,54.82,46.27,34.59,28.8
WILLIAMTOWN-RAAF,61078,-32.79,151.84,r1i1p1,rcp26,CNRM-CM5,2040-2059,55.19,56.33,60.13,53.79,50.49,56.65,53.8,55.1,60.03,59.77,58.62,62,57.73,55.06,48.59,49.01,50.39,52.05,53.93
WOOMERA-AERODROME,16001,-31.16,136.81,r1i1p1,rcp26,CNRM-CM5,2040-2059,28.79,21.81,29.66,39.26,24.39,23.27,34.34,19.41,24.06,23.15,29.42,36.4,44.69,39.8,33.3,26.86,24.97,21.33,22.11
ADELAIDE-KENT-TOWN,23090,-34.92,138.62,r1i1p1,rcp26,CNRM-CM5,2060-2079,47.44,38.14,47.22,58.3,46.03,40.34,54.51,36.69,37.15,40.15,46.49,55,60.58,58.87,55.45,51.48,45.7,40.92,40.77
ALBANY-AIRPORT-COMPARISON,9741,-34.94,117.8,r1i1p1,rcp26,CNRM-CM5,2060-2079,61.88,56.21,60.66,66.9,63.8,58.07,65.76,56.26,54.74,58.64,58.55,64.8,67.7,67.61,65.4,65.11,63.97,62.33,57.46
ALICE-SPRINGS-AIRPORT,15590,-23.8,133.89,r1i1p1,rcp26,CNRM-CM5,2060-2079,22.86,21.41,24.11,28.19,17.83,20.49,25.27,17.66,22.59,17.97,22.97,31.41,34.89,27.29,22.38,16.97,18.71,17.82,23.71
AMBERLEY-AMO,40004,-27.63,152.71,r1i1p1,rcp26,CNRM-CM5,2060-2079,44.14,49.5,49.18,39.4,38.53,48.23,40.09,47.95,51.99,50.39,47.64,49.51,43.56,39.2,35.45,33.1,39.73,42.76,48.45
BRISBANE-AERO,40842,-27.39,153.13,r1i1p1,rcp26,CNRM-CM5,2060-2079,55.68,60.64,58.49,49.43,54.15,59.33,51.97,60.1,60.67,60.05,57.51,57.91,51.53,49.27,47.48,49.41,56.25,56.8,61.24
BROOME-AIRPORT,3003,-17.95,122.23,r1i1p1,rcp26,CNRM-CM5,2060-2079,49.18,66.77,43.82,31.57,54.56,59.42,38.98,67.37,67.61,56.03,41.37,34.06,32.58,29.92,32.23,47.42,57.68,58.58,65.34
CAIRNS-AERO,31011,-16.87,145.75,r1i1p1,rcp26,CNRM-CM5,2060-2079,62.85,67.6,65.87,59.48,58.39,66.13,59.58,66,70.49,66.86,66.06,64.68,62.75,59.01,56.69,54.57,59.79,60.81,66.44
CANBERRA-AIRPORT-COMPARISON,70014,-35.3,149.2,r1i1p1,rcp26,CNRM-CM5,2060-2079,46.39,37.09,46.64,56.15,45.54,39.82,52.89,36.6,37.83,40.28,46,53.64,60.1,57.33,51.01,49.24,46,41.38,37.24
CARNARVON-AIRPORT,6011,-24.89,113.67,r1i1p1,rcp26,CNRM-CM5,2060-2079,52.62,55.81,53.4,49.81,51.49,54.66,50.62,57.29,53.49,53.73,54.61,51.88,49.73,51.17,48.55,50.67,51.7,52.08,56.56
CEDUNA-AMO,18012,-32.13,133.7,r1i1p1,rcp26,CNRM-CM5,2060-2079,45.84,45.25,44.57,49.61,43.95,44.21,47.47,43.47,47.27,42.23,44.97,46.52,50.87,49.76,48.2,46.65,42.84,42.35,44.99
CHARLEVILLE-AERO,44021,-26.42,146.25,r1i1p1,rcp26,CNRM-CM5,2060-2079,27.29,27.54,29.77,30.09,21.6,26.71,27.74,24.55,33.34,25.62,29.44,34.25,34.59,31.39,24.28,19.58,22.34,22.89,25.21
COBAR-MO,48027,-31.49,145.83,r1i1p1,rcp26,CNRM-CM5,2060-2079,33.56,25.2,35.79,43.92,29.27,27.65,39.46,24.39,27.29,28.52,34.91,43.94,48.21,45.81,37.75,30.94,30.09,26.79,24.13
COFFS-HARBOUR-MO,59040,-30.31,153.12,r1i1p1,rcp26,CNRM-CM5,2060-2079,62.23,68.18,65.76,54.94,60.03,66.87,57.6,68.14,69.18,67.98,65.07,64.23,57.47,54.73,52.61,56.01,60.55,63.54,67.21
DARWIN-AIRPORT,14015,-12.42,130.89,r1i1p1,rcp26,CNRM-CM5,2060-2079,53.18,69.93,52.96,37.47,52.47,64.04,42.41,69.79,73.03,64.93,51.1,42.86,36.05,37.9,38.44,47.07,52.16,58.18,66.71
DUBBO-AIRPORT-AWS,65070,-32.22,148.58,r1i1p1,rcp26,CNRM-CM5,2060-2079,42.76,33.95,43.06,54.08,39.65,35.9,49.69,34.03,35.61,36.9,41.37,50.91,56.46,56.25,49.43,45.15,39.07,34.37,32.45
EAST-SALE-AIRPORT,85072,-38.12,147.13,r1i1p1,rcp26,CNRM-CM5,2060-2079,56.2,50.88,56.38,61.36,56.11,52.31,60.06,49.45,49.77,51.98,55.27,61.88,64.29,62.56,57.24,58.2,56.17,53.96,53.61
ESPERANCE,9789,-33.83,121.89,r1i1p1,rcp26,CNRM-CM5,2060-2079,57.62,57.29,57.81,58.87,56.61,57.33,57.95,57.2,57.31,57.2,58.39,57.83,59.71,60.22,56.67,57.56,55.68,56.6,57.02
GERALDTON-AIRPORT-COMPARISON,8051,-28.8,114.7,r1i1p1,rcp26,CNRM-CM5,2060-2079,48.1,44.27,44.94,54.78,48.49,44.05,52.2,45.94,40.58,42.59,43.96,48.26,51.87,56.93,55.54,52.73,47.89,44.85,46.02
HOBART-ELLERSLIE-ROAD,94029,-42.89,147.33,r1i1p1,rcp26,CNRM-CM5,2060-2079,55.95,52.19,57.12,60.83,53.8,53.35,58.62,52.12,51.86,53.97,56.29,61.1,64.21,61.52,56.75,54.75,53.41,53.23,52.23
KALGOORLIE-BOULDER-AIRPORT,12038,-30.78,121.45,r1i1p1,rcp26,CNRM-CM5,2060-2079,32.13,24.95,36.95,41.95,24.75,27.48,36.69,22.98,28.21,30.13,37.07,42.66,45.64,43.61,36.6,28.89,22.75,22.62,23.15
LAUNCESTON-AIRPORT-COMPARISON,91104,-41.54,147.2,r1i1p1,rcp26,CNRM-CM5,2060-2079,56.37,45.64,55.28,69.02,55.69,48.12,64.7,44.98,45.36,46.19,53.92,65.71,71.45,70.61,65.02,59.48,55.95,51.64,46.19
LAVERTON-RAAF,87031,-37.86,144.76,r1i1p1,rcp26,CNRM-CM5,2060-2079,55.6,49.85,54.88,62.81,54.82,50.78,60.34,49.54,48.51,49.36,53.99,61.28,65.3,63.02,60.11,58.08,54.26,52.11,51.68
MACKAY-M.O,33119,-21.12,149.22,r1i1p1,rcp26,CNRM-CM5,2060-2079,68.18,68.95,71.45,68.59,63.74,68.71,67.65,66.4,71.42,69.77,72.38,72.19,68.76,68.71,68.29,62.33,65.63,63.27,68.98
MEEKATHARRA-AIRPORT,7045,-26.61,118.54,r1i1p1,rcp26,CNRM-CM5,2060-2079,24.31,19.06,26.58,34.46,16.98,20.1,28.43,17.93,22.26,20.99,27.18,31.58,38.64,36.31,28.44,20.09,15.56,15.3,17.09
MELBOURNE-AIRPORT,86282,-37.68,144.84,r1i1p1,rcp26,CNRM-CM5,2060-2079,52.51,44.72,51.8,61.78,51.6,46.23,58.66,44.2,43.32,45.02,50.73,59.63,64.63,62.77,57.95,55.76,51.22,47.83,47.02
MILDURA-AIRPORT,76031,-34.23,142.08,r1i1p1,rcp26,CNRM-CM5,2060-2079,36.41,26.29,37.26,49.65,32.43,28.36,44.47,24.94,26.05,27.71,36.35,47.71,53.12,51.15,44.67,39.07,31.07,27.14,27.9
MOREE-AERO,53115,-29.49,149.85,r1i1p1,rcp26,CNRM-CM5,2060-2079,36.19,34.58,37.61,41.83,30.48,34.11,38.18,34.15,37.94,34.67,36.56,41.6,44.38,44.5,36.59,31.25,30.73,29.47,32.43
MOUNT-GAMBIER-AERO,26021,-37.75,140.77,r1i1p1,rcp26,CNRM-CM5,2060-2079,57.37,45.93,55.7,69.62,58.37,48.43,66.4,44.21,43.99,46.85,53.36,66.88,72.51,70.73,65.62,62.98,59.7,52.43,49.19
MOUNT-ISA-AERO,29127,-20.68,139.49,r1i1p1,rcp26,CNRM-CM5,2060-2079,23.83,30.49,25.4,21.51,17.83,27.06,20.55,27.92,34.49,26.25,23.83,26.12,25.76,21.38,17.39,15.27,17.38,20.85,29.27
NOWRA-RAN-AIR-STATION-AWS,68072,-34.95,150.54,r1i1p1,rcp26,CNRM-CM5,2060-2079,57.19,60.78,60.3,53.39,53.97,60.09,54.27,62.03,62.42,60.84,59.96,60.1,56.1,54.52,49.56,50.78,54.38,57,58.27
PERTH-AIRPORT,9021,-31.93,115.98,r1i1p1,rcp26,CNRM-CM5,2060-2079,45.21,35.02,43.3,56.29,46.4,37.59,52.97,35.15,32.33,36.99,42.64,50.27,57.2,57.87,53.8,51.98,46.68,40.54,37.12
PORT-HEDLAND-AIRPORT,4032,-20.37,118.63,r1i1p1,rcp26,CNRM-CM5,2060-2079,38.73,51.92,36.67,30.87,35.6,45.23,32.33,54.18,51.8,40.87,35.25,33.88,34.51,29.85,28.23,31.61,35.92,39.26,49.37
RICHMOND-RAAF,67105,-33.6,150.78,r1i1p1,rcp26,CNRM-CM5,2060-2079,47.41,49.14,52.72,46.91,40.75,49.09,45.75,49.15,52.4,51.89,51.38,54.88,51.52,48.35,40.86,38.98,39.9,43.39,46.25
ROCKHAMPTON-AERO,39083,-23.38,150.48,r1i1p1,rcp26,CNRM-CM5,2060-2079,45.04,50.46,48.22,40.86,40.68,48.65,41.48,48.88,52.04,48.44,48.75,47.48,43.17,40.21,39.2,35.87,42.92,43.25,50.27
SYDNEY-AIRPORT-AMO,66037,-33.94,151.17,r1i1p1,rcp26,CNRM-CM5,2060-2079,55.86,59.81,60.36,51.81,51.38,59.16,52.6,61.27,61.48,60.47,60.31,60.28,55.14,52.82,47.47,49.31,50.57,54.24,56.97
TENNANT-CREEK-AIRPORT,15135,-19.64,134.18,r1i1p1,rcp26,CNRM-CM5,2060-2079,22.67,28.87,23.49,20.21,18.14,25.42,19.9,26.38,31.6,22.86,22.28,25.34,24.6,20.05,15.99,15.34,18.11,20.96,28.51
TOWNSVILLE-AERO,32040,-19.25,146.77,r1i1p1,rcp26,CNRM-CM5,2060-2079,56.83,63.28,58,51.75,54.22,60.71,52.92,61.24,66.35,59.94,58.27,55.8,52.19,51.34,51.71,50.08,56.37,56.2,62.49
WAGGA-WAGGA-AMO,72150,-35.16,147.46,r1i1p1,rcp26,CNRM-CM5,2060-2079,43.91,27.71,41.57,61.71,44.43,31.34,56.34,26.37,28.48,31.85,39.73,53.13,64.69,63.54,56.89,54.1,45.7,33.49,28.91
WILLIAMTOWN-RAAF,61078,-32.79,151.84,r1i1p1,rcp26,CNRM-CM5,2060-2079,55.77,58.28,60.58,53.76,50.42,58,53.61,58.59,61.01,60.54,59.56,61.63,57.87,55.2,48.23,48.48,50.24,52.55,55.3
WOOMERA-AERODROME,16001,-31.16,136.81,r1i1p1,rcp26,CNRM-CM5,2060-2079,28.16,21.28,28.88,38.75,23.68,22.39,33.95,19.39,21.87,21.12,28.76,36.75,43.51,38.76,33.98,27.81,22.86,20.37,22.74
ADELAIDE-KENT-TOWN,23090,-34.92,138.62,r1i1p1,rcp26,CNRM-CM5,2080-2099,47.5,38.53,47.15,58.71,45.75,40.43,54.66,37.21,37.67,40.91,45.76,54.77,61.67,59.68,54.77,51.72,45.36,40.16,40.26
ALBANY-AIRPORT-COMPARISON,9741,-34.94,117.8,r1i1p1,rcp26,CNRM-CM5,2080-2099,61.8,56.06,60.89,66.7,63.57,57.99,65.7,55.66,54.88,58.67,59.33,64.68,67.66,67.01,65.42,65.58,63.87,61.27,57.56
ALICE-SPRINGS-AIRPORT,15590,-23.8,133.89,r1i1p1,rcp26,CNRM-CM5,2080-2099,23.7,22.8,23.59,28.89,19.31,21.31,26,21.23,24.78,17.67,23.37,29.72,34.73,29.23,22.7,17.46,22.14,18.32,23.06
AMBERLEY-AMO,40004,-27.63,152.71,r1i1p1,rcp26,CNRM-CM5,2080-2099,44.42,49.13,48.87,40.08,39.68,48.23,40.68,47.44,52.45,49.73,48.19,48.67,45.02,39.05,36.18,33.97,41.21,43.87,47.22
BRISBANE-AERO,40842,-27.39,153.13,r1i1p1,rcp26,CNRM-CM5,2080-2099,56.64,60.75,58.88,50.71,56.12,59.93,53.24,59.89,62.21,59.98,59.17,57.49,53.86,49.46,48.82,51.09,58.73,58.53,60.46
BROOME-AIRPORT,3003,-17.95,122.23,r1i1p1,rcp26,CNRM-CM5,2080-2099,49.81,67.11,44.75,32.31,54.99,60.75,38.84,68.47,65.83,57.52,43.9,32.83,34.18,29.13,33.63,46.6,56.7,61.67,67.23
CAIRNS-AERO,31011,-16.87,145.75,r1i1p1,rcp26,CNRM-CM5,2080-2099,62.87,67.49,65.5,59.44,59.16,66.35,59.52,66.37,70.2,66.41,66.87,63.21,63.76,58.23,56.32,56.05,59.53,61.89,65.58
CANBERRA-AIRPORT-COMPARISON,70014,-35.3,149.2,r1i1p1,rcp26,CNRM-CM5,2080-2099,46.28,37.39,45.52,56.53,45.95,39.68,52.99,36.32,38.29,39.69,44.2,52.66,60.13,58.15,51.32,49.76,45.92,42.16,36.79
CARNARVON-AIRPORT,6011,-24.89,113.67,r1i1p1,rcp26,CNRM-CM5,2080-2099,53.19,56.23,54.05,50.86,51.54,55.48,50.88,57.42,54.24,56.05,55.11,50.98,50.21,51.78,50.59,50.81,50.92,52.88,57.24
CEDUNA-AMO,18012,-32.13,133.7,r1i1p1,rcp26,CNRM-CM5,2080-2099,45.93,45.42,44.84,49.89,43.68,44.2,47.74,45.06,46.56,42.46,45.23,46.84,51.26,50.99,47.42,47.07,42.84,41.14,44.25
CHARLEVILLE-AERO,44021,-26.42,146.25,r1i1p1,rcp26,CNRM-CM5,2080-2099,27.99,27.02,29.4,32.3,23.37,26.74,29.45,25.45,32.78,24.86,29.24,34.11,37.84,33,26.05,21.62,24.09,24.39,22.48
COBAR-MO,48027,-31.49,145.83,r1i1p1,rcp26,CNRM-CM5,2080-2099,33.46,24.61,35.22,44.56,29.72,27.44,39.77,24.34,27.06,28.14,34.01,43.5,49.29,47.09,37.3,31.73,29.73,27.69,21.69
COFFS-HARBOUR-MO,59040,-30.31,153.12,r1i1p1,rcp26,CNRM-CM5,2080-2099,62.13,66.95,65.23,55.29,61.12,66.27,58.03,66.15,67.99,67.26,64.97,63.46,58.36,54.35,53.17,56.7,62.15,64.52,66.42
DARWIN-AIRPORT,14015,-12.42,130.89,r1i1p1,rcp26,CNRM-CM5,2080-2099,53.54,69.78,53.34,37.77,53.15,64.24,42.81,70.36,72.05,64.58,52.32,43.12,37.09,37.59,38.65,47.86,52.54,59.04,67.28
DUBBO-AIRPORT-AWS,65070,-32.22,148.58,r1i1p1,rcp26,CNRM-CM5,2080-2099,42.56,32.57,41.96,54.95,40.9,34.94,50.43,32.08,34.14,35.52,39.46,50.88,57.04,57.47,50.26,46.13,39.97,36.22,30.92
EAST-SALE-AIRPORT,85072,-38.12,147.13,r1i1p1,rcp26,CNRM-CM5,2080-2099,56.05,51.05,56.11,61.77,55.59,52.32,60.09,49.31,49.93,51.93,54.62,61.78,64.72,63.38,57.22,58.24,55.18,53.36,52.95
ESPERANCE,9789,-33.83,121.89,r1i1p1,rcp26,CNRM-CM5,2080-2099,57.6,57.1,57.54,59.02,56.7,57.03,58.17,56.82,56.62,57.34,57.16,58.12,59.94,60.31,56.81,58.02,55.84,56.24,57.94
GERALDTON-AIRPORT-COMPARISON,8051,-28.8,114.7,r1i1p1,rcp26,CNRM-CM5,2080-2099,49,44.55,46.34,56.17,48.86,44.87,53.14,45.32,41.88,44.41,45.61,49.02,53.31,57.85,57.35,53.54,47.77,45.26,46.72
HOBART-ELLERSLIE-ROAD,94029,-42.89,147.33,r1i1p1,rcp26,CNRM-CM5,2080-2099,55.71,51.85,56.61,60.81,53.92,53.02,58.59,52.21,51.1,53.37,55.99,60.46,64.13,61.73,56.56,55.12,53.57,53.09,51.2
KALGOORLIE-BOULDER-AIRPORT,12038,-30.78,121.45,r1i1p1,rcp26,CNRM-CM5,2080-2099,32.71,25.39,37.35,42.81,25.41,27.85,37.55,23.6,28.75,29.98,37,44.04,46.36,44.63,37.44,29.87,22.95,23.4,23.26
LAUNCESTON-AIRPORT-COMPARISON,91104,-41.54,147.2,r1i1p1,rcp26,CNRM-CM5,2080-2099,56.28,45.19,54.93,69.12,56.09,47.87,64.76,45.01,44.51,45.18,54.68,64.92,71.39,71.07,64.91,60.27,56.03,51.98,45.47
LAVERTON-RAAF,87031,-37.86,144.76,r1i1p1,rcp26,CNRM-CM5,2080-2099,55.58,49.97,55.16,63.24,54.22,50.87,60.5,49.18,48.79,49.83,53.86,61.78,65.99,63.88,59.85,58.15,53.34,51.18,51.09
MACKAY-M.O,33119,-21.12,149.22,r1i1p1,rcp26,CNRM-CM5,2080-2099,68.5,69.51,71.31,68.88,64.5,69.57,67.66,67.53,72.64,70.61,73.43,69.9,71.28,67.52,67.85,64.03,65.36,64.11,67.69
MEEKATHARRA-AIRPORT,7045,-26.61,118.54,r1i1p1,rcp26,CNRM-CM5,2080-2099,25.02,19.25,27.13,35.96,17.54,20.69,29.3,17.68,23.41,21.34,28.44,31.61,40.64,38,29.24,20.43,15.85,16.33,16.88
MELBOURNE-AIRPORT,86282,-37.68,144.84,r1i1p1,rcp26,CNRM-CM5,2080-2099,52.41,45.01,51.99,62.2,50.78,46.4,58.71,43.7,44.12,45.5,50.53,59.96,65.08,63.73,57.79,55.63,50.08,46.63,46.22
MILDURA-AIRPORT,76031,-34.23,142.08,r1i1p1,rcp26,CNRM-CM5,2080-2099,36.59,26.65,37.21,50.45,32.18,28.51,44.79,25.79,27.54,28.47,35.55,47.61,54.63,52.93,43.81,39.46,30.33,26.75,26.19
MOREE-AERO,53115,-29.49,149.85,r1i1p1,rcp26,CNRM-CM5,2080-2099,36.29,33.32,37,42.93,32.11,33.5,39.21,32.66,36.71,33.6,35.58,41.83,46.37,45.05,37.38,32.34,32.3,31.69,29.94
MOUNT-GAMBIER-AERO,26021,-37.75,140.77,r1i1p1,rcp26,CNRM-CM5,2080-2099,57.32,46.04,55.73,69.91,57.85,48.34,66.5,44.55,43.9,46.76,53.47,66.95,73.16,71.02,65.53,63.07,59.24,51.25,48.93
MOUNT-ISA-AERO,29127,-20.68,139.49,r1i1p1,rcp26,CNRM-CM5,2080-2099,24.93,32.25,25.28,22.44,19.71,28.73,21.11,31.34,36.32,26.52,24.86,24.46,27.48,22,17.84,16.37,18.52,24.24,29.27
NOWRA-RAN-AIR-STATION-AWS,68072,-34.95,150.54,r1i1p1,rcp26,CNRM-CM5,2080-2099,56.83,60.16,59.35,53.72,54.09,59.53,54.25,60.22,61.75,60.32,58.28,59.44,56.6,54.74,49.82,50.73,53.94,57.81,58.01
PERTH-AIRPORT,9021,-31.93,115.98,r1i1p1,rcp26,CNRM-CM5,2080-2099,45.56,34.79,43.86,56.66,46.88,37.81,53.33,34.46,32.5,38.03,43.26,50.28,57.21,58.2,54.55,52.82,46.92,40.89,37.59
PORT-HEDLAND-AIRPORT,4032,-20.37,118.63,r1i1p1,rcp26,CNRM-CM5,2080-2099,39.14,51.95,37.22,31.05,36.16,45.94,32.31,55.22,50.18,42.03,36.6,33.03,35.35,29.24,28.56,31.62,36.06,40.81,51.02
RICHMOND-RAAF,67105,-33.6,150.78,r1i1p1,rcp26,CNRM-CM5,2080-2099,46.88,48.22,51.65,46.89,40.94,48.39,45.48,47.2,51.21,51.34,49.64,53.97,51.6,48.05,41.03,38.81,39.43,44.58,45.66
ROCKHAMPTON-AERO,39083,-23.38,150.48,r1i1p1,rcp26,CNRM-CM5,2080-2099,45.45,50.74,48.03,41.82,41.41,49.13,41.95,49.5,53.12,48.48,49.51,46.12,45.69,40.16,39.61,36.97,43.18,44.08,49.06
SYDNEY-AIRPORT-AMO,66037,-33.94,151.17,r1i1p1,rcp26,CNRM-CM5,2080-2099,55.52,58.72,59.65,52.12,51.78,58.45,52.71,58.87,60.32,60.1,58.83,60.01,55.69,52.91,47.78,49.53,50.36,55.46,56.42
TENNANT-CREEK-AIRPORT,15135,-19.64,134.18,r1i1p1,rcp26,CNRM-CM5,2080-2099,24.06,31.44,23.85,20.73,20.07,27.43,20.58,30.51,33.45,23.52,23.83,24.21,25.03,20.7,16.47,16.48,20.6,23.15,30.74
TOWNSVILLE-AERO,32040,-19.25,146.77,r1i1p1,rcp26,CNRM-CM5,2080-2099,57.09,63.13,57.79,51.98,55.57,61.16,53.13,61.14,66.37,60.24,59.07,54.07,53.94,50.57,51.42,52.12,56.65,57.94,61.54
WAGGA-WAGGA-AMO,72150,-35.16,147.46,r1i1p1,rcp26,CNRM-CM5,2080-2099,43.8,27.97,40.68,62.08,44.8,31.23,56.56,25.84,29.14,31.21,38.47,52.35,64.01,64.76,57.48,55.16,45.6,33.65,27.98
WILLIAMTOWN-RAAF,61078,-32.79,151.84,r1i1p1,rcp26,CNRM-CM5,2080-2099,55.39,56.83,59.94,53.9,51.07,57.16,53.72,56.1,59.34,60.04,58.41,61.38,58.03,54.98,48.68,48.84,50.44,53.94,54.46
WOOMERA-AERODROME,16001,-31.16,136.81,r1i1p1,rcp26,CNRM-CM5,2080-2099,28.33,21.79,28.76,39.12,23.7,22.64,34.08,21.55,22.8,21.3,28.85,36.13,44.76,39.7,32.91,28.26,22.73,20.11,20.8
ADELAIDE-KENT-TOWN,23090,-34.92,138.62,r1i1p1,rcp26,CanESM2,2020-2039,47.5,37.65,47.67,59.45,45.17,40.14,54.83,36.91,36.77,41.85,45.97,55.19,62.86,60.33,55.15,50.2,45.28,40.02,39.45
ALBANY-AIRPORT-COMPARISON,9741,-34.94,117.8,r1i1p1,rcp26,CanESM2,2020-2039,61.48,56.35,60.05,66.68,62.89,58.02,65.02,55.65,55.71,59.06,58.54,62.56,67.61,67.22,65.21,64.68,62.82,61.17,57.54
ALICE-SPRINGS-AIRPORT,15590,-23.8,133.89,r1i1p1,rcp26,CanESM2,2020-2039,23.18,22.11,25.55,28.36,16.76,21.36,25.03,19.13,26.21,21.58,23.48,31.61,34.52,28.95,21.6,16.01,17.47,16.81,20.74
AMBERLEY-AMO,40004,-27.63,152.71,r1i1p1,rcp26,CanESM2,2020-2039,44.94,50.14,50.75,40,38.89,49.37,40.54,48.08,54.4,52.71,49.6,49.95,44.45,40.06,35.48,33.33,39.95,43.39,47.85
BRISBANE-AERO,40842,-27.39,153.13,r1i1p1,rcp26,CanESM2,2020-2039,56.47,61.39,60.07,49.93,54.46,60.58,52.3,60.3,63.27,62.31,59.8,58.11,52.37,50.08,47.34,49.66,56.23,57.5,60.67
BROOME-AIRPORT,3003,-17.95,122.23,r1i1p1,rcp26,CanESM2,2020-2039,48.67,65.33,45.58,32.55,51.2,59,38.36,64.74,68.7,59.76,42.25,34.72,33.63,30.71,33.31,43.85,53.97,55.79,62.55
CAIRNS-AERO,31011,-16.87,145.75,r1i1p1,rcp26,CanESM2,2020-2039,62.93,68.16,66.57,58.85,58.12,66.65,59.24,66.19,72.88,68.59,65.93,65.2,62.25,58.16,56.15,55.13,58.55,60.68,65.53
CANBERRA-AIRPORT-COMPARISON,70014,-35.3,149.2,r1i1p1,rcp26,CanESM2,2020-2039,47.49,39.3,48.35,57.19,44.96,41.39,53.51,37.54,42.76,43.28,46.58,55.18,61.21,59,51.37,48.08,46.21,40.57,38.02
CARNARVON-AIRPORT,6011,-24.89,113.67,r1i1p1,rcp26,CanESM2,2020-2039,52.32,56.14,52.97,49.56,50.65,55,49.67,57.53,55.57,55.69,53.87,49.35,48.7,49.79,50.2,49.41,50.59,51.94,55.25
CEDUNA-AMO,18012,-32.13,133.7,r1i1p1,rcp26,CanESM2,2020-2039,46.14,45.09,45.62,50.36,43.49,44.45,47.83,44.01,45.66,44.64,44.84,47.38,52.05,50.61,48.42,45.05,43.46,41.97,45.59
CHARLEVILLE-AERO,44021,-26.42,146.25,r1i1p1,rcp26,CanESM2,2020-2039,28.86,29.54,32.31,32.21,21.21,28.79,28.8,26.54,38.36,29.78,31.85,35.3,37.92,33.39,25.32,20.38,20.49,22.76,24.19
COBAR-MO,48027,-31.49,145.83,r1i1p1,rcp26,CanESM2,2020-2039,35.05,27.58,38.63,45.69,28.23,29.64,40.44,25.17,33.79,33.4,35.94,46.55,50.53,47.86,38.67,31.04,27.97,25.69,23.99
COFFS-HARBOUR-MO,59040,-30.31,153.12,r1i1p1,rcp26,CanESM2,2020-2039,63.32,68.96,67.71,55.49,61.12,68.33,58.33,68.14,71.83,71.4,66.8,64.91,58.47,55.66,52.34,56.04,62.56,64.75,66.91
DARWIN-AIRPORT,14015,-12.42,130.89,r1i1p1,rcp26,CanESM2,2020-2039,52.97,69.81,53.3,37.43,51.44,63.97,42.06,70.09,73.54,66.64,50.8,42.47,36.8,36.52,38.96,46.07,51.53,56.73,65.53
DUBBO-AIRPORT-AWS,65070,-32.22,148.58,r1i1p1,rcp26,CanESM2,2020-2039,44.53,35.74,46.23,56.32,39.49,37.73,51.4,34.21,40.83,41.51,42.72,54.45,59.17,58.86,50.78,45.6,38.55,33.96,32.55
EAST-SALE-AIRPORT,85072,-38.12,147.13,r1i1p1,rcp26,CanESM2,2020-2039,57.02,52.37,58.32,62.16,55.17,53.59,60.41,51.28,53.4,55.55,56.16,63.25,65.82,63.71,56.95,57.21,55.55,52.76,52.61
ESPERANCE,9789,-33.83,121.89,r1i1p1,rcp26,CanESM2,2020-2039,57.45,57.24,57.31,59.14,56.23,57.25,57.7,56.9,57.34,58.36,57.04,56.54,59.75,60.4,57.26,57.24,55,56.46,57.13
GERALDTON-AIRPORT-COMPARISON,8051,-28.8,114.7,r1i1p1,rcp26,CanESM2,2020-2039,47.89,44.2,44.4,55.2,47.84,44,51.84,45.23,40.9,43.09,43.49,46.61,51.54,56.69,57.37,52.49,46.35,44.69,46.19
HOBART-ELLERSLIE-ROAD,94029,-42.89,147.33,r1i1p1,rcp26,CanESM2,2020-2039,55.44,51.89,56.52,60.29,53.17,52.97,57.97,52.13,51.06,53.17,56.03,60.35,63.07,61.57,56.22,54.17,52.46,52.89,52.12
KALGOORLIE-BOULDER-AIRPORT,12038,-30.78,121.45,r1i1p1,rcp26,CanESM2,2020-2039,32.27,25.09,37.04,42.72,24.32,27.65,36.81,22.42,29.04,31.59,36.5,42.15,46.28,44.25,37.65,28,22.53,22.44,23.24
LAUNCESTON-AIRPORT-COMPARISON,91104,-41.54,147.2,r1i1p1,rcp26,CanESM2,2020-2039,56.09,45.74,55.25,68.54,54.96,48.21,64.04,45.55,45.26,46.34,54.5,64.9,70.89,70.58,64.15,58.68,55.06,51.13,46.01
LAVERTON-RAAF,87031,-37.86,144.76,r1i1p1,rcp26,CanESM2,2020-2039,56.29,50.43,56.71,63.69,54.29,51.62,60.88,50.58,50.52,52.8,54.58,62.75,67.02,64.17,59.89,57.42,54.06,51.39,50.36
MACKAY-M.O,33119,-21.12,149.22,r1i1p1,rcp26,CanESM2,2020-2039,68.61,70.12,72.65,67.82,63.86,69.83,67.4,67.96,75.03,71.8,73.39,72.76,68.74,67.94,66.79,63.16,64.99,63.43,67.33
MEEKATHARRA-AIRPORT,7045,-26.61,118.54,r1i1p1,rcp26,CanESM2,2020-2039,24.69,19.51,27.85,34.77,16.44,20.93,28.34,17.23,24.96,23.45,28.94,31.17,39.06,36.07,29.17,19.08,15.51,14.73,16.4
MELBOURNE-AIRPORT,86282,-37.68,144.84,r1i1p1,rcp26,CanESM2,2020-2039,53.27,45.38,53.7,62.74,51.14,47.13,59.29,45.23,45.53,48.53,51.31,61.26,66.42,64,57.8,55.15,51.11,47.17,45.77
MILDURA-AIRPORT,76031,-34.23,142.08,r1i1p1,rcp26,CanESM2,2020-2039,37.11,27.18,38.63,51,31.61,29.19,45.05,25.57,29.54,31.49,35.57,48.84,55.72,52.91,44.38,37.88,30.55,26.41,26.46
MOREE-AERO,53115,-29.49,149.85,r1i1p1,rcp26,CanESM2,2020-2039,37.59,35.45,39.92,44.04,30.7,35.42,39.67,34.12,41.54,37.82,38.11,43.82,47.42,46.95,37.76,32.01,30.08,30.02,31.42
MOUNT-GAMBIER-AERO,26021,-37.75,140.77,r1i1p1,rcp26,CanESM2,2020-2039,57.29,45.45,56.08,70.35,57.43,48.31,66.37,44.45,42.91,47.73,53.89,66.61,74.31,71.43,65.32,61.8,58.74,51.74,48.58
MOUNT-ISA-AERO,29127,-20.68,139.49,r1i1p1,rcp26,CanESM2,2020-2039,25.04,33.02,27.44,22.32,17.32,29.13,20.92,31.07,40.77,30.46,24.88,26.97,26.98,22.87,17.1,15.02,16.56,20.38,27.44
NOWRA-RAN-AIR-STATION-AWS,68072,-34.95,150.54,r1i1p1,rcp26,CanESM2,2020-2039,58.19,62.66,61.86,54.1,53.77,61.61,54.73,62.58,67.18,63.69,60.76,61.15,56.98,55.57,49.74,49.55,55.26,56.84,58.62
PERTH-AIRPORT,9021,-31.93,115.98,r1i1p1,rcp26,CanESM2,2020-2039,45.05,35.25,42.7,56.39,46.02,37.73,52.51,35.04,33.01,37.58,42.13,48.4,56.86,57.7,54.63,52.02,45.44,40.6,37.24
PORT-HEDLAND-AIRPORT,4032,-20.37,118.63,r1i1p1,rcp26,CanESM2,2020-2039,37.88,50,36.94,31.19,33.5,44.09,31.76,51.55,52.4,42.9,34.84,33.09,34.46,30.1,29.03,29.4,34.49,36.6,45.68
RICHMOND-RAAF,67105,-33.6,150.78,r1i1p1,rcp26,CanESM2,2020-2039,49.06,51.13,55.03,48.22,41.72,51.1,47.02,49.53,57.19,55.78,52.66,56.65,53.05,49.99,41.62,38.97,41.85,44.35,47.05
ROCKHAMPTON-AERO,39083,-23.38,150.48,r1i1p1,rcp26,CanESM2,2020-2039,45.8,51.24,49.89,41.45,40.66,49.82,41.82,49.65,54.75,50.78,50.4,48.49,44.55,40.94,38.87,36.32,41.78,43.87,49.15
SYDNEY-AIRPORT-AMO,66037,-33.94,151.17,r1i1p1,rcp26,CanESM2,2020-2039,57.47,61.71,62.6,53.07,52.42,61.14,53.84,61.72,66.07,64.28,61.69,61.82,56.68,54.38,48.16,49.13,52.88,55.25,57.63
TENNANT-CREEK-AIRPORT,15135,-19.64,134.18,r1i1p1,rcp26,CanESM2,2020-2039,23.25,30.24,25.09,20.64,17.07,26.71,19.78,28.75,35.65,27.11,23.03,25.13,25.02,21.05,15.84,14.71,16.94,19.58,26.2
TOWNSVILLE-AERO,32040,-19.25,146.77,r1i1p1,rcp26,CanESM2,2020-2039,57.04,64.22,58.81,50.9,54.14,61.59,52.45,61.99,69.8,61.87,58.58,55.98,51.81,50.26,50.62,50.52,55.5,56.41,61.11
WAGGA-WAGGA-AMO,72150,-35.16,147.46,r1i1p1,rcp26,CanESM2,2020-2039,45.07,29.65,43.46,63.26,43.69,32.79,57.21,27.13,33.08,35.23,40.11,55.05,66.64,65.69,57.45,53.56,44.85,32.65,29.37
WILLIAMTOWN-RAAF,61078,-32.79,151.84,r1i1p1,rcp26,CanESM2,2020-2039,58.66,61.23,64.06,55.98,53.36,61.26,56.14,60.01,66.68,66.06,62.04,64.08,60.42,57.83,49.68,49.78,55.05,55.24,57.07
WOOMERA-AERODROME,16001,-31.16,136.81,r1i1p1,rcp26,CanESM2,2020-2039,28.7,21.62,29.91,39.81,23.41,22.9,34.51,19.91,23.56,24.37,27.87,37.49,44.81,40.22,34.4,26.73,23.42,20.08,21.53
ADELAIDE-KENT-TOWN,23090,-34.92,138.62,r1i1p1,rcp26,CanESM2,2040-2059,47.46,37.13,47.41,59.53,45.72,39.5,55.4,37.16,35.5,40.37,45.53,56.31,62.88,59.98,55.73,51.83,45.67,39.65,38.91
ALBANY-AIRPORT-COMPARISON,9741,-34.94,117.8,r1i1p1,rcp26,CanESM2,2040-2059,61.47,56.21,60.27,66.52,62.94,58.05,64.96,56.13,55.35,59.45,58.42,62.93,67.56,66.72,65.27,64.48,62.81,61.51,57
ALICE-SPRINGS-AIRPORT,15590,-23.8,133.89,r1i1p1,rcp26,CanESM2,2040-2059,22.99,21.14,25.15,28.73,17.01,20.73,25.27,17.86,24.02,20.26,23.38,31.81,35.2,28.57,22.41,16.29,17.34,17.4,21.28
AMBERLEY-AMO,40004,-27.63,152.71,r1i1p1,rcp26,CanESM2,2040-2059,44.5,50.11,49.3,40.16,38.47,48.77,40.27,48.38,53.59,51.18,48.15,48.56,43.95,40.48,36.05,33.48,39.09,42.85,48.25
BRISBANE-AERO,40842,-27.39,153.13,r1i1p1,rcp26,CanESM2,2040-2059,56.03,61.42,58.59,50.12,53.98,59.95,52.05,60.62,62.68,60.7,58.3,56.76,51.84,50.62,47.9,49.93,55.25,56.76,61.04
BROOME-AIRPORT,3003,-17.95,122.23,r1i1p1,rcp26,CanESM2,2040-2059,48.47,64.74,45.41,32.34,51.39,58.68,38.29,63.52,67.59,59.81,41.45,34.97,33.02,30.46,33.54,44.21,53.57,56.4,63.13
CAIRNS-AERO,31011,-16.87,145.75,r1i1p1,rcp26,CanESM2,2040-2059,62.51,67.13,65.81,58.98,58.08,65.94,59.09,64.81,71.13,67.28,66.26,63.89,61.56,58.62,56.74,55.54,58.18,60.53,65.57
CANBERRA-AIRPORT-COMPARISON,70014,-35.3,149.2,r1i1p1,rcp26,CanESM2,2040-2059,46.88,38.53,47.21,57.43,44.23,40.38,53.32,37.5,40.81,41.93,45.49,54.22,60.97,58.62,52.68,48.82,44.58,39.28,37.71
CARNARVON-AIRPORT,6011,-24.89,113.67,r1i1p1,rcp26,CanESM2,2040-2059,52.45,56.71,52.19,49.82,51.09,55.08,49.84,57.95,56.21,54.98,52.42,49.17,48.96,50.75,49.76,49.77,50.61,52.87,55.9
CEDUNA-AMO,18012,-32.13,133.7,r1i1p1,rcp26,CanESM2,2040-2059,46.06,44.84,45.53,50.34,43.55,44.15,47.98,44.22,44.82,43.89,44.5,48.2,52.23,50.29,48.5,45.93,42.72,41.99,45.47
CHARLEVILLE-AERO,44021,-26.42,146.25,r1i1p1,rcp26,CanESM2,2040-2059,28.33,28.87,30.64,32.3,21.34,27.91,28.61,26.12,36.23,28.24,29.73,33.96,37.04,33.23,26.65,20.72,20.09,23.22,24.72
COBAR-MO,48027,-31.49,145.83,r1i1p1,rcp26,CanESM2,2040-2059,34.5,26.57,37.23,46.23,27.89,28.5,40.47,24.65,31.49,31.66,34.33,45.7,50.83,47.8,40.05,31.19,27.27,25.22,23.79
COFFS-HARBOUR-MO,59040,-30.31,153.12,r1i1p1,rcp26,CanESM2,2040-2059,62.94,69.03,66.41,56.08,60.26,67.75,58.16,68.89,70.68,70.11,65.35,63.77,58.22,56.49,53.54,56.19,60.76,63.82,67.51
DARWIN-AIRPORT,14015,-12.42,130.89,r1i1p1,rcp26,CanESM2,2040-2059,52.95,69.7,52.94,37.42,51.81,63.82,42.16,70.14,73.21,66.04,50.53,42.25,36.1,36.9,39.26,46.83,51.61,57,65.5
DUBBO-AIRPORT-AWS,65070,-32.22,148.58,r1i1p1,rcp26,CanESM2,2040-2059,43.75,34.66,44.68,56.84,38.47,36.46,51.1,33.93,38.04,39.83,41.13,53.09,59.03,58.73,52.73,45.47,36.6,32.91,32.31
EAST-SALE-AIRPORT,85072,-38.12,147.13,r1i1p1,rcp26,CanESM2,2040-2059,56.33,51.1,56.66,62.45,55.04,52.02,60.6,50.66,50.42,53.07,54.56,62.34,65.5,63.45,58.4,58.76,55.14,51.22,52.39
ESPERANCE,9789,-33.83,121.89,r1i1p1,rcp26,CanESM2,2040-2059,57.51,57.39,57.14,59.19,56.44,57.28,57.79,57.55,56.67,57.75,56.91,56.77,60.26,60.16,57.16,57.45,54.9,56.95,57.61
GERALDTON-AIRPORT-COMPARISON,8051,-28.8,114.7,r1i1p1,rcp26,CanESM2,2040-2059,48.01,44.48,44.26,55.21,48.19,44.09,52,45.62,41.13,42.8,43.12,46.87,51.41,57.39,56.82,53.08,46.46,45.05,46.41
HOBART-ELLERSLIE-ROAD,94029,-42.89,147.33,r1i1p1,rcp26,CanESM2,2040-2059,55.13,51.52,56.16,59.96,53.01,52.59,57.74,51.64,50.57,52.92,55.76,59.81,62.72,61.06,56.1,54.26,52.48,52.3,51.98
KALGOORLIE-BOULDER-AIRPORT,12038,-30.78,121.45,r1i1p1,rcp26,CanESM2,2040-2059,32.41,25.18,36.74,43.09,24.69,27.57,37.16,22.99,28.17,30.53,35.93,42.83,46.75,44.6,37.93,28.14,22.69,23.25,23.87
LAUNCESTON-AIRPORT-COMPARISON,91104,-41.54,147.2,r1i1p1,rcp26,CanESM2,2040-2059,55.78,45.19,54.69,68.45,54.93,47.61,64.04,44.79,44.4,45.64,53.91,64.52,70.59,70.21,64.55,59.24,55.11,50.44,46
LAVERTON-RAAF,87031,-37.86,144.76,r1i1p1,rcp26,CanESM2,2040-2059,55.72,49.11,55.3,63.97,54.46,50.07,61.29,49.96,47.75,50.46,53.1,62.34,66.77,64.01,61.12,59.26,54.25,49.88,49.8
MACKAY-M.O,33119,-21.12,149.22,r1i1p1,rcp26,CanESM2,2040-2059,67.62,68.1,71.21,67.82,63.38,68.48,66.78,65.9,71.49,70.78,72.5,70.35,68.02,68.39,67.05,63.21,63.63,63.29,66.86
MEEKATHARRA-AIRPORT,7045,-26.61,118.54,r1i1p1,rcp26,CanESM2,2040-2059,24.74,19.35,27.48,35.11,16.83,20.64,28.74,17.36,24.05,22.86,27.73,31.87,38.7,36.85,29.79,19.33,15.9,15.26,16.73
MELBOURNE-AIRPORT,86282,-37.68,144.84,r1i1p1,rcp26,CanESM2,2040-2059,52.73,44.15,52.31,63.02,51.33,45.66,59.69,44.69,42.9,46.25,49.86,60.81,66.16,63.84,59.06,56.99,51.26,45.74,45.22
MILDURA-AIRPORT,76031,-34.23,142.08,r1i1p1,rcp26,CanESM2,2040-2059,36.92,26.41,38.07,51.38,31.83,28.38,45.49,25.32,28.03,30.13,34.82,49.27,56.1,52.76,45.28,38.86,30.65,25.98,25.9
MOREE-AERO,53115,-29.49,149.85,r1i1p1,rcp26,CanESM2,2040-2059,36.96,34.9,37.95,44.61,30.13,34.45,39.38,34.46,39.16,36.13,35.94,41.77,46.86,47.42,39.56,31.77,28.89,29.72,31.84
MOUNT-GAMBIER-AERO,26021,-37.75,140.77,r1i1p1,rcp26,CanESM2,2040-2059,57.2,44.98,55.8,70.35,57.78,47.59,66.89,44.65,41.75,46.75,53.23,67.43,74.17,71.14,65.76,63.46,59.38,50.48,48.16
MOUNT-ISA-AERO,29127,-20.68,139.49,r1i1p1,rcp26,CanESM2,2040-2059,24.12,30.89,26.28,22.15,17.08,27.64,20.56,29,36.56,28.76,24.3,25.78,26.29,22.65,17.52,15.22,15.91,20.1,27.32
NOWRA-RAN-AIR-STATION-AWS,68072,-34.95,150.54,r1i1p1,rcp26,CanESM2,2040-2059,57.63,62.1,60.91,54.3,52.86,60.73,54.49,62.66,65.53,62.73,59.56,60.43,56.85,55.39,50.65,49.94,53.44,55.45,58.49
PERTH-AIRPORT,9021,-31.93,115.98,r1i1p1,rcp26,CanESM2,2040-2059,45.13,35.34,42.93,56.18,46.23,37.86,52.52,35.47,33,37.69,42.24,48.85,56.64,57.65,54.23,52.15,45.59,40.93,37.1
PORT-HEDLAND-AIRPORT,4032,-20.37,118.63,r1i1p1,rcp26,CanESM2,2040-2059,37.74,49.54,36.43,31.24,33.87,43.61,31.97,50.42,51.15,41.88,33.53,33.87,34.28,30.22,29.23,29.42,34.8,37.39,46.65
RICHMOND-RAAF,67105,-33.6,150.78,r1i1p1,rcp26,CanESM2,2040-2059,48.58,50.61,54.05,48.64,40.89,50.32,46.85,49.74,55.28,54.79,51.48,55.86,52.98,50.12,42.81,39.13,40.19,43.34,47.2
ROCKHAMPTON-AERO,39083,-23.38,150.48,r1i1p1,rcp26,CanESM2,2040-2059,45.23,50.49,48.63,41.53,40.33,49,41.51,49.13,53.12,49.53,49.35,47.02,44.12,41.22,39.25,36.44,41.04,43.51,49.05
SYDNEY-AIRPORT-AMO,66037,-33.94,151.17,r1i1p1,rcp26,CanESM2,2040-2059,57.03,61.35,61.69,53.5,51.46,60.43,53.66,62.03,64.44,63.5,60.45,61.13,56.64,54.53,49.34,49.34,50.95,54.1,57.89
TENNANT-CREEK-AIRPORT,15135,-19.64,134.18,r1i1p1,rcp26,CanESM2,2040-2059,22.81,28.94,24.57,20.61,17.16,25.93,19.69,27.7,32.48,25.98,23.22,24.52,24.62,21.03,16.19,14.96,16.8,19.71,26.54
TOWNSVILLE-AERO,32040,-19.25,146.77,r1i1p1,rcp26,CanESM2,2040-2059,56.28,62.45,57.65,50.91,54.04,60.44,52.08,59.82,66.69,60.27,58.42,54.25,51.08,50.49,51.14,50.9,54.63,56.6,61.09
WAGGA-WAGGA-AMO,72150,-35.16,147.46,r1i1p1,rcp26,CanESM2,2040-2059,44.55,28.84,42.31,63.53,43.3,31.81,57.15,26.92,31.34,33.83,39.06,54.05,66.46,65.19,58.93,54.57,43.71,31.62,28.9
WILLIAMTOWN-RAAF,61078,-32.79,151.84,r1i1p1,rcp26,CanESM2,2040-2059,58.38,61.11,63.2,56.81,52.37,60.72,56.11,60.74,64.82,65.31,60.88,63.41,60.48,58.51,51.45,49.98,52.83,54.3,57.83
WOOMERA-AERODROME,16001,-31.16,136.81,r1i1p1,rcp26,CanESM2,2040-2059,28.63,21.23,29.76,40.04,23.46,22.46,34.82,19.82,22.56,23.22,27.52,38.52,45.34,39.8,34.96,27.23,23.07,20.08,21.46
ADELAIDE-KENT-TOWN,23090,-34.92,138.62,r1i1p1,rcp26,CanESM2,2060-2079,47.84,37.79,48.05,59.57,45.9,40.34,55.32,37.15,36.19,41.48,46.99,55.69,62.63,60.77,55.31,51.71,45.79,40.21,40.2
ALBANY-AIRPORT-COMPARISON,9741,-34.94,117.8,r1i1p1,rcp26,CanESM2,2060-2079,61.54,56.58,59.84,66.67,63.11,58.24,64.9,56.23,56.06,58.62,59.01,61.9,67.67,67.22,65.1,64.51,63,61.83,57.27
ALICE-SPRINGS-AIRPORT,15590,-23.8,133.89,r1i1p1,rcp26,CanESM2,2060-2079,23.01,21.46,25.18,28.3,17.2,21,25.06,18.21,24.76,20.83,23.43,31.29,34.39,28.67,21.85,16.35,17.8,17.44,21.15
AMBERLEY-AMO,40004,-27.63,152.71,r1i1p1,rcp26,CanESM2,2060-2079,44.41,49.22,49.86,40.06,38.52,48.61,40.24,47.5,53.45,51.59,49.1,48.91,44.34,40.26,35.59,32.77,39.58,43.22,46.61
BRISBANE-AERO,40842,-27.39,153.13,r1i1p1,rcp26,CanESM2,2060-2079,55.94,60.55,59.12,50.05,54,59.83,51.98,59.81,62.47,61.16,59.19,57.01,52.32,50.4,47.44,48.85,55.85,57.3,59.44
BROOME-AIRPORT,3003,-17.95,122.23,r1i1p1,rcp26,CanESM2,2060-2079,48.59,64.95,45.73,32.3,51.36,58.87,38.34,63.91,68.34,59.8,42.35,35.03,33.37,30.49,33.06,44.54,53.57,55.98,62.62
CAIRNS-AERO,31011,-16.87,145.75,r1i1p1,rcp26,CanESM2,2060-2079,62.63,67.11,66.18,59.17,58.02,66.06,59.22,64.83,71.72,68.21,66.21,64.12,62.34,58.52,56.64,55.3,58.4,60.37,64.91
CANBERRA-AIRPORT-COMPARISON,70014,-35.3,149.2,r1i1p1,rcp26,CanESM2,2060-2079,46.8,37.93,47.72,57.28,44.15,40.42,53.12,36.93,40.58,42.42,46.76,53.97,60.64,59.49,51.71,48.31,44.58,39.56,36.69
CARNARVON-AIRPORT,6011,-24.89,113.67,r1i1p1,rcp26,CanESM2,2060-2079,52.56,56.52,52.75,50.08,50.89,55.28,49.85,58.35,56.44,54.61,54.74,48.91,49.64,50.5,50.11,49.52,50.45,52.7,54.69
CEDUNA-AMO,18012,-32.13,133.7,r1i1p1,rcp26,CanESM2,2060-2079,46.13,44.8,45.94,50.29,43.51,44.4,47.87,43.67,45.02,45.05,45.13,47.62,51.78,50.87,48.21,45.67,43.04,41.82,45.69
CHARLEVILLE-AERO,44021,-26.42,146.25,r1i1p1,rcp26,CanESM2,2060-2079,28.06,27.75,30.81,32.13,21.41,27.42,28.58,25.4,35.04,27.83,30.7,33.91,37.11,33.52,25.75,20.58,20.62,23.02,23.25
COBAR-MO,48027,-31.49,145.83,r1i1p1,rcp26,CanESM2,2060-2079,34.5,26.29,37.89,45.68,28.07,28.84,40.14,24.95,31.08,32.37,36.46,44.83,50.11,47.98,38.95,31.16,27.81,25.23,23.05
COFFS-HARBOUR-MO,59040,-30.31,153.12,r1i1p1,rcp26,CanESM2,2060-2079,62.63,67.78,66.95,55.63,60.17,67.48,57.81,67.34,70.3,70.81,66.45,63.61,58.22,56.08,52.59,55.01,61.33,64.17,65.69
DARWIN-AIRPORT,14015,-12.42,130.89,r1i1p1,rcp26,CanESM2,2060-2079,52.97,69.24,53.28,37.59,51.83,63.72,42.29,69.13,73.34,66.28,50.88,42.68,36.7,36.8,39.28,46.77,51.53,57.2,64.99
DUBBO-AIRPORT-AWS,65070,-32.22,148.58,r1i1p1,rcp26,CanESM2,2060-2079,43.59,33.8,45.44,56.2,38.56,36.42,50.83,33.2,38.11,40.47,43.13,52.71,58.53,58.89,51.07,45.31,37.49,32.5,30.48
EAST-SALE-AIRPORT,85072,-38.12,147.13,r1i1p1,rcp26,CanESM2,2060-2079,56.69,51.4,57.65,62.49,55.16,52.8,60.54,50.68,51.29,54.42,56.11,62.41,65.41,64.34,57.71,58.45,54.92,52.11,52.41
ESPERANCE,9789,-33.83,121.89,r1i1p1,rcp26,CanESM2,2060-2079,57.42,56.88,57.15,59.31,56.47,57.1,57.79,56.93,57.16,57.3,57.53,56.62,60.34,60.43,57.17,57.16,55.05,57.2,56.2
GERALDTON-AIRPORT-COMPARISON,8051,-28.8,114.7,r1i1p1,rcp26,CanESM2,2060-2079,48.16,44.67,44.36,55.6,48.11,44.29,52.1,46.49,40.94,42.02,44.39,46.68,52.26,57.21,57.34,52.71,46.39,45.23,46.29
HOBART-ELLERSLIE-ROAD,94029,-42.89,147.33,r1i1p1,rcp26,CanESM2,2060-2079,55.52,52.09,56.52,60.4,53.19,53.05,58.05,52.13,51.18,53.25,56,60.3,63.31,61.43,56.45,54.2,52.62,52.74,52.59
KALGOORLIE-BOULDER-AIRPORT,12038,-30.78,121.45,r1i1p1,rcp26,CanESM2,2060-2079,32.41,24.83,37,43.16,24.71,27.64,37.09,22.68,29.05,30.3,37.54,42.17,46.87,44.95,37.67,28.1,22.77,23.26,22.25
LAUNCESTON-AIRPORT-COMPARISON,91104,-41.54,147.2,r1i1p1,rcp26,CanESM2,2060-2079,56.15,45.76,55.07,68.75,55.17,48.12,64.26,45.17,45.15,46.16,54.21,64.83,71.01,70.66,64.56,59.18,55.31,51.01,46.56
LAVERTON-RAAF,87031,-37.86,144.76,r1i1p1,rcp26,CanESM2,2060-2079,56.29,49.9,56.55,63.96,54.68,51.22,61.27,50.23,49.09,51.92,55.16,62.58,66.75,64.48,60.65,58.98,54.18,50.89,50.55
MACKAY-M.O,33119,-21.12,149.22,r1i1p1,rcp26,CanESM2,2060-2079,68.01,68.51,72.3,68.05,63.21,68.97,67.06,66.12,73.42,72.04,72.99,71.86,69.28,68.32,66.55,62.36,63.99,63.27,65.95
MEEKATHARRA-AIRPORT,7045,-26.61,118.54,r1i1p1,rcp26,CanESM2,2060-2079,24.9,19.48,28.04,35.19,16.71,21.1,28.6,17.61,24.89,22.59,30.45,31.09,39.15,37.12,29.3,19.33,15.6,15.21,15.95
MELBOURNE-AIRPORT,86282,-37.68,144.84,r1i1p1,rcp26,CanESM2,2060-2079,53.26,44.85,53.53,63.02,51.52,46.74,59.66,44.93,44.11,47.66,51.89,61.03,66.12,64.34,58.59,56.71,51.17,46.68,45.88
MILDURA-AIRPORT,76031,-34.23,142.08,r1i1p1,rcp26,CanESM2,2060-2079,37.2,26.99,38.73,51.1,31.98,29.21,45.21,25.84,28.41,30.95,36.73,48.51,55.48,53.2,44.62,38.79,30.63,26.52,26.74
MOREE-AERO,53115,-29.49,149.85,r1i1p1,rcp26,CanESM2,2060-2079,36.74,33.66,38.81,44.12,30.14,34.13,39.28,33.13,38.94,36.5,37.65,42.29,47.09,47.14,38.14,31.45,29.55,29.42,29.61
MOUNT-GAMBIER-AERO,26021,-37.75,140.77,r1i1p1,rcp26,CanESM2,2060-2079,57.65,45.58,56.5,70.47,58.19,48.4,66.99,44.51,42.75,47.37,54.68,67.45,74.14,71.5,65.75,63.32,59.79,51.47,49.08
MOUNT-ISA-AERO,29127,-20.68,139.49,r1i1p1,rcp26,CanESM2,2060-2079,24.45,31.38,26.53,22.39,17.43,27.98,20.89,29.68,37.1,28.96,24.4,26.23,26.92,22.93,17.33,15.44,16.48,20.38,27.56
NOWRA-RAN-AIR-STATION-AWS,68072,-34.95,150.54,r1i1p1,rcp26,CanESM2,2060-2079,57.37,61.08,61.15,54.19,52.7,60.49,54.21,61.5,64.65,63.06,60.52,59.88,56.59,56.09,49.88,49.24,53.37,55.75,57.48
PERTH-AIRPORT,9021,-31.93,115.98,r1i1p1,rcp26,CanESM2,2060-2079,45.19,35.45,42.74,56.46,46.27,37.9,52.61,35.65,33.04,36.93,42.61,48.69,57.11,57.73,54.52,51.97,45.65,41.18,37.21
PORT-HEDLAND-AIRPORT,4032,-20.37,118.63,r1i1p1,rcp26,CanESM2,2060-2079,37.96,50.17,36.83,31.09,33.89,44.08,31.94,51.05,53.67,41.57,35.1,33.81,34.33,30,28.94,29.98,34.57,37.12,45.4
RICHMOND-RAAF,67105,-33.6,150.78,r1i1p1,rcp26,CanESM2,2060-2079,48.34,49.58,54.43,48.36,40.87,50.08,46.62,48.49,54.87,55.26,52.64,55.4,52.71,50.44,41.93,38.71,40.53,43.37,45.75
ROCKHAMPTON-AERO,39083,-23.38,150.48,r1i1p1,rcp26,CanESM2,2060-2079,45.37,50.39,49.24,41.62,40.29,49.17,41.62,49,53.97,50.13,49.81,47.78,44.82,41.22,38.83,35.7,41.37,43.79,48.03
SYDNEY-AIRPORT-AMO,66037,-33.94,151.17,r1i1p1,rcp26,CanESM2,2060-2079,56.72,60.17,61.96,53.25,51.39,60.09,53.37,60.52,63.74,63.89,61.45,60.53,56.37,54.94,48.45,48.71,51.2,54.25,56.53
TENNANT-CREEK-AIRPORT,15135,-19.64,134.18,r1i1p1,rcp26,CanESM2,2060-2079,22.92,29.41,24.5,20.63,17.16,26.07,19.75,28.15,33.61,26.1,22.65,24.76,24.85,21.14,15.9,14.98,16.9,19.61,26.35
TOWNSVILLE-AERO,32040,-19.25,146.77,r1i1p1,rcp26,CanESM2,2060-2079,56.49,62.69,58.28,51.09,53.81,60.68,52.26,60.13,68.13,61.37,58.47,55.01,51.95,50.57,50.77,50.46,54.82,56.16,60.04
WAGGA-WAGGA-AMO,72150,-35.16,147.46,r1i1p1,rcp26,CanESM2,2060-2079,44.62,28.66,43.05,63.28,43.27,32.17,56.93,26.88,31.29,34.53,40.73,53.88,66.05,65.92,57.86,54.19,43.68,31.95,28.43
WILLIAMTOWN-RAAF,61078,-32.79,151.84,r1i1p1,rcp26,CanESM2,2060-2079,58.06,59.75,63.61,56.38,52.47,60.36,55.83,58.84,64.48,65.93,62.05,62.84,60.19,58.59,50.36,49.49,53.48,54.44,55.99
WOOMERA-AERODROME,16001,-31.16,136.81,r1i1p1,rcp26,CanESM2,2060-2079,28.7,21.4,30.03,39.78,23.53,22.9,34.51,19.81,22.77,24.26,28.68,37.16,44.57,40.34,34.42,27.25,23.31,20.04,21.77
ADELAIDE-KENT-TOWN,23090,-34.92,138.62,r1i1p1,rcp26,CanESM2,2080-2099,47.92,38.14,48.11,59.76,45.84,40.68,55.27,37.66,35.71,41.96,46.85,55.52,62.72,61.25,55.31,51.83,45,40.68,40.61
ALBANY-AIRPORT-COMPARISON,9741,-34.94,117.8,r1i1p1,rcp26,CanESM2,2080-2099,61.3,55.66,60.51,66.42,62.63,57.87,64.82,54.81,54.99,59.39,59.4,62.74,67.87,66.69,64.69,64.2,62.69,60.98,57.11
ALICE-SPRINGS-AIRPORT,15590,-23.8,133.89,r1i1p1,rcp26,CanESM2,2080-2099,23.77,21.38,26.12,29.38,17.97,21.5,25.94,17.82,24.56,22.29,24.45,31.6,35.4,30.36,22.39,17.84,18.05,18.01,22.44
AMBERLEY-AMO,40004,-27.63,152.71,r1i1p1,rcp26,CanESM2,2080-2099,44.43,49.38,49.5,39.98,38.94,48.52,40.41,47.76,52.97,50.35,49.59,48.56,44.74,40.08,35.12,34.05,39.89,42.88,47.13
BRISBANE-AERO,40842,-27.39,153.13,r1i1p1,rcp26,CanESM2,2080-2099,56.49,60.98,59.4,50.41,55.06,60.17,52.7,60.21,62.49,60.38,60.62,57.21,53.17,50.69,47.37,50.96,56.81,57.42,60.56
BROOME-AIRPORT,3003,-17.95,122.23,r1i1p1,rcp26,CanESM2,2080-2099,49.08,64.62,46.18,33.24,52.22,59.09,39.05,63.21,67.69,61.24,42.06,35.23,35.04,30.87,33.81,45.2,54.15,57.3,63.17
CAIRNS-AERO,31011,-16.87,145.75,r1i1p1,rcp26,CanESM2,2080-2099,62.9,67.42,66.33,59.57,58.4,66.28,59.65,65.54,71.35,67.47,67.16,64.35,62.68,59.05,56.98,56.66,58.2,60.35,65.04
CANBERRA-AIRPORT-COMPARISON,70014,-35.3,149.2,r1i1p1,rcp26,CanESM2,2080-2099,47.44,39.05,47.29,57.66,46.04,41,53.99,37.33,41.77,42.06,46.07,53.75,61.07,59.8,52.12,51.04,46.16,40.91,37.26
CARNARVON-AIRPORT,6011,-24.89,113.67,r1i1p1,rcp26,CanESM2,2080-2099,52.71,55.66,53.77,50.63,50.7,55.03,50.37,56.38,55.49,56.04,54.7,50.56,50.06,51.42,50.41,49.04,50.75,52.32,55.3
CEDUNA-AMO,18012,-32.13,133.7,r1i1p1,rcp26,CanESM2,2080-2099,46.44,44.66,46.23,50.8,44.22,44.46,48.52,44.16,43.92,45.07,45.38,48.23,52.31,51.5,48.59,47.01,43.48,42.17,45.51
CHARLEVILLE-AERO,44021,-26.42,146.25,r1i1p1,rcp26,CanESM2,2080-2099,28.9,28.77,32.15,33.1,21.71,28.36,29.63,26.07,36.25,28.64,32.27,35.55,38.87,34.05,26.37,22.09,20.88,22.15,23.64
COBAR-MO,48027,-31.49,145.83,r1i1p1,rcp26,CanESM2,2080-2099,35.12,26.85,38.21,46.59,29.08,29.35,41.18,24.38,31.7,32.23,36.67,45.73,50.94,49.28,39.55,33.49,28.06,25.7,23.68
COFFS-HARBOUR-MO,59040,-30.31,153.12,r1i1p1,rcp26,CanESM2,2080-2099,63.32,68.59,66.87,55.98,61.97,67.89,58.81,68.01,70.83,69.68,67.32,63.59,59.28,56.06,52.59,58.45,62.93,64.53,66.63
DARWIN-AIRPORT,14015,-12.42,130.89,r1i1p1,rcp26,CanESM2,2080-2099,53,68.81,53.49,37.79,51.79,63.57,42.39,68.78,72.94,66.44,51.36,42.66,37.39,37.25,38.74,46.94,51.36,57.07,65.02
DUBBO-AIRPORT-AWS,65070,-32.22,148.58,r1i1p1,rcp26,CanESM2,2080-2099,44.44,34.53,45.15,57.13,41.04,36.77,52.36,32.8,38.54,39.71,42.69,53.06,59.1,60,52.22,49.37,39.43,33.88,31.83
EAST-SALE-AIRPORT,85072,-38.12,147.13,r1i1p1,rcp26,CanESM2,2080-2099,56.7,51.93,57.16,62.82,55.23,53.03,60.68,50.55,51.06,53.32,55.97,62.19,65.49,64.62,58.35,59.04,54.37,52.27,53.2
ESPERANCE,9789,-33.83,121.89,r1i1p1,rcp26,CanESM2,2080-2099,57.34,56.39,57.63,59.17,56.13,56.9,57.77,56.34,56.15,57.98,57.64,57.28,60.46,59.95,57.1,56.75,55.08,56.56,56.74
GERALDTON-AIRPORT-COMPARISON,8051,-28.8,114.7,r1i1p1,rcp26,CanESM2,2080-2099,48.15,43.75,45.45,55.54,47.78,44.13,52.17,44.25,41.24,43.54,44.7,48.1,52.45,57.21,56.95,51.68,46.63,45.04,46.02
HOBART-ELLERSLIE-ROAD,94029,-42.89,147.33,r1i1p1,rcp26,CanESM2,2080-2099,55.23,51.83,56.09,60.26,53.1,52.81,57.85,51.91,50.99,52.69,55.89,59.7,63.36,61.24,56.18,53.94,52.68,52.68,51.52
KALGOORLIE-BOULDER-AIRPORT,12038,-30.78,121.45,r1i1p1,rcp26,CanESM2,2080-2099,32.54,24.13,37.95,43.29,24.88,27.57,37.47,21.74,27.06,31.51,38.09,43.28,47.6,44.22,38.04,28.61,23.08,22.94,23
LAUNCESTON-AIRPORT-COMPARISON,91104,-41.54,147.2,r1i1p1,rcp26,CanESM2,2080-2099,56,45.54,54.72,68.67,55.25,48.01,64.05,45.23,44.73,45.24,54.91,64.01,70.81,70.72,64.49,59.22,55.03,51.48,46.09
LAVERTON-RAAF,87031,-37.86,144.76,r1i1p1,rcp26,CanESM2,2080-2099,56.36,50.31,56.48,64.39,54.55,51.64,61.31,50.12,48.39,51.7,55.22,62.53,67.16,65.1,60.92,58.8,53.33,51.53,51.56
MACKAY-M.O,33119,-21.12,149.22,r1i1p1,rcp26,CanESM2,2080-2099,68.25,68.71,72.2,68.39,63.9,69.16,67.56,66.58,72.43,70.89,74.08,71.62,69.43,68.43,67.32,64.49,64.1,63.1,66.49
MEEKATHARRA-AIRPORT,7045,-26.61,118.54,r1i1p1,rcp26,CanESM2,2080-2099,25.18,18.55,28.67,36.35,16.92,20.85,29.45,16.14,23.01,24.12,29.88,32,41.1,37.85,30.1,19.63,16.05,15.07,16.77
MELBOURNE-AIRPORT,86282,-37.68,144.84,r1i1p1,rcp26,CanESM2,2080-2099,53.28,45.42,53.38,63.44,51.23,47.22,59.63,44.68,43.89,47.4,51.91,60.83,66.28,65.05,58.98,56.43,50.18,47.07,46.69
MILDURA-AIRPORT,76031,-34.23,142.08,r1i1p1,rcp26,CanESM2,2080-2099,37.55,27.1,38.74,51.89,32.62,29.39,45.84,25.55,28.13,31.07,36.56,48.57,56.19,54.54,44.93,40.09,30.72,27.05,27.17
MOREE-AERO,53115,-29.49,149.85,r1i1p1,rcp26,CanESM2,2080-2099,37.45,34.98,38.85,44.73,31.45,34.76,40.27,33.82,39.83,35.74,37.91,42.9,48.25,47.51,38.43,34.22,30.3,29.84,30.64
MOUNT-GAMBIER-AERO,26021,-37.75,140.77,r1i1p1,rcp26,CanESM2,2080-2099,57.44,45.73,56.05,70.55,57.68,48.47,66.62,44.82,42.32,47.34,54.15,66.67,74.25,71.79,65.61,62.5,58.88,51.67,49.32
MOUNT-ISA-AERO,29127,-20.68,139.49,r1i1p1,rcp26,CanESM2,2080-2099,24.96,31.9,27.48,22.64,17.75,28.67,21.21,29.69,37.48,30.43,25.39,26.62,27.15,23.3,17.47,16.08,16.64,20.53,28.69
NOWRA-RAN-AIR-STATION-AWS,68072,-34.95,150.54,r1i1p1,rcp26,CanESM2,2080-2099,57.87,62.05,61.11,54.26,54.03,61.08,54.77,61.64,65.84,62.79,60.6,59.93,57.05,55.85,49.89,51.14,54.55,56.63,58.16
PERTH-AIRPORT,9021,-31.93,115.98,r1i1p1,rcp26,CanESM2,2080-2099,45.14,34.72,43.47,56.23,46.09,37.68,52.62,34.21,32.9,38.08,42.78,49.55,57,57.63,54.05,51.46,46.02,40.78,37.26
PORT-HEDLAND-AIRPORT,4032,-20.37,118.63,r1i1p1,rcp26,CanESM2,2080-2099,38.35,49.21,37.64,32.21,34.17,43.91,32.75,50.06,50.94,43.74,34.55,34.63,36.02,30.9,29.7,30.52,34.76,37.23,47.16
RICHMOND-RAAF,67105,-33.6,150.78,r1i1p1,rcp26,CanESM2,2080-2099,48.77,50.71,54.32,48.23,42.03,50.69,46.97,49.16,55.8,54.99,52.71,55.27,53.08,49.93,41.68,40.62,41.24,44.22,46.56
ROCKHAMPTON-AERO,39083,-23.38,150.48,r1i1p1,rcp26,CanESM2,2080-2099,45.39,50.47,48.99,41.8,40.5,49.15,41.81,49.26,53.44,49.19,50.49,47.28,45.23,41.08,39.08,36.94,41.24,43.31,48.16
SYDNEY-AIRPORT-AMO,66037,-33.94,151.17,r1i1p1,rcp26,CanESM2,2080-2099,57.36,61.3,62.18,53.3,52.86,60.79,54.06,61.17,64.95,63.64,61.96,60.94,56.97,54.65,48.28,51.15,52.38,55.06,57.22
TENNANT-CREEK-AIRPORT,15135,-19.64,134.18,r1i1p1,rcp26,CanESM2,2080-2099,23.55,29.28,25.53,21.24,18.03,26.58,20.42,27.21,33.1,27.96,23.56,25.07,25.6,21.95,16.18,15.96,17.78,20.34,27.86
TOWNSVILLE-AERO,32040,-19.25,146.77,r1i1p1,rcp26,CanESM2,2080-2099,56.95,63.15,58.55,51.51,54.71,61.11,52.9,60.8,67.75,60.98,59.52,55.15,52.38,50.85,51.3,52.58,55.16,56.38,60.55
WAGGA-WAGGA-AMO,72150,-35.16,147.46,r1i1p1,rcp26,CanESM2,2080-2099,45.09,29.5,42.5,63.76,44.92,32.59,57.78,26.69,32.09,33.75,40.13,53.64,65.83,66.66,58.8,56.72,45.02,33.04,28.75
WILLIAMTOWN-RAAF,61078,-32.79,151.84,r1i1p1,rcp26,CanESM2,2080-2099,58.8,61.04,63.7,56.37,54.3,61.02,56.71,60.13,65.54,65.21,62.67,63.24,60.85,58.22,50.04,52.77,55.11,55.01,56.85
WOOMERA-AERODROME,16001,-31.16,136.81,r1i1p1,rcp26,CanESM2,2080-2099,29.04,21.33,30.4,40.46,24.06,23.02,35.15,19.64,22.29,24.7,28.74,37.76,45.65,41.31,34.42,28.65,23.12,20.42,21.85
ADELAIDE-KENT-TOWN,23090,-34.92,138.62,r1i1p1,rcp26,GFDL-ESM2M,2020-2039,45.39,37.81,45.78,56.9,41,39.09,51.67,36.41,38.83,39.4,45,52.95,60.5,57.73,52.48,46.02,40.33,36.66,38.37
ALBANY-AIRPORT-COMPARISON,9741,-34.94,117.8,r1i1p1,rcp26,GFDL-ESM2M,2020-2039,60.94,55.55,59.48,66.21,62.59,57.37,64.59,54.79,53.72,57.67,58.34,62.41,66.99,66.54,65.09,64.25,62.24,61.29,57.99
ALICE-SPRINGS-AIRPORT,15590,-23.8,133.89,r1i1p1,rcp26,GFDL-ESM2M,2020-2039,21.16,21.6,21.94,25.14,16.03,20.66,21.68,17.96,24.89,19.59,21.22,25,30.81,25.33,19.28,12.89,16.78,18.42,21.7
AMBERLEY-AMO,40004,-27.63,152.71,r1i1p1,rcp26,GFDL-ESM2M,2020-2039,44.01,49.51,48.87,39.38,38.3,48.71,39.34,47.32,54.41,52.48,47.65,46.49,42.52,39.9,35.73,32.42,38.99,43.5,46.72
BRISBANE-AERO,40842,-27.39,153.13,r1i1p1,rcp26,GFDL-ESM2M,2020-2039,55.64,60.64,58.18,49.49,54.2,59.9,51.3,59.53,63.23,62.04,57.79,54.71,50.65,50.15,47.69,49.13,55.5,57.97,59.25
BROOME-AIRPORT,3003,-17.95,122.23,r1i1p1,rcp26,GFDL-ESM2M,2020-2039,47.1,64.27,43.05,30.09,50.99,58.49,35.74,63.98,67.62,58.25,42.07,28.83,30.1,28.52,31.65,43.7,51.68,57.58,61.21
CAIRNS-AERO,31011,-16.87,145.75,r1i1p1,rcp26,GFDL-ESM2M,2020-2039,62.19,65.87,66.32,57.87,58.66,65.86,58.53,63.45,69.76,68.24,67.32,63.4,62.42,56.21,54.97,55.54,58.66,61.78,64.52
CANBERRA-AIRPORT-COMPARISON,70014,-35.3,149.2,r1i1p1,rcp26,GFDL-ESM2M,2020-2039,45.95,38.81,45.17,56.05,43.63,40.04,51.79,36.77,39.79,39.86,43.49,52.14,59.76,58.86,49.54,45.11,45.31,40.46,40.33
CARNARVON-AIRPORT,6011,-24.89,113.67,r1i1p1,rcp26,GFDL-ESM2M,2020-2039,50.43,54.14,49.28,48.25,50.06,52.22,48.65,55.26,51.07,49.31,50.51,48.03,47.65,49.35,47.75,48.5,50.64,51.04,55.99
CEDUNA-AMO,18012,-32.13,133.7,r1i1p1,rcp26,GFDL-ESM2M,2020-2039,43.92,44.31,42.81,47.09,41.47,42.95,44.89,43.29,46.72,40.86,43.19,44.39,48.78,47.84,44.66,42.36,41.31,40.73,42.9
CHARLEVILLE-AERO,44021,-26.42,146.25,r1i1p1,rcp26,GFDL-ESM2M,2020-2039,26.21,28.08,28.62,28.66,19.34,27.28,25.02,24.39,35.99,30.2,27.42,28.24,33.54,31.03,21.4,16.27,19.64,22.1,24.31
COBAR-MO,48027,-31.49,145.83,r1i1p1,rcp26,GFDL-ESM2M,2020-2039,32.01,26.77,34.01,43.22,23.98,27.54,36.47,24.62,30.09,29.71,32.46,39.87,46.21,48.02,35.43,25.02,24.26,22.67,25.82
COFFS-HARBOUR-MO,59040,-30.31,153.12,r1i1p1,rcp26,GFDL-ESM2M,2020-2039,61.62,67.58,64.28,54.78,59.87,66.49,56.78,66.48,70.02,69.08,62.89,60.85,56.34,56.04,51.96,54.87,60.63,64.12,66.21
DARWIN-AIRPORT,14015,-12.42,130.89,r1i1p1,rcp26,GFDL-ESM2M,2020-2039,52.69,70.32,51.62,36.31,52.6,64.14,41.33,70.09,74.01,65.51,50.05,39.3,34.52,35.5,38.9,46.61,53.17,58.03,66.61
DUBBO-AIRPORT-AWS,65070,-32.22,148.58,r1i1p1,rcp26,GFDL-ESM2M,2020-2039,42.16,35.1,42.16,54.55,36.58,35.95,48.44,33.36,37.9,37.36,39.93,49.19,55.84,59.21,48.43,41.77,35.19,32.37,34.24
EAST-SALE-AIRPORT,85072,-38.12,147.13,r1i1p1,rcp26,GFDL-ESM2M,2020-2039,55.7,51.86,56.11,61,53.76,52.51,58.84,51.2,50.89,52.27,54.64,61.4,64.75,62.69,55.55,54.07,54.6,52.6,53.68
ESPERANCE,9789,-33.83,121.89,r1i1p1,rcp26,GFDL-ESM2M,2020-2039,55.26,55.35,54.68,56.3,54.81,55.11,55.44,54.21,54.69,54.51,54.79,54.73,56.36,57.92,54.61,55.37,53.66,55.41,56.79
GERALDTON-AIRPORT-COMPARISON,8051,-28.8,114.7,r1i1p1,rcp26,GFDL-ESM2M,2020-2039,46.14,42.84,41.68,52.91,47.21,42.19,50.16,43.84,38.27,38.54,41.89,44.62,50.05,54.91,53.77,51.34,46.25,44.06,46.15
HOBART-ELLERSLIE-ROAD,94029,-42.89,147.33,r1i1p1,rcp26,GFDL-ESM2M,2020-2039,55.14,51.92,56.31,60.1,52.35,52.82,57.53,52.17,51.51,53.52,56.11,59.31,63.06,61.8,55.45,53.86,51.68,51.52,51.73
KALGOORLIE-BOULDER-AIRPORT,12038,-30.78,121.45,r1i1p1,rcp26,GFDL-ESM2M,2020-2039,29.32,23.22,33.06,38.66,22.44,25.05,33.53,20.56,26.41,25.08,33.37,39.71,40.6,41.19,34.21,24.13,21.35,21.85,22.16
LAUNCESTON-AIRPORT-COMPARISON,91104,-41.54,147.2,r1i1p1,rcp26,GFDL-ESM2M,2020-2039,55.21,45.21,54.41,68.06,53.3,47.35,63.15,45.37,45.09,46.03,53.86,63.34,70.7,70.57,62.91,57.77,53.59,48.53,44.77
LAVERTON-RAAF,87031,-37.86,144.76,r1i1p1,rcp26,GFDL-ESM2M,2020-2039,54.77,50.09,55.04,62.16,51.74,50.58,58.88,50.97,49.52,50.63,53.49,61.01,65.58,62.83,58.09,53.8,51.95,49.45,49.94
MACKAY-M.O,33119,-21.12,149.22,r1i1p1,rcp26,GFDL-ESM2M,2020-2039,67,68.86,71.58,64.89,62.69,69.16,64.85,66.41,72.31,71.83,73.02,69.88,67.97,64.83,61.86,61.6,62.97,63.5,67.82
MEEKATHARRA-AIRPORT,7045,-26.61,118.54,r1i1p1,rcp26,GFDL-ESM2M,2020-2039,20.89,17.14,23.73,29.26,13.31,17.95,23.76,15.85,21.97,17.76,25.18,28.26,33.14,31.51,23.13,13.7,12.8,13.44,13.59
MELBOURNE-AIRPORT,86282,-37.68,144.84,r1i1p1,rcp26,GFDL-ESM2M,2020-2039,51.7,45.04,51.98,61.13,48.55,46.08,57.21,45.67,44.46,46.33,50.09,59.52,64.93,62.55,55.9,51.39,48.99,45.26,45.36
MILDURA-AIRPORT,76031,-34.23,142.08,r1i1p1,rcp26,GFDL-ESM2M,2020-2039,34.67,26.27,36.21,48.59,27.59,27.55,41.79,24.31,28.78,27.88,34.98,45.77,53.07,51.02,41.69,32.13,27.07,23.57,25.74
MOREE-AERO,53115,-29.49,149.85,r1i1p1,rcp26,GFDL-ESM2M,2020-2039,35.38,35.24,35.52,41.96,28.55,34.17,36.5,34.79,39.13,35.53,33.7,37.33,43.95,45.82,36.11,27.92,27.87,29.85,32.59
MOUNT-GAMBIER-AERO,26021,-37.75,140.77,r1i1p1,rcp26,GFDL-ESM2M,2020-2039,56.5,46.11,55.68,69.31,55.02,48.13,64.95,44.86,44.43,47.5,54.25,65.29,72.97,70.06,64.88,59.61,56.9,48.57,48.63
MOUNT-ISA-AERO,29127,-20.68,139.49,r1i1p1,rcp26,GFDL-ESM2M,2020-2039,24.59,32.49,28.3,20.03,17.45,29.85,19.28,29.54,39.02,32.44,27.33,25.13,25.16,20.57,14.35,14.21,16.28,21.85,29.14
NOWRA-RAN-AIR-STATION-AWS,68072,-34.95,150.54,r1i1p1,rcp26,GFDL-ESM2M,2020-2039,56.93,62.03,58.86,53.58,52.93,60.34,53.5,60.87,64.4,60.44,57.82,58.33,55.67,55.75,49.32,47.67,54.11,57.3,61.21
PERTH-AIRPORT,9021,-31.93,115.98,r1i1p1,rcp26,GFDL-ESM2M,2020-2039,43.58,34.43,40.9,55.42,43.74,36.34,50.95,34.37,31.32,34.76,41.18,46.76,55.41,57.05,53.82,51.3,41.37,38.53,37.14
PORT-HEDLAND-AIRPORT,4032,-20.37,118.63,r1i1p1,rcp26,GFDL-ESM2M,2020-2039,35.2,48.31,32.61,26.9,33.12,42.12,28.38,49.26,49.95,38.87,30.9,28.06,29.76,25.5,25.44,27,34.53,37.83,45.33
RICHMOND-RAAF,67105,-33.6,150.78,r1i1p1,rcp26,GFDL-ESM2M,2020-2039,47.45,50.2,51.63,47.67,40.16,49.43,45.47,47.73,54.63,52.73,49.04,53.1,51.1,50.08,41.83,37.34,39.38,43.78,48.64
ROCKHAMPTON-AERO,39083,-23.38,150.48,r1i1p1,rcp26,GFDL-ESM2M,2020-2039,44.75,50.52,48.96,40.02,39.54,49.5,40.04,48.19,54.5,52.28,49.49,45.11,43.41,39.49,37.16,35.08,39.98,43.55,48.69
SYDNEY-AIRPORT-AMO,66037,-33.94,151.17,r1i1p1,rcp26,GFDL-ESM2M,2020-2039,55.88,60.73,59.19,52.72,50.76,59.48,52.3,59.36,63.61,61.44,57.91,58.24,54.82,54.57,48.77,47.23,50.14,54.9,59.53
TENNANT-CREEK-AIRPORT,15135,-19.64,134.18,r1i1p1,rcp26,GFDL-ESM2M,2020-2039,21.95,29.28,23.85,17.99,16.73,26.17,17.73,27.74,35,26.2,23.49,21.86,22.48,18.25,13.25,13.97,16.58,19.62,25.01
TOWNSVILLE-AERO,32040,-19.25,146.77,r1i1p1,rcp26,GFDL-ESM2M,2020-2039,55.91,62.39,58.94,47.95,54.26,61.27,50.5,59.76,66.41,63.07,59.6,54.15,50.84,45.65,47.36,50.28,54.75,57.76,61.24
WAGGA-WAGGA-AMO,72150,-35.16,147.46,r1i1p1,rcp26,GFDL-ESM2M,2020-2039,43.12,29.36,40.54,61.21,41.13,31.63,54.47,26.88,30.67,31.95,37.81,51.86,64.55,64.58,54.48,48.46,42.85,32.09,31.21
WILLIAMTOWN-RAAF,61078,-32.79,151.84,r1i1p1,rcp26,GFDL-ESM2M,2020-2039,55.96,58.94,59.66,54.84,50.4,58.39,53.61,57.33,62.75,62.21,57.33,59.44,57.78,57.62,49.11,47.28,50.41,53.51,56.8
WOOMERA-AERODROME,16001,-31.16,136.81,r1i1p1,rcp26,GFDL-ESM2M,2020-2039,25.91,20.66,26.77,36.81,19.36,20.92,30.91,19.59,23.22,20.54,25.52,34.24,42.17,37.95,30.3,21.14,19.66,17.28,19.3
ADELAIDE-KENT-TOWN,23090,-34.92,138.62,r1i1p1,rcp26,GFDL-ESM2M,2040-2059,45.35,37.86,44.92,57.62,40.93,38.8,51.88,36.37,38.56,39.05,43.64,52.07,61.51,58.29,53.05,47.06,39.27,36.47,38.83
ALBANY-AIRPORT-COMPARISON,9741,-34.94,117.8,r1i1p1,rcp26,GFDL-ESM2M,2040-2059,60.8,56.01,59.03,65.71,62.49,57.38,64.29,55.8,54.55,56.75,57.5,62.85,66.69,66.23,64.21,63.31,62.46,61.69,57.52
ALICE-SPRINGS-AIRPORT,15590,-23.8,133.89,r1i1p1,rcp26,GFDL-ESM2M,2040-2059,18.12,17.99,18.51,22.28,13.78,16.79,19.48,13.65,21.3,15.37,17.31,22.84,28.29,22.06,16.49,11.19,16.03,14.12,18.8
AMBERLEY-AMO,40004,-27.63,152.71,r1i1p1,rcp26,GFDL-ESM2M,2040-2059,42.27,47.47,46.16,37.59,37.88,46.69,37.88,44.72,51.72,50.02,44.29,44.18,42.06,37.97,32.75,31.42,38.88,43.34,45.88
BRISBANE-AERO,40842,-27.39,153.13,r1i1p1,rcp26,GFDL-ESM2M,2040-2059,53.92,58.68,55.75,47.51,53.71,57.92,49.86,56.9,60.75,59.89,54.52,52.84,50.18,47.92,44.42,47.95,55.83,57.36,58.46
BROOME-AIRPORT,3003,-17.95,122.23,r1i1p1,rcp26,GFDL-ESM2M,2040-2059,47.32,65.59,44.06,29.41,50.2,58.69,35.98,64.65,69.57,58.9,41.35,31.91,30.48,26.34,31.41,43.14,52.57,54.9,62.55
CAIRNS-AERO,31011,-16.87,145.75,r1i1p1,rcp26,GFDL-ESM2M,2040-2059,59.84,64.23,63.02,54.93,57.14,63.51,56.19,61.7,67.61,65.71,62.2,61.16,58.37,53.49,52.92,53.77,57.41,60.23,63.48
CANBERRA-AIRPORT-COMPARISON,70014,-35.3,149.2,r1i1p1,rcp26,GFDL-ESM2M,2040-2059,44.11,36.57,43.15,54.75,41.83,37.96,50.2,33.76,38.76,37.22,41.98,50.24,59.9,57.1,47.26,46.27,40.41,38.82,37.61
CARNARVON-AIRPORT,6011,-24.89,113.67,r1i1p1,rcp26,GFDL-ESM2M,2040-2059,50.93,56.36,51.2,47.05,49.14,54.21,47.67,58.63,55.09,53.74,51.97,47.88,46.38,47.97,46.8,47.99,49,50.42,55.28
CEDUNA-AMO,18012,-32.13,133.7,r1i1p1,rcp26,GFDL-ESM2M,2040-2059,43.9,44.04,42.74,47.19,41.63,42.76,45.03,42.45,46.64,41.72,42.61,43.89,49.1,48.48,43.98,43.23,41.52,40.13,43.01
CHARLEVILLE-AERO,44021,-26.42,146.25,r1i1p1,rcp26,GFDL-ESM2M,2040-2059,23.25,24.15,24.62,25.93,18.16,23.72,22.67,20.28,29.47,25.14,22.64,26.07,32.58,26.78,18.44,14.69,17.43,22.37,23.13
COBAR-MO,48027,-31.49,145.83,r1i1p1,rcp26,GFDL-ESM2M,2040-2059,28.96,22.81,30.04,40.29,22.63,24.3,33.6,19.84,25.99,26.21,28.08,35.82,44.54,44.72,31.6,23.33,21.58,22.98,22.81
COFFS-HARBOUR-MO,59040,-30.31,153.12,r1i1p1,rcp26,GFDL-ESM2M,2040-2059,60.34,65.83,62.71,53.17,59.67,65.28,55.43,63.67,68.26,67.93,61.1,59.1,56.16,53.82,49.51,54.36,59.63,65.02,65.56
DARWIN-AIRPORT,14015,-12.42,130.89,r1i1p1,rcp26,GFDL-ESM2M,2040-2059,51.84,69.7,50.76,34.65,52.34,63.73,40.04,69.95,73.53,66,49.07,37.22,32.16,33.54,38.26,47.05,52,57.97,65.37
DUBBO-AIRPORT-AWS,65070,-32.22,148.58,r1i1p1,rcp26,GFDL-ESM2M,2040-2059,39.07,32.09,38.14,50.93,34.9,33.42,44.77,28.75,35.07,34.79,35.6,44.02,53.49,55.25,43.77,39.97,31.09,33.07,32.57
EAST-SALE-AIRPORT,85072,-38.12,147.13,r1i1p1,rcp26,GFDL-ESM2M,2040-2059,54.59,49.81,55.26,60.72,52.52,50.86,58.29,48.25,51,50.63,54.2,60.95,64.87,62.09,55.21,54.17,52.47,50.91,50.35
ESPERANCE,9789,-33.83,121.89,r1i1p1,rcp26,GFDL-ESM2M,2040-2059,55.61,55.43,54.92,56.76,55.44,55.07,56.19,54.19,56.13,54.87,54.24,55.65,58,59.19,53.09,56.32,54.91,55.09,55.62
GERALDTON-AIRPORT-COMPARISON,8051,-28.8,114.7,r1i1p1,rcp26,GFDL-ESM2M,2040-2059,46.29,43.41,42.69,52.6,46.55,42.79,49.85,44.99,39.4,41.17,42.24,44.67,49.98,54.31,53.5,50.94,45.69,43.02,45.55
HOBART-ELLERSLIE-ROAD,94029,-42.89,147.33,r1i1p1,rcp26,GFDL-ESM2M,2040-2059,55.07,51.91,56.3,60.05,52.12,52.94,57.26,52.62,51.98,53.29,56.54,59.08,62.54,61.29,56.32,53.42,50.93,52.02,50.8
KALGOORLIE-BOULDER-AIRPORT,12038,-30.78,121.45,r1i1p1,rcp26,GFDL-ESM2M,2040-2059,29.72,23.26,34.47,38.88,22.39,25.37,34,20.37,27.74,28.05,33.77,40.65,42.13,41.5,32.99,25.01,21.72,20.44,21.11
LAUNCESTON-AIRPORT-COMPARISON,91104,-41.54,147.2,r1i1p1,rcp26,GFDL-ESM2M,2040-2059,55.27,45.42,54.2,68.22,53.36,47.41,63.2,45.59,46.22,45.35,53.99,63.25,70.56,70.15,63.94,58.15,53.11,48.8,44.06
LAVERTON-RAAF,87031,-37.86,144.76,r1i1p1,rcp26,GFDL-ESM2M,2040-2059,53.93,48.48,53.95,62.22,51.02,49.01,58.77,49.1,49.53,48.87,52.55,60.44,65.84,62.45,58.36,54.19,51.36,47.51,46.97
MACKAY-M.O,33119,-21.12,149.22,r1i1p1,rcp26,GFDL-ESM2M,2040-2059,64.95,66.23,69.35,62.6,61.65,66.93,62.99,63.01,68.95,70.98,69.18,67.9,65.29,61.64,60.88,60.22,62,62.73,66.69
MEEKATHARRA-AIRPORT,7045,-26.61,118.54,r1i1p1,rcp26,GFDL-ESM2M,2040-2059,21.17,17.61,25.12,28.89,12.94,18.69,23.58,16.97,23.6,21.47,26.5,27.38,32.91,30.41,23.36,14.51,12.92,11.38,12.15
MELBOURNE-AIRPORT,86282,-37.68,144.84,r1i1p1,rcp26,GFDL-ESM2M,2040-2059,50.79,43.26,50.91,61.13,47.76,44.41,57.07,43.55,44.33,44.55,49.25,58.94,65.21,62.13,56.06,51.77,48.31,43.19,42.24
MILDURA-AIRPORT,76031,-34.23,142.08,r1i1p1,rcp26,GFDL-ESM2M,2040-2059,32.78,24.46,33.49,47.52,25.63,25.49,40.07,22.45,26.2,25.49,31.91,43.09,52.75,49.39,40.42,31.16,23.65,22.09,24.74
MOREE-AERO,53115,-29.49,149.85,r1i1p1,rcp26,GFDL-ESM2M,2040-2059,33.07,32.25,32.32,39.22,28.25,31.92,34.13,29.63,36.76,32.92,29.84,34.2,43.16,42.59,31.89,26.93,26.01,31.81,31.08
MOUNT-GAMBIER-AERO,26021,-37.75,140.77,r1i1p1,rcp26,GFDL-ESM2M,2040-2059,56.41,46.52,54.69,69.75,54.8,47.85,65.05,45.74,44.59,46.71,52.63,64.75,73.78,70.02,65.44,60.26,56.05,48.09,48.83
MOUNT-ISA-AERO,29127,-20.68,139.49,r1i1p1,rcp26,GFDL-ESM2M,2040-2059,20.12,27.69,21.17,16.04,15.5,24.44,15.77,24.09,32.7,25,19.44,19.09,20.66,15.67,11.79,12.63,14.75,19.12,26.49
NOWRA-RAN-AIR-STATION-AWS,68072,-34.95,150.54,r1i1p1,rcp26,GFDL-ESM2M,2040-2059,55.33,59.69,57.04,52.54,51.74,58.53,52.1,57.94,62.8,58.24,56.33,56.55,55.85,54.25,47.51,47.78,50.41,57.14,58.72
PERTH-AIRPORT,9021,-31.93,115.98,r1i1p1,rcp26,GFDL-ESM2M,2040-2059,43.47,34.68,41.17,55,43.19,36.34,50.72,35.19,32.11,35.11,40.51,47.9,55.26,56.49,53.24,50.08,41.35,38.13,36.28
PORT-HEDLAND-AIRPORT,4032,-20.37,118.63,r1i1p1,rcp26,GFDL-ESM2M,2040-2059,35.53,49.52,33.97,26.14,32.61,42.91,28.24,49.16,54.02,40.79,31.72,29.39,29.5,23.67,25.25,27.37,34.28,36.19,45.01
RICHMOND-RAAF,67105,-33.6,150.78,r1i1p1,rcp26,GFDL-ESM2M,2040-2059,45.45,47.48,48.95,46.06,39.2,47.43,43.49,44.65,52.03,50.18,46.85,49.82,50.34,48.52,39.31,36.56,36.38,44.66,46.14
ROCKHAMPTON-AERO,39083,-23.38,150.48,r1i1p1,rcp26,GFDL-ESM2M,2040-2059,42.49,48.05,46.12,37.02,38.83,46.96,38.07,45.11,50.98,49.96,44.9,43.49,40.81,35.77,34.47,34,39.86,42.65,47.88
SYDNEY-AIRPORT-AMO,66037,-33.94,151.17,r1i1p1,rcp26,GFDL-ESM2M,2040-2059,54.03,58.1,56.79,51.25,49.9,57.66,50.44,56.47,61.16,58.93,56.04,55.39,54.3,53.11,46.35,46.5,47.02,56.18,56.96
TENNANT-CREEK-AIRPORT,15135,-19.64,134.18,r1i1p1,rcp26,GFDL-ESM2M,2040-2059,19.31,26.54,20.06,15.22,15.44,22.9,15.71,23.24,31.11,22.52,18.15,19.51,19.51,14.7,11.46,13.15,15.92,17.24,25.18
TOWNSVILLE-AERO,32040,-19.25,146.77,r1i1p1,rcp26,GFDL-ESM2M,2040-2059,53.22,59.44,54.27,45.93,53.17,57.84,48.56,56.06,61.67,58.58,53.37,50.85,46.96,44.26,46.55,48.85,53.89,56.77,60.84
WAGGA-WAGGA-AMO,72150,-35.16,147.46,r1i1p1,rcp26,GFDL-ESM2M,2040-2059,41.05,26.68,38.5,59.91,38.93,29.14,52.84,23.64,29.29,29.58,35.82,50.1,64.56,63.1,52.06,49.03,38.17,29.59,27.72
WILLIAMTOWN-RAAF,61078,-32.79,151.84,r1i1p1,rcp26,GFDL-ESM2M,2040-2059,54.05,56.46,57.15,52.93,49.63,56.65,51.52,53.84,60.45,59.77,55.23,56.44,57.03,55.48,46.28,46.48,47.41,54.99,55.16
WOOMERA-AERODROME,16001,-31.16,136.81,r1i1p1,rcp26,GFDL-ESM2M,2040-2059,24.99,19.19,25.74,36.27,18.73,19.84,30.16,17.85,21.45,20.02,24.94,32.26,42.14,37.34,29.32,22.02,17.87,16.32,18.38
ADELAIDE-KENT-TOWN,23090,-34.92,138.62,r1i1p1,rcp26,GFDL-ESM2M,2060-2079,45.95,37.42,46.19,58.02,42.12,39.37,52.51,36,38.67,40.56,44.83,53.18,61.89,58.25,53.92,47.08,40.74,38.54,37.76
ALBANY-AIRPORT-COMPARISON,9741,-34.94,117.8,r1i1p1,rcp26,GFDL-ESM2M,2060-2079,60.96,55.98,58.71,65.99,63.2,57.46,64.53,55.47,54.91,56.49,57.88,61.76,66.44,66.12,65.43,63.98,63.43,62.2,57.39
ALICE-SPRINGS-AIRPORT,15590,-23.8,133.89,r1i1p1,rcp26,GFDL-ESM2M,2060-2079,20.74,19.3,22.74,24.44,16.56,19.11,22.4,15.31,24.25,18.99,20.49,28.74,27.75,25.63,19.95,13.58,18.75,17.34,18.13
AMBERLEY-AMO,40004,-27.63,152.71,r1i1p1,rcp26,GFDL-ESM2M,2060-2079,43.62,49.19,48.44,38.51,38.38,48.25,39.03,46.67,53.4,50.89,46.48,47.96,42.48,39.02,34.03,31.91,38.76,44.46,47.39
BRISBANE-AERO,40842,-27.39,153.13,r1i1p1,rcp26,GFDL-ESM2M,2060-2079,55.17,60.46,57.91,48.4,53.9,59.45,50.83,58.85,62.49,60.6,56.75,56.37,50.31,49.1,45.79,47.97,55.45,58.27,60.11
BROOME-AIRPORT,3003,-17.95,122.23,r1i1p1,rcp26,GFDL-ESM2M,2060-2079,47.82,64.27,44.52,30.24,52.25,58.56,37.12,63.54,68.05,58.82,41.58,33.17,29.34,28.49,32.91,43.85,54.99,57.91,61.24
CAIRNS-AERO,31011,-16.87,145.75,r1i1p1,rcp26,GFDL-ESM2M,2060-2079,61.57,64.99,65.85,57.51,57.88,64.93,58.22,61.33,70.1,68.06,65.45,64.03,60.51,57.29,54.73,54.3,58.48,60.86,63.66
CANBERRA-AIRPORT-COMPARISON,70014,-35.3,149.2,r1i1p1,rcp26,GFDL-ESM2M,2060-2079,45.14,36.59,45.51,55.12,43.18,38.74,51.46,33.51,39.63,40.04,43.26,53.25,59.44,57.62,48.29,48.04,42.14,39.37,37.06
CARNARVON-AIRPORT,6011,-24.89,113.67,r1i1p1,rcp26,GFDL-ESM2M,2060-2079,50.44,54.15,49.98,47.12,50.54,52.62,48.28,55.24,51.28,49.92,51.63,48.4,47.22,46.66,47.48,48.91,51.03,51.67,55.85
CEDUNA-AMO,18012,-32.13,133.7,r1i1p1,rcp26,GFDL-ESM2M,2060-2079,44.23,43.51,43.86,47.65,41.9,42.91,45.55,42.12,45.6,42.43,43.28,45.86,49.71,48.52,44.72,42.63,41.83,41.23,42.79
CHARLEVILLE-AERO,44021,-26.42,146.25,r1i1p1,rcp26,GFDL-ESM2M,2060-2079,26.09,26.84,28.46,28.95,19.97,26.44,25.62,23.13,34.3,27.55,26.59,31.25,34.06,31.13,21.65,16.68,18.94,24.29,23.53
COBAR-MO,48027,-31.49,145.83,r1i1p1,rcp26,GFDL-ESM2M,2060-2079,31.39,23.83,34.64,43.23,23.78,26.1,36.65,21.35,27.78,29.18,32.33,42.42,46.82,47.08,35.8,24.82,22.96,23.55,22.55
COFFS-HARBOUR-MO,59040,-30.31,153.12,r1i1p1,rcp26,GFDL-ESM2M,2060-2079,61.38,66.85,64.79,53.89,59.98,66.33,56.44,65.04,69.61,68.76,63.03,62.58,56.01,54.79,50.86,54.92,59.48,65.53,65.91
DARWIN-AIRPORT,14015,-12.42,130.89,r1i1p1,rcp26,GFDL-ESM2M,2060-2079,52.16,68.06,51.78,36.06,52.84,63.23,41.19,67.16,73.12,66.34,49.31,39.7,33.62,36.44,38.13,46.26,52.98,59.28,63.65
DUBBO-AIRPORT-AWS,65070,-32.22,148.58,r1i1p1,rcp26,GFDL-ESM2M,2060-2079,41.08,32.25,42.13,53.82,35.84,34.39,47.84,29.61,36.33,37.22,39.16,50.01,56,57.6,47.66,41.51,33.24,32.28,31.03
EAST-SALE-AIRPORT,85072,-38.12,147.13,r1i1p1,rcp26,GFDL-ESM2M,2060-2079,55.31,50.5,56.47,60.37,53.85,52,58.59,48.97,52.21,52.58,55.42,61.4,64.33,61.81,54.96,55.16,53.87,52.52,50.51
ESPERANCE,9789,-33.83,121.89,r1i1p1,rcp26,GFDL-ESM2M,2060-2079,55.78,55.91,53.81,57.72,55.82,55.39,56.22,54.62,56.85,54.3,53.64,53.5,58.34,58.89,55.92,56.22,54.45,56.78,55.92
GERALDTON-AIRPORT-COMPARISON,8051,-28.8,114.7,r1i1p1,rcp26,GFDL-ESM2M,2060-2079,46.54,42.93,42.16,53.46,47.7,42.44,50.7,43.38,39.07,39.15,42.31,45.03,50.81,54.55,55.02,51.72,47.08,44.29,46.06
HOBART-ELLERSLIE-ROAD,94029,-42.89,147.33,r1i1p1,rcp26,GFDL-ESM2M,2060-2079,55.47,52.46,56.4,60.26,52.89,53.25,57.76,53.3,51.91,52.71,56.72,59.77,62.81,61.73,56.24,53.91,52.11,52.66,51.8
KALGOORLIE-BOULDER-AIRPORT,12038,-30.78,121.45,r1i1p1,rcp26,GFDL-ESM2M,2060-2079,30.12,23.34,33.76,39.73,23.74,25.45,34.71,20.14,27.28,27.07,32.83,40.44,43.34,41.28,34.57,26.08,22.56,22.58,22.02
LAUNCESTON-AIRPORT-COMPARISON,91104,-41.54,147.2,r1i1p1,rcp26,GFDL-ESM2M,2060-2079,55.69,45.91,54.41,68.37,54.18,47.82,63.62,46.54,46.08,44.83,54.43,63.98,70.63,70.6,63.88,58.37,54.29,49.88,44.72
LAVERTON-RAAF,87031,-37.86,144.76,r1i1p1,rcp26,GFDL-ESM2M,2060-2079,54.48,48.81,55.04,61.95,52.05,50.1,58.77,49.07,50.26,50.62,53.98,60.53,65.45,62.26,58.13,54.22,52,49.93,47.25
MACKAY-M.O,33119,-21.12,149.22,r1i1p1,rcp26,GFDL-ESM2M,2060-2079,67.18,69.21,71.42,65.77,62.34,69.07,65.3,66.48,73.05,72.03,71.78,70.46,66.6,67.34,63.37,60.91,63.16,62.94,68.06
MEEKATHARRA-AIRPORT,7045,-26.61,118.54,r1i1p1,rcp26,GFDL-ESM2M,2060-2079,21.63,17.02,25.65,29.19,14.53,18.7,24.48,14.93,22.8,20.91,26.22,29.82,33.39,30.49,23.67,15.03,14.49,14.06,13.33
MELBOURNE-AIRPORT,86282,-37.68,144.84,r1i1p1,rcp26,GFDL-ESM2M,2060-2079,51.35,43.64,52.02,60.83,48.8,45.55,57.04,43.51,45.19,46.47,50.64,58.95,64.76,61.9,55.84,51.84,48.93,45.63,42.56
MILDURA-AIRPORT,76031,-34.23,142.08,r1i1p1,rcp26,GFDL-ESM2M,2060-2079,34.65,25.39,36.87,48.5,27.82,27.61,41.7,22.61,29.19,29.36,35.16,46.09,53.06,50.74,41.71,32.57,26.01,24.87,24.4
MOREE-AERO,53115,-29.49,149.85,r1i1p1,rcp26,GFDL-ESM2M,2060-2079,35.47,34.23,36.21,41.73,29.45,33.98,36.87,32.41,38.36,34.53,34.21,39.89,44.39,44.63,36.16,28.97,27.17,32.23,32.7
MOUNT-GAMBIER-AERO,26021,-37.75,140.77,r1i1p1,rcp26,GFDL-ESM2M,2060-2079,56.53,46.3,54.8,69.43,55.73,48.16,64.99,45.59,44.78,46.36,53.14,64.89,73.04,69.69,65.56,59.52,57.24,50.44,48.14
MOUNT-ISA-AERO,29127,-20.68,139.49,r1i1p1,rcp26,GFDL-ESM2M,2060-2079,22.72,29.23,25.46,19.34,16.8,26.6,18.81,25.29,36.01,29.48,22.26,24.63,22.49,21.32,14.22,13.4,16.77,20.22,26.58
NOWRA-RAN-AIR-STATION-AWS,68072,-34.95,150.54,r1i1p1,rcp26,GFDL-ESM2M,2060-2079,56.06,59.57,59.14,52.85,52.36,58.99,53.11,57.27,64.17,60.69,57.42,59.3,55.57,54.71,48.28,48.99,51.52,56.74,57.66
PERTH-AIRPORT,9021,-31.93,115.98,r1i1p1,rcp26,GFDL-ESM2M,2060-2079,43.61,34.15,40.37,55.19,44.88,36.1,51.24,33.89,31.47,33.73,40.31,47.06,55.56,56.74,53.27,51.86,42.96,39.81,36.63
PORT-HEDLAND-AIRPORT,4032,-20.37,118.63,r1i1p1,rcp26,GFDL-ESM2M,2060-2079,35.49,48.35,33.72,25.97,34.03,42.63,28.44,48.34,50.71,39.97,31.37,29.84,27.52,24.47,25.92,27.88,35.03,39.19,45.61
RICHMOND-RAAF,67105,-33.6,150.78,r1i1p1,rcp26,GFDL-ESM2M,2060-2079,46.19,47.25,51.52,46.62,39.26,47.7,44.7,44.18,53.26,51.93,48.79,53.84,50.71,48.95,40.18,37.4,37.1,43.27,44.68
ROCKHAMPTON-AERO,39083,-23.38,150.48,r1i1p1,rcp26,GFDL-ESM2M,2060-2079,44.61,50.79,48.19,39.91,39.6,49.1,40.16,48.72,53.88,50.38,48.04,46.16,42.77,40.22,36.73,34.68,40.43,43.69,49.58
SYDNEY-AIRPORT-AMO,66037,-33.94,151.17,r1i1p1,rcp26,GFDL-ESM2M,2060-2079,54.62,57.74,59.16,51.61,49.86,57.75,51.51,55.65,62.41,60.55,57.75,59.18,54.43,53.4,47,47.37,47.7,54.49,55.46
TENNANT-CREEK-AIRPORT,15135,-19.64,134.18,r1i1p1,rcp26,GFDL-ESM2M,2060-2079,21.59,27.8,23.58,18.06,16.97,24.93,18.24,25.45,32.74,25.85,20.82,24.06,20.18,20.14,13.87,13.53,17.68,19.7,25.11
TOWNSVILLE-AERO,32040,-19.25,146.77,r1i1p1,rcp26,GFDL-ESM2M,2060-2079,55.1,61.34,57.06,48.55,53.38,59.7,50.46,57.91,65.98,61.27,56.36,53.56,48.42,48.78,48.46,49.04,54.53,56.58,60.36
WAGGA-WAGGA-AMO,72150,-35.16,147.46,r1i1p1,rcp26,GFDL-ESM2M,2060-2079,42.24,27.04,40.7,60.47,40.56,30.22,54.13,23.7,30.56,32.06,37.34,52.69,64.44,63.71,53.26,51.11,39.58,30.99,27.46
WILLIAMTOWN-RAAF,61078,-32.79,151.84,r1i1p1,rcp26,GFDL-ESM2M,2060-2079,54.75,56.16,59.55,53.57,49.68,56.81,52.76,53.6,61.2,61.03,57.22,60.4,57.25,56,47.47,47.32,48.12,53.61,53.74
WOOMERA-AERODROME,16001,-31.16,136.81,r1i1p1,rcp26,GFDL-ESM2M,2060-2079,26.08,19.03,27.97,37.34,19.95,20.61,31.57,16.9,21.73,22.25,25.96,35.71,42.77,38.36,30.9,22.3,19.4,18.15,18.57
ADELAIDE-KENT-TOWN,23090,-34.92,138.62,r1i1p1,rcp26,GFDL-ESM2M,2080-2099,45.16,37.49,44.83,57.55,40.91,38.58,51.83,36.2,38.49,39.41,43.39,51.69,61.69,59.13,51.83,46.4,40.22,36.1,37.38
ALBANY-AIRPORT-COMPARISON,9741,-34.94,117.8,r1i1p1,rcp26,GFDL-ESM2M,2080-2099,60.78,55.51,59.36,65.6,62.69,57.35,64.3,55.73,53.67,57.06,58.61,62.4,65.95,66.18,64.68,64.02,62.6,61.46,57.06
ALICE-SPRINGS-AIRPORT,15590,-23.8,133.89,r1i1p1,rcp26,GFDL-ESM2M,2080-2099,19.91,19.28,21.04,24.06,15.05,18.61,21.13,15.38,22.08,17.76,18.29,27.07,29.89,24.6,17.69,13.01,14.49,17.65,21.01
AMBERLEY-AMO,40004,-27.63,152.71,r1i1p1,rcp26,GFDL-ESM2M,2080-2099,42.87,47.94,47.71,38.73,37.18,47.41,38.4,46.15,51.06,49.82,47.42,45.89,43.58,39.55,33.07,30.23,38.07,43.25,46.31
BRISBANE-AERO,40842,-27.39,153.13,r1i1p1,rcp26,GFDL-ESM2M,2080-2099,54.97,59.71,57.7,49.13,53.23,59.14,50.69,58.66,60.87,60.1,58.29,54.71,52.09,50.16,45.13,46.67,55.38,57.63,59.91
BROOME-AIRPORT,3003,-17.95,122.23,r1i1p1,rcp26,GFDL-ESM2M,2080-2099,47.82,64.94,44.33,30.16,51.79,58.88,36.75,63.57,68.56,59.62,41.85,31.52,30.99,27.83,31.66,45.57,52.91,56.89,62.89
CAIRNS-AERO,31011,-16.87,145.75,r1i1p1,rcp26,GFDL-ESM2M,2080-2099,60.98,65.41,64.13,56.78,57.71,64.55,57.54,63.32,67.51,66.5,63.6,62.28,60.92,56.16,53.26,54.55,58.08,60.51,65.06
CANBERRA-AIRPORT-COMPARISON,70014,-35.3,149.2,r1i1p1,rcp26,GFDL-ESM2M,2080-2099,43.47,34.21,42.33,55.49,42.08,36.78,50.25,31.39,36.1,35.92,41.33,49.76,59.91,58.28,48.29,43.95,41.32,40.96,34.43
CARNARVON-AIRPORT,6011,-24.89,113.67,r1i1p1,rcp26,GFDL-ESM2M,2080-2099,51.5,55.18,52.27,48.5,50,53.97,49.02,55.94,54.75,52.3,54.33,50.18,49.91,47.99,47.59,48.72,49.76,51.51,55.03
CEDUNA-AMO,18012,-32.13,133.7,r1i1p1,rcp26,GFDL-ESM2M,2080-2099,44.1,43.85,43.29,48.01,41.38,42.77,45.52,42.72,45.72,41.65,42.98,45.24,51,49.68,43.35,42.91,40.94,40.27,42.75
CHARLEVILLE-AERO,44021,-26.42,146.25,r1i1p1,rcp26,GFDL-ESM2M,2080-2099,23.78,24.02,25.91,27.69,17.61,23.94,23.8,21.82,28.53,25.52,24.17,28.06,33.82,29.87,19.37,14.65,17.06,21.13,21.39
COBAR-MO,48027,-31.49,145.83,r1i1p1,rcp26,GFDL-ESM2M,2080-2099,29.39,21.75,31.52,41.97,22.59,24.19,34.86,19.03,23.19,25.57,29.54,39.44,47.78,46.66,31.46,22.48,21.36,23.94,22.28
COFFS-HARBOUR-MO,59040,-30.31,153.12,r1i1p1,rcp26,GFDL-ESM2M,2080-2099,60.62,65.04,63.77,54.5,59.26,65.4,55.89,63.62,65.87,67.65,63.78,59.89,57.68,55.3,50.51,52.83,59.13,65.83,65.35
DARWIN-AIRPORT,14015,-12.42,130.89,r1i1p1,rcp26,GFDL-ESM2M,2080-2099,52.21,69.36,51.57,35.82,51.96,63.59,40.79,69.42,73.2,65.97,49.61,39.13,34.89,35.25,37.31,46.78,51.38,57.74,65.79
DUBBO-AIRPORT-AWS,65070,-32.22,148.58,r1i1p1,rcp26,GFDL-ESM2M,2080-2099,39.26,29.07,39.94,53.33,34.83,32.41,46.35,26.2,30.41,33.89,38.54,47.4,56.74,57.54,45.39,37.64,32.32,34.06,30.03
EAST-SALE-AIRPORT,85072,-38.12,147.13,r1i1p1,rcp26,GFDL-ESM2M,2080-2099,53.71,48.84,53.23,60.59,52.49,49.91,57.8,47.09,49.89,49.11,51.92,58.67,64.29,62.33,55.15,53.15,53.19,51.12,48.65
ESPERANCE,9789,-33.83,121.89,r1i1p1,rcp26,GFDL-ESM2M,2080-2099,55.66,55.1,53.86,58.09,55.57,54.66,56.66,55.29,54.7,53.22,54.26,54.1,58.93,59.65,55.69,57.63,53.97,55.12,55.37
GERALDTON-AIRPORT-COMPARISON,8051,-28.8,114.7,r1i1p1,rcp26,GFDL-ESM2M,2080-2099,47.21,43.55,43.58,54.28,47.33,43.15,51.27,43.97,41.27,40.01,44.1,46.62,52.81,55.59,54.44,51.93,46.21,43.85,45.68
HOBART-ELLERSLIE-ROAD,94029,-42.89,147.33,r1i1p1,rcp26,GFDL-ESM2M,2080-2099,55.28,52.04,56.01,60.34,53.06,52.83,57.92,53,51.79,52.97,55.58,59.47,63.41,61.76,55.87,54.38,52.66,52.13,50.31
KALGOORLIE-BOULDER-AIRPORT,12038,-30.78,121.45,r1i1p1,rcp26,GFDL-ESM2M,2080-2099,30.08,22.86,33.88,41.13,22.54,24.84,35.28,20.79,26.29,25.41,34.03,41.13,45.85,43.16,34.36,26.28,20.9,20.45,20.93
LAUNCESTON-AIRPORT-COMPARISON,91104,-41.54,147.2,r1i1p1,rcp26,GFDL-ESM2M,2080-2099,55.4,45.09,53.86,68.29,54.54,47.21,63.65,45.58,45.38,44.68,53.7,63.19,70.8,70.81,63.28,59.13,54.68,49.82,43.78
LAVERTON-RAAF,87031,-37.86,144.76,r1i1p1,rcp26,GFDL-ESM2M,2080-2099,53.18,47.46,52.44,61.9,51.16,48.35,58.21,47.62,48.71,47.91,50.84,58.58,65.54,62.89,57.26,52.9,52.09,48.51,45.31
MACKAY-M.O,33119,-21.12,149.22,r1i1p1,rcp26,GFDL-ESM2M,2080-2099,65.99,68.8,70.03,63.69,61.65,68.56,63.65,66.45,70.88,70.87,70.14,69.08,67.47,63.2,60.41,59.54,62.19,63.2,68.42
MEEKATHARRA-AIRPORT,7045,-26.61,118.54,r1i1p1,rcp26,GFDL-ESM2M,2080-2099,21.75,17.24,24.85,30.95,13.79,18.36,25.09,15.57,22.81,18.21,27.46,28.87,37.24,32.79,22.83,15.6,13.23,12.54,13.43
MELBOURNE-AIRPORT,86282,-37.68,144.84,r1i1p1,rcp26,GFDL-ESM2M,2080-2099,49.98,42.46,49.22,60.82,47.71,43.83,56.38,42.04,43.99,43.52,47.39,56.74,64.62,62.65,55.19,50.26,48.81,44.07,40.48
MILDURA-AIRPORT,76031,-34.23,142.08,r1i1p1,rcp26,GFDL-ESM2M,2080-2099,33.06,23.91,33.51,48.76,26.18,25.26,40.96,22.4,25.8,25.52,31.12,43.88,54.28,52.31,39.68,30.93,24.7,22.92,23.14
MOREE-AERO,53115,-29.49,149.85,r1i1p1,rcp26,GFDL-ESM2M,2080-2099,33.54,30.99,34.57,41.3,27.51,31.82,35.39,30.17,33.42,33.15,33.2,37.35,45.82,45.16,32.93,25.74,25.35,31.44,28.76
MOUNT-GAMBIER-AERO,26021,-37.75,140.77,r1i1p1,rcp26,GFDL-ESM2M,2080-2099,56.08,46.15,54.11,69.26,55.03,47.49,64.85,45.3,44.95,46.09,52.06,64.16,73.43,70.47,63.86,60.09,57.09,47.92,47.49
MOUNT-ISA-AERO,29127,-20.68,139.49,r1i1p1,rcp26,GFDL-ESM2M,2080-2099,20.96,28,22.25,17.92,15.63,24.92,16.98,25.72,32.96,26.87,19.27,20.61,22.44,18.32,13,12.64,14.89,19.36,25.47
NOWRA-RAN-AIR-STATION-AWS,68072,-34.95,150.54,r1i1p1,rcp26,GFDL-ESM2M,2080-2099,54.76,57.59,57.18,53.08,51.19,57.6,52.04,55.82,59.87,57.92,57.29,56.31,56.26,55.04,47.93,45.92,50.48,57.29,56.62
PERTH-AIRPORT,9021,-31.93,115.98,r1i1p1,rcp26,GFDL-ESM2M,2080-2099,43.83,34.14,41.71,55.12,44.3,36.45,51.23,34.06,31.89,35.15,42.05,47.94,55.5,56.74,53.1,52.02,42.07,38.82,36.67
PORT-HEDLAND-AIRPORT,4032,-20.37,118.63,r1i1p1,rcp26,GFDL-ESM2M,2080-2099,35.43,48.51,33.25,26.62,33.15,42.19,28.63,48.27,51,39.22,31.18,29.35,30.96,24.15,24.75,28.45,34.13,36.89,46.79
RICHMOND-RAAF,67105,-33.6,150.78,r1i1p1,rcp26,GFDL-ESM2M,2080-2099,44.93,45.34,49.82,46.57,38.18,46.53,43.45,42.69,48.12,50.09,48.88,50.5,51.26,49.18,39.28,34.52,35.95,44.08,44.63
ROCKHAMPTON-AERO,39083,-23.38,150.48,r1i1p1,rcp26,GFDL-ESM2M,2080-2099,43.48,49.97,47.12,38.69,38.3,48.34,38.79,47.73,52.1,49.81,47.19,44.36,43.48,37.62,34.98,33.08,39.19,42.63,49.54
SYDNEY-AIRPORT-AMO,66037,-33.94,151.17,r1i1p1,rcp26,GFDL-ESM2M,2080-2099,53.66,56.1,57.97,51.94,48.82,56.89,50.55,54.58,57.53,59.3,58.39,56.22,55.36,54.06,46.41,44.54,46.73,55.19,55.63
TENNANT-CREEK-AIRPORT,15135,-19.64,134.18,r1i1p1,rcp26,GFDL-ESM2M,2080-2099,20.64,27.71,21.23,17.05,16.45,24.5,16.69,26.14,31.91,24.63,19.56,19.49,20.9,17.31,12.93,13.62,15.87,19.86,25.39
TOWNSVILLE-AERO,32040,-19.25,146.77,r1i1p1,rcp26,GFDL-ESM2M,2080-2099,54.37,61.15,55.74,47.18,53.52,59.18,49.67,58.6,62.9,59.71,54.61,52.89,49.42,45.8,46.32,49.51,54.11,56.96,61.62
WAGGA-WAGGA-AMO,72150,-35.16,147.46,r1i1p1,rcp26,GFDL-ESM2M,2080-2099,40.28,24.84,37.03,60.4,39.14,28.02,52.7,21.77,26.87,27.68,34.32,49.08,63.95,64.39,52.87,46.8,39.13,31.48,25.03
WILLIAMTOWN-RAAF,61078,-32.79,151.84,r1i1p1,rcp26,GFDL-ESM2M,2080-2099,53.76,54.22,58.52,53.8,48.69,55.9,51.74,52.18,56,59.93,58.02,57.61,58.16,56.7,46.55,44.31,47.1,54.64,53.91
WOOMERA-AERODROME,16001,-31.16,136.81,r1i1p1,rcp26,GFDL-ESM2M,2080-2099,25.39,19.48,26.3,37.43,18.4,19.92,30.91,18.99,21.29,19.78,24.5,34.61,44.53,39.26,28.5,21.06,17.5,16.63,17.98
ADELAIDE-KENT-TOWN,23090,-34.92,138.62,r1i1p1,rcp26,MIROC5,2020-2039,48.2,38.02,48.48,59.38,46.87,40.91,55.46,37.38,36.53,41.83,47.61,55.99,62.05,60.42,55.66,52.09,46.58,41.95,40.31
ALBANY-AIRPORT-COMPARISON,9741,-34.94,117.8,r1i1p1,rcp26,MIROC5,2020-2039,61.95,56.35,60.2,67.23,64.07,58.19,65.78,55.69,55.58,58.74,58.26,63.6,68.23,67.87,65.59,65.51,63.89,62.8,57.62
ALICE-SPRINGS-AIRPORT,15590,-23.8,133.89,r1i1p1,rcp26,MIROC5,2020-2039,24.84,22.83,27.17,30.6,18.86,22.83,26.89,19.68,25.58,23.2,24.86,33.46,37.1,30.95,23.76,16.9,19.18,20.51,22.94
AMBERLEY-AMO,40004,-27.63,152.71,r1i1p1,rcp26,MIROC5,2020-2039,44.38,49.3,49.92,39.92,38.39,48.53,40.25,47.8,53.25,51.18,48.73,49.84,44.56,38.68,36.51,33.19,38.71,43.28,46.77
BRISBANE-AERO,40842,-27.39,153.13,r1i1p1,rcp26,MIROC5,2020-2039,55.93,60.52,59.38,49.97,53.81,59.75,52.04,60.06,62.41,60.8,59.13,58.2,52.74,48.48,48.69,49.39,54.77,57.29,59.17
BROOME-AIRPORT,3003,-17.95,122.23,r1i1p1,rcp26,MIROC5,2020-2039,50.21,66.36,47.68,33.26,53.56,60.61,39.86,66.89,69.17,61.06,43.4,38.57,36.01,31.54,32.22,46.43,54.36,59.88,63.04
CAIRNS-AERO,31011,-16.87,145.75,r1i1p1,rcp26,MIROC5,2020-2039,62.34,65.6,66.65,58.87,58.18,65.56,59.13,63.67,68.83,68.56,67.33,64.06,61.69,57.38,57.53,56,58.1,60.45,64.43
CANBERRA-AIRPORT-COMPARISON,70014,-35.3,149.2,r1i1p1,rcp26,MIROC5,2020-2039,46.9,37.74,46.99,56.15,46.59,40.44,53.3,36.78,40.2,40.96,45.41,54.59,60.41,56.79,51.26,50.31,46.42,43.05,36.66
CARNARVON-AIRPORT,6011,-24.89,113.67,r1i1p1,rcp26,MIROC5,2020-2039,53.3,57.87,54.46,50.08,50.8,56.14,50.48,57.85,59.01,55.09,55.53,52.77,50.63,50.98,48.63,50.22,49.63,52.54,56.67
CEDUNA-AMO,18012,-32.13,133.7,r1i1p1,rcp26,MIROC5,2020-2039,46.72,45.28,46.17,50.44,45.02,45.09,48.36,44.39,45.58,45.03,45.66,47.81,51.79,50.85,48.68,46.34,44.67,44.03,45.85
CHARLEVILLE-AERO,44021,-26.42,146.25,r1i1p1,rcp26,MIROC5,2020-2039,28.45,27.94,30.9,32.9,21.92,27.71,29.06,25.75,35.09,28.55,29.65,34.49,37.38,33.68,27.65,21.04,20.11,24.59,23.43
COBAR-MO,48027,-31.49,145.83,r1i1p1,rcp26,MIROC5,2020-2039,35.13,26.62,37.39,45.91,30.54,29.17,41.07,25.59,30.79,31.19,34.9,46.07,50.93,47.27,39.52,32.77,29.85,28.99,23.7
COFFS-HARBOUR-MO,59040,-30.31,153.12,r1i1p1,rcp26,MIROC5,2020-2039,62.21,67.19,66.17,54.79,60.68,66.82,57.61,66.53,69,68.69,65.34,64.47,58.24,53.14,52.99,56.39,60.46,65.19,66.04
DARWIN-AIRPORT,14015,-12.42,130.89,r1i1p1,rcp26,MIROC5,2020-2039,53.2,69.34,54.57,37.54,51.45,64.42,42.07,70.16,71.86,67.31,52.84,43.55,37.1,36.31,39.21,45.46,50.81,58.07,65.73
DUBBO-AIRPORT-AWS,65070,-32.22,148.58,r1i1p1,rcp26,MIROC5,2020-2039,44.58,35.02,44.86,56.08,42.04,37.48,51.75,34.6,38.43,39.17,42.06,53.37,59.18,57.12,51.88,48.2,39.84,37.59,32.37
EAST-SALE-AIRPORT,85072,-38.12,147.13,r1i1p1,rcp26,MIROC5,2020-2039,55.81,50.02,56.28,60.95,55.92,51.93,59.65,49.4,49.31,52.01,55.07,61.77,64.35,61.96,56.54,57.77,55.52,54.47,51.55
ESPERANCE,9789,-33.83,121.89,r1i1p1,rcp26,MIROC5,2020-2039,57.77,56.85,57.6,59.14,57.59,57.27,58.31,56.69,56.71,57.81,57.52,57.49,60.15,59.9,57.38,58.8,56.16,57.8,56.81
GERALDTON-AIRPORT-COMPARISON,8051,-28.8,114.7,r1i1p1,rcp26,MIROC5,2020-2039,48.55,44.88,45.73,55.56,48.14,44.64,52.53,44.67,43.37,43.13,44.47,49.59,52.9,57.77,56.02,53,45.91,45.5,46.32
HOBART-ELLERSLIE-ROAD,94029,-42.89,147.33,r1i1p1,rcp26,MIROC5,2020-2039,55.56,51.76,56.51,60.59,53.5,53,58.19,51.98,51.19,52.81,56.65,60.07,63.53,61.42,56.83,54.91,52.36,53.22,51.76
KALGOORLIE-BOULDER-AIRPORT,12038,-30.78,121.45,r1i1p1,rcp26,MIROC5,2020-2039,33.08,25.63,38.35,42.64,25.82,28.61,37.48,22.75,29.93,32.28,37.48,44.34,46.42,43.95,37.55,29.28,23.34,24.84,23.62
LAUNCESTON-AIRPORT-COMPARISON,91104,-41.54,147.2,r1i1p1,rcp26,MIROC5,2020-2039,55.58,45.05,54.58,68.17,54.65,47.62,63.61,44.95,44.6,45.08,54.76,63.91,70.42,69.76,64.34,59.11,54.16,50.67,45.2
LAVERTON-RAAF,87031,-37.86,144.76,r1i1p1,rcp26,MIROC5,2020-2039,55.6,49.08,55.77,62.94,54.57,50.79,60.33,49.21,47.96,50.5,54.54,62.28,65.95,63.29,59.59,57.32,53.54,52.84,50.23
MACKAY-M.O,33119,-21.12,149.22,r1i1p1,rcp26,MIROC5,2020-2039,67.19,67.82,72.29,66.6,62.06,68.79,65.59,66.84,71.67,74.03,71.99,70.84,68.05,64.32,67.44,60.43,62.49,63.27,64.88
MEEKATHARRA-AIRPORT,7045,-26.61,118.54,r1i1p1,rcp26,MIROC5,2020-2039,26.33,20.83,30.48,35.93,17.91,22.71,29.85,17.62,27.33,25.39,30.92,35.13,40.73,37.64,29.41,20.17,16.02,17.53,17.62
MELBOURNE-AIRPORT,86282,-37.68,144.84,r1i1p1,rcp26,MIROC5,2020-2039,52.56,43.94,52.71,61.99,51.46,46.24,58.75,43.8,42.85,46.18,51.2,60.75,65.33,63.11,57.53,55.09,50.7,48.6,45.55
MILDURA-AIRPORT,76031,-34.23,142.08,r1i1p1,rcp26,MIROC5,2020-2039,37.44,26.69,38.94,50.86,33.27,29.33,45.56,25.58,27.75,30.91,36.51,49.39,54.81,52.67,45.09,39.32,32.09,28.39,26.77
MOREE-AERO,53115,-29.49,149.85,r1i1p1,rcp26,MIROC5,2020-2039,37.04,34.33,38.17,44.05,31.34,34.44,39.55,33.75,38.58,35.67,36.2,42.64,47.05,45.52,39.59,32.6,29.9,31.53,31.42
MOUNT-GAMBIER-AERO,26021,-37.75,140.77,r1i1p1,rcp26,MIROC5,2020-2039,57.94,45.69,56.87,70.56,58.79,48.85,67.13,44.81,43.13,47.56,55.15,67.89,74.32,71.55,65.82,63.72,59.5,53.16,48.71
MOUNT-ISA-AERO,29127,-20.68,139.49,r1i1p1,rcp26,MIROC5,2020-2039,24.94,31.22,29.27,21.95,17.23,29.51,20.33,30.65,36.05,33.37,27.65,26.78,26.42,21.91,17.52,14.09,15.23,22.37,27.18
NOWRA-RAN-AIR-STATION-AWS,68072,-34.95,150.54,r1i1p1,rcp26,MIROC5,2020-2039,57.92,61.1,60.66,53.84,55.8,60.76,55.07,61.51,64.38,61.39,59.34,61.24,56.89,54.19,50.43,51.98,55.51,60.13,57.79
PERTH-AIRPORT,9021,-31.93,115.98,r1i1p1,rcp26,MIROC5,2020-2039,45.42,35.34,43.23,56.8,46.45,37.83,53.13,34.75,33.76,37.39,41.99,50.3,57.74,58.26,54.41,52.52,45.53,41.3,37.05
PORT-HEDLAND-AIRPORT,4032,-20.37,118.63,r1i1p1,rcp26,MIROC5,2020-2039,40.05,52.38,39.58,32.16,36.2,46.7,33.5,53.2,56.64,45.17,36.98,36.58,36.28,31.44,28.75,31.46,36.5,40.65,46.91
RICHMOND-RAAF,67105,-33.6,150.78,r1i1p1,rcp26,MIROC5,2020-2039,48.48,49.65,53.6,47.61,42.94,50.12,46.86,48.73,54.32,53.21,51.21,56.38,52.61,48.16,42.05,40.63,41.33,46.86,46.26
ROCKHAMPTON-AERO,39083,-23.38,150.48,r1i1p1,rcp26,MIROC5,2020-2039,45.09,50.25,49.49,41.14,39.53,49.14,41.08,50.05,53.47,51.29,49.34,47.86,44.73,39.38,39.3,34.83,40.41,43.34,47.05
SYDNEY-AIRPORT-AMO,66037,-33.94,151.17,r1i1p1,rcp26,MIROC5,2020-2039,56.85,59.92,61.2,52.55,53.63,59.98,53.76,60.36,62.94,61.74,60.05,61.8,56.32,52.7,48.65,51.04,52.05,57.8,56.76
TENNANT-CREEK-AIRPORT,15135,-19.64,134.18,r1i1p1,rcp26,MIROC5,2020-2039,23.92,30.56,26.81,21.02,17.31,27.8,20.02,29.99,33.47,28.81,24.87,26.73,25.69,20.81,16.57,13.77,16.57,21.59,28.11
TOWNSVILLE-AERO,32040,-19.25,146.77,r1i1p1,rcp26,MIROC5,2020-2039,56.44,62.15,58.86,50.52,54.14,60.98,51.86,60.35,65.83,62.63,59.01,54.95,51.35,48.86,51.34,50.02,54.61,57.78,60.49
WAGGA-WAGGA-AMO,72150,-35.16,147.46,r1i1p1,rcp26,MIROC5,2020-2039,44.67,28.46,42.44,62.26,45.29,32.14,57.06,26.68,30.89,33.32,39.69,54.33,65.52,63.8,57.45,55.59,45.65,34.64,28.44
WILLIAMTOWN-RAAF,61078,-32.79,151.84,r1i1p1,rcp26,MIROC5,2020-2039,57.18,58.56,62,54.71,53.42,59.25,55.18,58.07,61.86,62.25,60.06,63.69,59.56,54.9,49.66,50.73,52.54,56.97,55.82
WOOMERA-AERODROME,16001,-31.16,136.81,r1i1p1,rcp26,MIROC5,2020-2039,29.35,21.9,30.13,40.12,25.18,23.46,35.25,20.54,22.67,23.81,28.54,38.04,44.8,40.6,34.96,27.84,25.26,22.45,22.65
ADELAIDE-KENT-TOWN,23090,-34.92,138.62,r1i1p1,rcp26,MIROC5,2040-2059,48.03,37.66,48.32,59.72,46.36,40.57,55.47,36.53,35.87,41.46,47.45,56.06,62.66,60.74,55.76,52.09,45.52,41.49,40.75
ALBANY-AIRPORT-COMPARISON,9741,-34.94,117.8,r1i1p1,rcp26,MIROC5,2040-2059,62.02,56.35,60.67,67.01,64.13,58.43,65.7,55.7,55.8,58.63,59.2,64.17,67.61,67.55,65.86,65.28,63.72,63.38,57.37
ALICE-SPRINGS-AIRPORT,15590,-23.8,133.89,r1i1p1,rcp26,MIROC5,2040-2059,24.46,22.97,27.05,29.74,18.16,22.85,26.1,18.38,25.86,22.04,26.34,32.79,35.86,30.44,22.94,16.32,18.27,19.87,24.4
AMBERLEY-AMO,40004,-27.63,152.71,r1i1p1,rcp26,MIROC5,2040-2059,43.28,48.39,48.61,39.59,36.55,47.19,39.39,46.79,52.97,49.56,47.79,48.48,44.02,38.94,35.81,32.11,36.96,40.56,45.31
BRISBANE-AERO,40842,-27.39,153.13,r1i1p1,rcp26,MIROC5,2040-2059,54.64,59.53,57.99,49.53,51.5,58.27,50.96,59.11,62.17,59.21,57.99,56.75,52.05,48.76,47.77,47.93,52.47,54.1,57.38
BROOME-AIRPORT,3003,-17.95,122.23,r1i1p1,rcp26,MIROC5,2040-2059,49.56,65.97,46.57,33.13,52.55,60.14,39.01,65.47,71.23,58.8,44.74,36.16,36.04,31.57,31.79,45.36,53.15,59.14,61.23
CAIRNS-AERO,31011,-16.87,145.75,r1i1p1,rcp26,MIROC5,2040-2059,60.87,63.42,64.77,58.34,56.91,63.55,58.21,62.16,66.73,65.9,65.97,62.44,60.68,57.74,56.61,54.87,56.92,58.94,61.49
CANBERRA-AIRPORT-COMPARISON,70014,-35.3,149.2,r1i1p1,rcp26,MIROC5,2040-2059,45.87,36.86,45.37,56.22,44.89,39.15,52.53,35.85,38.92,38.99,44.24,52.88,60.5,57.03,51.14,49.02,44.59,41.06,36.21
CARNARVON-AIRPORT,6011,-24.89,113.67,r1i1p1,rcp26,MIROC5,2040-2059,53.24,57.61,53.92,50.17,51.29,56.26,50.24,56.59,60.67,54.82,55.54,51.39,50.55,51.16,48.78,49.83,49.72,54.32,55.49
CEDUNA-AMO,18012,-32.13,133.7,r1i1p1,rcp26,MIROC5,2040-2059,46.57,44.81,46.26,50.7,44.52,44.76,48.38,43.48,44.71,44.65,46,48.14,52.11,51.39,48.59,46.37,43.7,43.5,46.23
CHARLEVILLE-AERO,44021,-26.42,146.25,r1i1p1,rcp26,MIROC5,2040-2059,27.75,27.53,30.1,32.27,20.94,26.97,28.41,24.48,34.58,27.56,29.33,33.43,36.78,33.49,26.53,20.45,19.75,22.62,24
COBAR-MO,48027,-31.49,145.83,r1i1p1,rcp26,MIROC5,2040-2059,34.48,26.09,36.54,46.14,29.08,28.26,40.68,24.18,30.48,29.86,35.27,44.49,50.44,47.79,40.19,32.24,28.93,26.07,23.83
COFFS-HARBOUR-MO,59040,-30.31,153.12,r1i1p1,rcp26,MIROC5,2040-2059,61.03,66.4,64.87,54.48,58.39,65.5,56.59,65.32,68.91,67.11,64.51,63,57.41,53.5,52.52,54.83,58.26,62.07,64.96
DARWIN-AIRPORT,14015,-12.42,130.89,r1i1p1,rcp26,MIROC5,2040-2059,53.07,68.86,54.54,37.71,51.27,64.1,42.13,69.6,71.79,67.14,53.14,43.34,37.24,36.94,38.95,45.37,50.92,57.51,64.93
DUBBO-AIRPORT-AWS,65070,-32.22,148.58,r1i1p1,rcp26,MIROC5,2040-2059,43.68,33.83,43.79,56.34,40.43,36.15,51.28,32.91,37.42,37.54,41.84,51.98,59.02,57.54,52.45,47.09,38.73,35.02,31.47
EAST-SALE-AIRPORT,85072,-38.12,147.13,r1i1p1,rcp26,MIROC5,2040-2059,54.88,49.27,54.83,60.66,54.69,50.66,59.06,48.96,48.16,50.07,53.59,60.82,64.39,61.66,55.93,57.26,54.3,52.5,50.87
ESPERANCE,9789,-33.83,121.89,r1i1p1,rcp26,MIROC5,2040-2059,57.74,56.82,57.47,59.35,57.45,57.22,58.3,56.6,56.84,56.94,57.7,57.76,59.99,60.24,57.82,57.95,56.06,58.34,56.66
GERALDTON-AIRPORT-COMPARISON,8051,-28.8,114.7,r1i1p1,rcp26,MIROC5,2040-2059,48.62,45.06,45.12,56.06,48.35,44.58,52.73,44.15,43.78,41.93,44.14,49.29,53.38,58.2,56.6,52.89,46.03,46.14,46.97
HOBART-ELLERSLIE-ROAD,94029,-42.89,147.33,r1i1p1,rcp26,MIROC5,2040-2059,55.5,51.82,56.42,60.51,53.35,52.83,58.23,52.48,50.86,52.49,56.2,60.56,63.82,61.49,56.23,54.8,52.48,52.77,51.76
KALGOORLIE-BOULDER-AIRPORT,12038,-30.78,121.45,r1i1p1,rcp26,MIROC5,2040-2059,33.14,25.51,37.97,43.41,25.77,28.44,37.76,23.09,29.79,30.55,37.87,44.43,46.93,44.9,38.39,28.87,23.03,25.42,23.09
LAUNCESTON-AIRPORT-COMPARISON,91104,-41.54,147.2,r1i1p1,rcp26,MIROC5,2040-2059,54.98,44.53,54.09,67.59,53.85,46.89,63.15,44.73,43.83,44.19,53.95,64.13,70.57,69.19,62.99,58.35,53.66,49.55,44.66
LAVERTON-RAAF,87031,-37.86,144.76,r1i1p1,rcp26,MIROC5,2040-2059,55.48,48.94,55.63,62.8,54.48,50.47,60.4,49.07,47.4,50.16,54.33,62.4,66.27,62.94,59.19,58.12,53.5,51.83,50.52
MACKAY-M.O,33119,-21.12,149.22,r1i1p1,rcp26,MIROC5,2040-2059,66.45,65.89,71.12,67.53,61.28,66.95,65.96,64.91,70.1,70.94,71.74,70.67,67.76,66.52,68.31,60.74,61.75,61.35,62.6
MEEKATHARRA-AIRPORT,7045,-26.61,118.54,r1i1p1,rcp26,MIROC5,2040-2059,25.4,19.98,28.54,35.61,17.3,21.7,29.01,17.61,26.62,22.48,30.46,32.7,40.48,37.61,28.75,19.55,14.98,17.38,15.7
MELBOURNE-AIRPORT,86282,-37.68,144.84,r1i1p1,rcp26,MIROC5,2040-2059,52.48,43.94,52.59,61.86,51.4,46.01,58.83,43.77,42.49,45.89,51.02,60.86,65.63,62.76,57.19,55.92,50.6,47.69,45.95
MILDURA-AIRPORT,76031,-34.23,142.08,r1i1p1,rcp26,MIROC5,2040-2059,37.45,26.71,38.89,51.47,32.73,29.27,45.65,24.96,27.58,30.75,37.01,48.92,55.36,53.64,45.4,39.47,31.1,27.6,27.62
MOREE-AERO,53115,-29.49,149.85,r1i1p1,rcp26,MIROC5,2040-2059,36.37,33.67,37.5,43.97,30.11,33.54,39.12,32.32,38.34,34.43,36.2,41.88,46.68,45.86,39.37,31.95,28.97,29.42,31.08
MOUNT-GAMBIER-AERO,26021,-37.75,140.77,r1i1p1,rcp26,MIROC5,2040-2059,57.73,45.54,56.56,70.66,58.28,48.5,67.05,44.68,42.78,47.08,54.83,67.77,74.21,71.85,65.93,63.57,58.98,52.3,48.76
MOUNT-ISA-AERO,29127,-20.68,139.49,r1i1p1,rcp26,MIROC5,2040-2059,24.48,30.75,28.06,21.98,17.04,28.68,20.23,27.84,35.87,30.43,27.37,26.38,26.25,22.46,17.24,13.92,15.13,22.07,28.76
NOWRA-RAN-AIR-STATION-AWS,68072,-34.95,150.54,r1i1p1,rcp26,MIROC5,2040-2059,56.54,59.82,58.74,53.82,53.47,58.9,54.16,59.96,63.07,58.81,57.97,59.44,56.79,54.54,50.12,50.51,53.33,56.77,56.81
PERTH-AIRPORT,9021,-31.93,115.98,r1i1p1,rcp26,MIROC5,2040-2059,45.35,35.31,42.9,56.98,46.38,37.68,53.16,34.36,33.38,36.22,42.22,50.25,57.79,58.47,54.68,52.22,45.52,41.39,37.72
PORT-HEDLAND-AIRPORT,4032,-20.37,118.63,r1i1p1,rcp26,MIROC5,2040-2059,38.78,51.51,37.75,31.28,34.71,45.66,32,51.71,56.73,42.78,36.42,34.04,35.47,30.82,27.55,30.05,34.06,40.01,45.7
RICHMOND-RAAF,67105,-33.6,150.78,r1i1p1,rcp26,MIROC5,2040-2059,47.46,48.66,51.99,47.85,41.23,48.67,46.26,47.44,53.52,50.85,50.52,54.59,52.61,48.72,42.21,39.44,40.02,44.24,45.38
ROCKHAMPTON-AERO,39083,-23.38,150.48,r1i1p1,rcp26,MIROC5,2040-2059,44.65,49.61,48.9,41.17,38.98,48.49,40.86,48.82,53.1,49.91,49.58,47.2,44.34,39.82,39.35,34.66,39.79,42.5,46.75
SYDNEY-AIRPORT-AMO,66037,-33.94,151.17,r1i1p1,rcp26,MIROC5,2040-2059,55.73,58.99,59.46,52.72,51.65,58.44,53.04,59.18,62.18,59.26,59.15,59.96,56.3,53.17,48.71,49.58,50.56,54.8,55.89
TENNANT-CREEK-AIRPORT,15135,-19.64,134.18,r1i1p1,rcp26,MIROC5,2040-2059,23.85,30.59,26.71,20.83,17.31,27.82,19.87,27.44,35.85,27.49,26.29,26.34,25.23,21.07,16.19,13.84,16.53,21.57,28.35
TOWNSVILLE-AERO,32040,-19.25,146.77,r1i1p1,rcp26,MIROC5,2040-2059,55.1,59.95,57.04,50.15,53.18,58.88,51.28,58.37,63.82,59.6,57.65,53.89,50.18,49.17,51.11,49.52,53.82,56.22,57.87
WAGGA-WAGGA-AMO,72150,-35.16,147.46,r1i1p1,rcp26,MIROC5,2040-2059,43.93,27.89,41.27,62.24,44.12,31.27,56.46,25.99,29.89,31.84,38.93,53.03,65.46,63.91,57.36,54.81,44.18,33.36,28.41
WILLIAMTOWN-RAAF,61078,-32.79,151.84,r1i1p1,rcp26,MIROC5,2040-2059,55.86,57.45,59.99,54.82,51.18,57.54,54.26,56.43,61.35,59.59,59.07,61.31,59.29,55.45,49.73,48.97,50.82,53.75,54.62
WOOMERA-AERODROME,16001,-31.16,136.81,r1i1p1,rcp26,MIROC5,2040-2059,29.52,21.96,30.6,40.78,24.69,23.66,35.4,20.16,21.81,24.49,29.46,37.84,45.53,41.55,35.27,27.91,24.29,21.86,24.08
ADELAIDE-KENT-TOWN,23090,-34.92,138.62,r1i1p1,rcp26,MIROC5,2060-2079,47.94,37.88,47.75,59.48,46.61,40.53,55.33,37.02,36.67,40.9,47.05,55.31,62.47,60.08,55.89,52.18,46.05,41.6,40.13
ALBANY-AIRPORT-COMPARISON,9741,-34.94,117.8,r1i1p1,rcp26,MIROC5,2060-2079,61.76,56.18,60.14,66.67,64.11,58.14,65.45,55.81,55.16,59.16,57.82,63.43,67.4,67.24,65.35,65.21,64.09,63.02,57.42
ALICE-SPRINGS-AIRPORT,15590,-23.8,133.89,r1i1p1,rcp26,MIROC5,2060-2079,24.16,22.28,25.7,30.21,18.56,22.2,26.16,18.42,23.31,22.5,24.64,29.96,35.83,30.84,23.96,16.85,19.53,19.29,24.83
AMBERLEY-AMO,40004,-27.63,152.71,r1i1p1,rcp26,MIROC5,2060-2079,44.09,48.96,49.18,40.02,38.24,48.06,40.15,47.32,53.77,50.34,48.47,48.73,44.65,39.48,35.93,33.73,38.41,42.58,45.7
BRISBANE-AERO,40842,-27.39,153.13,r1i1p1,rcp26,MIROC5,2060-2079,55.56,60.12,58.51,50.02,53.59,59.16,51.91,59.71,63.02,59.84,58.66,57.02,52.77,49.43,47.86,50.15,54.23,56.37,57.7
BROOME-AIRPORT,3003,-17.95,122.23,r1i1p1,rcp26,MIROC5,2060-2079,49.2,64.37,45.51,33.08,53.84,59,39.44,64.89,66.85,61.11,41.15,34.28,35.35,32.25,31.63,48.1,55.01,58.4,61.37
CAIRNS-AERO,31011,-16.87,145.75,r1i1p1,rcp26,MIROC5,2060-2079,61.7,64.58,65.66,58.77,57.77,64.57,58.86,62.84,67.6,66.75,67.43,62.8,60.66,58.57,57.08,56,58.03,59.29,63.4
CANBERRA-AIRPORT-COMPARISON,70014,-35.3,149.2,r1i1p1,rcp26,MIROC5,2060-2079,45.87,36.85,45.78,55.95,44.76,39.34,52.33,35.64,39.08,39.32,44.91,53.1,60.88,56.65,50.33,48.38,44.64,41.26,36.23
CARNARVON-AIRPORT,6011,-24.89,113.67,r1i1p1,rcp26,MIROC5,2060-2079,52.17,55.69,52.53,49.6,50.9,54.53,49.84,55.89,56.31,54.25,53.01,50.34,50.02,50.52,48.24,49.6,50.31,52.81,54.78
CEDUNA-AMO,18012,-32.13,133.7,r1i1p1,rcp26,MIROC5,2060-2079,46.63,45.57,45.76,50.36,44.83,44.97,48.28,44.23,45.81,44.07,45.62,47.59,52.23,50.63,48.22,46.56,44.48,43.44,46.66
CHARLEVILLE-AERO,44021,-26.42,146.25,r1i1p1,rcp26,MIROC5,2060-2079,28.17,28.49,29.49,32.82,21.71,27.58,28.63,25.76,35.81,27.03,29.47,31.98,36.82,34.19,27.45,21.67,19.65,23.81,24.38
COBAR-MO,48027,-31.49,145.83,r1i1p1,rcp26,MIROC5,2060-2079,34.89,26.97,37.09,46.02,29.43,29.17,40.59,25.36,31.26,30.61,36.25,44.4,51.08,47.37,39.61,32.17,28.94,27.18,24.5
COFFS-HARBOUR-MO,59040,-30.31,153.12,r1i1p1,rcp26,MIROC5,2060-2079,61.52,66.65,65.16,54.7,59.59,66.06,57.01,65.5,69.1,67.63,65.21,62.63,58.48,53.35,52.28,55.78,59.51,63.46,65.35
DARWIN-AIRPORT,14015,-12.42,130.89,r1i1p1,rcp26,MIROC5,2060-2079,52.99,68.59,54.11,37.63,51.73,63.91,42.15,69.02,72.05,67.56,52.06,42.7,36.74,37.03,39.11,46.43,50.92,57.84,64.44
DUBBO-AIRPORT-AWS,65070,-32.22,148.58,r1i1p1,rcp26,MIROC5,2060-2079,44.3,35.03,44.53,56.3,41.02,37.35,51.32,34.08,38.5,38.67,42.9,52.02,59.64,57.51,51.68,47.35,38.78,36.45,32.81
EAST-SALE-AIRPORT,85072,-38.12,147.13,r1i1p1,rcp26,MIROC5,2060-2079,54.94,49.02,54.81,60.89,54.99,50.67,59.18,47.79,48.57,49.74,53.93,60.77,64.46,62.09,56.11,56.82,54.84,53.3,50.88
ESPERANCE,9789,-33.83,121.89,r1i1p1,rcp26,MIROC5,2060-2079,57.26,56.25,56.82,58.85,57.25,56.61,57.95,56.73,55.86,57.33,56.08,57.04,59.77,59.65,57.12,57.95,56.2,57.6,55.82
GERALDTON-AIRPORT-COMPARISON,8051,-28.8,114.7,r1i1p1,rcp26,MIROC5,2060-2079,47.91,43.55,44.55,55.5,48.13,43.52,52.37,43.69,40.92,42.62,42.39,48.63,52.39,57.92,56.19,52.55,46.5,45.35,45.76
HOBART-ELLERSLIE-ROAD,94029,-42.89,147.33,r1i1p1,rcp26,MIROC5,2060-2079,55.46,51.79,56.21,60.51,53.43,52.94,58.04,52.18,51.15,52.44,56.26,59.93,63.5,61.82,56.22,54.36,52.39,53.53,51.69
KALGOORLIE-BOULDER-AIRPORT,12038,-30.78,121.45,r1i1p1,rcp26,MIROC5,2060-2079,31.82,23.72,36.4,42.53,24.69,26.82,36.73,22.03,27.51,29.86,35.65,42.74,46.35,43.84,37.41,27.91,22.12,24.04,21.16
LAUNCESTON-AIRPORT-COMPARISON,91104,-41.54,147.2,r1i1p1,rcp26,MIROC5,2060-2079,55.19,44.8,53.86,67.89,54.34,47.27,63.18,44.6,44.3,44.07,53.97,63.54,70.27,70,63.39,57.98,53.89,51.15,45.11
LAVERTON-RAAF,87031,-37.86,144.76,r1i1p1,rcp26,MIROC5,2060-2079,55.83,49.57,55.35,63.29,55.07,50.98,60.61,49.38,48.69,49.67,54.6,61.78,66.38,63.71,59.79,57.96,54.03,53.24,50.8
MACKAY-M.O,33119,-21.12,149.22,r1i1p1,rcp26,MIROC5,2060-2079,66.61,66.79,70.72,67.47,61.49,67.28,65.96,65.74,70.6,70.28,71.78,70.1,67.05,67.23,68.12,61.71,61.57,61.2,63.99
MEEKATHARRA-AIRPORT,7045,-26.61,118.54,r1i1p1,rcp26,MIROC5,2060-2079,24.31,18.59,27.08,34.99,16.42,20.46,28.07,17.35,23.5,22.23,28.14,30.88,40,36.96,28.01,18.07,14.49,16.68,14.93
MELBOURNE-AIRPORT,86282,-37.68,144.84,r1i1p1,rcp26,MIROC5,2060-2079,52.79,44.45,52.32,62.33,51.94,46.44,59.02,43.99,43.57,45.39,51.31,60.26,65.78,63.51,57.71,55.73,51.11,48.97,46.16
MILDURA-AIRPORT,76031,-34.23,142.08,r1i1p1,rcp26,MIROC5,2060-2079,37.26,26.76,38.41,51.04,32.81,29.23,45.3,25.22,27.69,30.72,36.28,48.24,55.44,52.56,45.12,39.08,31.37,27.99,27.38
MOREE-AERO,53115,-29.49,149.85,r1i1p1,rcp26,MIROC5,2060-2079,37.06,34.74,37.7,44.18,31.35,34.61,39.42,33.36,39.92,35.19,36.83,41.08,47.1,46.14,39.32,33.09,29.78,31.19,31.68
MOUNT-GAMBIER-AERO,26021,-37.75,140.77,r1i1p1,rcp26,MIROC5,2060-2079,57.7,45.68,56.35,70.64,58.28,48.58,66.93,44.6,43.35,46.87,55.02,67.16,74.15,71.64,66.12,63.32,59.16,52.37,48.7
MOUNT-ISA-AERO,29127,-20.68,139.49,r1i1p1,rcp26,MIROC5,2060-2079,24.81,30.84,28.27,22.52,17.54,28.93,20.65,29.83,34.74,32.73,26.6,25.48,25.76,23.22,18.58,15.3,15.55,21.77,28.15
NOWRA-RAN-AIR-STATION-AWS,68072,-34.95,150.54,r1i1p1,rcp26,MIROC5,2060-2079,56.64,59.82,59.09,53.51,53.83,59.24,54.01,59.48,63.58,59.35,58.51,59.41,57.16,53.99,49.38,50.27,53.69,57.73,56.78
PERTH-AIRPORT,9021,-31.93,115.98,r1i1p1,rcp26,MIROC5,2060-2079,44.93,34.31,42.65,56.52,46.39,37,52.98,33.67,32.01,36.9,41.07,49.98,57.11,57.97,54.47,52.4,45.96,40.81,36.81
PORT-HEDLAND-AIRPORT,4032,-20.37,118.63,r1i1p1,rcp26,MIROC5,2060-2079,38.02,49.87,36.56,31.11,34.68,44.44,31.71,51.39,52.85,43.24,34.05,32.38,35.98,30.36,27,29.9,34.65,39.49,45.01
RICHMOND-RAAF,67105,-33.6,150.78,r1i1p1,rcp26,MIROC5,2060-2079,47.74,49.03,52.44,47.68,41.68,49.28,46.21,47.45,54,51.78,51.05,54.49,53.2,48.3,41.54,39.49,40.23,45.31,46.01
ROCKHAMPTON-AERO,39083,-23.38,150.48,r1i1p1,rcp26,MIROC5,2060-2079,44.88,50,48.67,41.22,39.7,48.69,41.12,49.29,53.43,49.41,49.61,46.99,44.11,40.43,39.11,35.95,40.12,43.02,47.11
SYDNEY-AIRPORT-AMO,66037,-33.94,151.17,r1i1p1,rcp26,MIROC5,2060-2079,56.02,59.27,59.9,52.54,52.26,59.04,53.02,58.92,62.81,60.08,59.81,59.81,56.87,52.69,48.06,49.78,50.94,56.06,56.36
TENNANT-CREEK-AIRPORT,15135,-19.64,134.18,r1i1p1,rcp26,MIROC5,2060-2079,23.71,30.54,25.83,21.01,17.5,27.67,19.74,29.24,32.98,29.48,24.25,23.75,24.35,21.52,17.17,14.7,16.97,20.83,29.29
TOWNSVILLE-AERO,32040,-19.25,146.77,r1i1p1,rcp26,MIROC5,2060-2079,55.47,60.88,57.56,49.97,53.41,59.54,51.37,59.29,64.09,60.74,58.02,53.93,49.76,49.24,50.9,50.29,54.11,55.82,59.48
WAGGA-WAGGA-AMO,72150,-35.16,147.46,r1i1p1,rcp26,MIROC5,2060-2079,43.95,27.94,41.54,62.25,43.86,31.4,56.36,25.96,29.83,31.96,39.47,53.18,66,63.74,57.01,54.1,44.13,33.34,28.66
WILLIAMTOWN-RAAF,61078,-32.79,151.84,r1i1p1,rcp26,MIROC5,2060-2079,56.27,57.9,60.59,54.62,51.94,58.29,54.32,56.58,62.06,60.64,59.85,61.27,60.35,54.67,48.85,49.41,51.37,55.04,55.12
WOOMERA-AERODROME,16001,-31.16,136.81,r1i1p1,rcp26,MIROC5,2060-2079,29.6,22.66,30.14,40.41,25.13,23.96,35.25,21.21,22.95,24.28,28.86,37.27,45.81,40.44,34.97,28.2,24.82,22.36,23.98
ADELAIDE-KENT-TOWN,23090,-34.92,138.62,r1i1p1,rcp26,MIROC5,2080-2099,47.12,37.46,46.44,59.07,45.65,39.66,54.67,36.7,36.52,39.51,45.25,54.56,61.77,60.31,55.12,51.52,44.77,40.64,38.75
ALBANY-AIRPORT-COMPARISON,9741,-34.94,117.8,r1i1p1,rcp26,MIROC5,2080-2099,61.78,56.1,60.66,66.71,63.69,58.02,65.64,55.76,55.06,59.24,58.25,64.49,68.19,67.05,64.89,65.38,63.84,61.83,57.41
ALICE-SPRINGS-AIRPORT,15590,-23.8,133.89,r1i1p1,rcp26,MIROC5,2080-2099,23.02,21.36,24.28,29.11,17.1,20.79,25.15,18.22,23.45,20.53,22.1,30.21,34.85,29.53,22.94,15.84,17.53,17.95,23.1
AMBERLEY-AMO,40004,-27.63,152.71,r1i1p1,rcp26,MIROC5,2080-2099,42.18,46.33,47.09,39.03,36.35,45.58,38.85,46.24,49.94,48.25,46.01,47,43.47,38.26,35.36,32.47,36.52,40.06,42.55
BRISBANE-AERO,40842,-27.39,153.13,r1i1p1,rcp26,MIROC5,2080-2099,54.05,57.79,57.03,49.42,51.88,57.03,50.98,58.86,59.68,58.41,56.79,55.88,51.99,48.5,47.75,48.94,52.8,53.92,55.12
BROOME-AIRPORT,3003,-17.95,122.23,r1i1p1,rcp26,MIROC5,2080-2099,48.02,63.9,44.68,31.57,51.88,58.19,37.84,62.31,67.7,60.98,38.78,34.28,35.19,28.44,31.08,45.28,52.75,57.61,61.88
CAIRNS-AERO,31011,-16.87,145.75,r1i1p1,rcp26,MIROC5,2080-2099,59.14,61.23,62.37,57.63,55.43,61.1,57.3,60.9,64.71,64.51,62.55,60.05,59.87,55.98,57.03,54.88,55.96,55.45,57.79
CANBERRA-AIRPORT-COMPARISON,70014,-35.3,149.2,r1i1p1,rcp26,MIROC5,2080-2099,44.44,35.32,44.36,55.4,42.91,37.56,51.41,35.07,37.46,37.98,42.83,52.26,60.11,56.19,49.91,47.73,42.29,38.72,32.75
CARNARVON-AIRPORT,6011,-24.89,113.67,r1i1p1,rcp26,MIROC5,2080-2099,52.38,55.8,53.01,49.44,51.2,54.64,50.11,54.93,56.55,55.08,52.43,51.52,50.63,49.94,47.75,50.63,50.21,52.76,56.14
CEDUNA-AMO,18012,-32.13,133.7,r1i1p1,rcp26,MIROC5,2080-2099,45.77,44.42,44.81,49.83,44.13,43.95,47.67,43.82,44.35,42.78,44.57,47.09,51.47,50.41,47.6,46.23,43.19,42.98,44.68
CHARLEVILLE-AERO,44021,-26.42,146.25,r1i1p1,rcp26,MIROC5,2080-2099,25.92,24.44,27.69,31.94,19.72,24.15,27.86,23.31,29.57,24.92,26.11,32.06,36.22,32.59,27.01,20.95,18.34,19.87,20.12
COBAR-MO,48027,-31.49,145.83,r1i1p1,rcp26,MIROC5,2080-2099,32.15,23.4,33.9,44.63,26.91,25.51,39.04,23.17,26.41,27.11,31.68,42.92,49.37,46.77,37.74,31.14,26.33,23.26,19.94
COFFS-HARBOUR-MO,59040,-30.31,153.12,r1i1p1,rcp26,MIROC5,2080-2099,59.97,64.52,63.76,53.78,57.9,64.11,55.87,64.9,67.1,66.16,63.24,61.89,57.31,52.51,51.51,54.64,57.36,61.7,61.31
DARWIN-AIRPORT,14015,-12.42,130.89,r1i1p1,rcp26,MIROC5,2080-2099,52.03,67.83,52.7,36.66,50.8,62.79,41.23,69.11,71.1,66.38,50.21,41.52,36.46,35.36,38.17,45.43,50.45,56.54,63.6
DUBBO-AIRPORT-AWS,65070,-32.22,148.58,r1i1p1,rcp26,MIROC5,2080-2099,41.83,31.38,41.96,55.41,38.68,33.81,50.1,31.23,34.25,35.58,39.23,51.07,58.32,57.11,50.71,46.04,36.35,33.18,28.23
EAST-SALE-AIRPORT,85072,-38.12,147.13,r1i1p1,rcp26,MIROC5,2080-2099,53.72,47.8,53.57,60.44,53.35,49.28,58.44,47.32,47.02,48.61,52.07,60.02,64.38,61.26,55.68,56.48,52.81,50.77,48.19
ESPERANCE,9789,-33.83,121.89,r1i1p1,rcp26,MIROC5,2080-2099,57.23,56.19,57.47,58.76,56.46,56.57,57.88,56.38,56.13,57.94,56.53,57.94,60.03,59.42,56.82,57.64,55.43,56.3,56.14
GERALDTON-AIRPORT-COMPARISON,8051,-28.8,114.7,r1i1p1,rcp26,MIROC5,2080-2099,48.25,43.65,45.3,55.29,48.66,43.64,52.85,43.23,41.8,43.43,42.46,50.01,53.98,56.86,55.03,53.71,47.54,44.72,46.19
HOBART-ELLERSLIE-ROAD,94029,-42.89,147.33,r1i1p1,rcp26,MIROC5,2080-2099,55.34,51.67,56.16,60.51,53.36,52.73,58.15,52.11,51.23,52.48,55.84,60.17,64.15,61,56.4,54.84,52.34,52.9,50.63
KALGOORLIE-BOULDER-AIRPORT,12038,-30.78,121.45,r1i1p1,rcp26,MIROC5,2080-2099,31.54,23.49,36.65,42.13,23.99,26.54,36.51,21.83,26.91,30.36,36.22,42.45,46.33,43.18,36.88,28.48,21.73,21.75,21.2
LAUNCESTON-AIRPORT-COMPARISON,91104,-41.54,147.2,r1i1p1,rcp26,MIROC5,2080-2099,55.12,44.72,53.8,67.66,54.49,47.05,63.26,44.81,44.37,43.87,53.99,63.55,70.58,68.84,63.57,59.18,53.83,50.47,44.43
LAVERTON-RAAF,87031,-37.86,144.76,r1i1p1,rcp26,MIROC5,2080-2099,54.85,48.78,54.67,62.64,53.6,50.02,59.9,48.82,47.88,48.91,53.24,61.86,66.33,62.57,59.02,57.11,52.49,51.2,48.83
MACKAY-M.O,33119,-21.12,149.22,r1i1p1,rcp26,MIROC5,2080-2099,64.05,62.8,67.58,66.16,59.86,63.73,64.58,63.17,65.88,67.91,67.61,67.22,65.82,63.96,68.69,61.55,60.27,57.76,58.8
MEEKATHARRA-AIRPORT,7045,-26.61,118.54,r1i1p1,rcp26,MIROC5,2080-2099,23.48,17.5,26.41,34.19,15.6,19.26,27.64,16.06,21.94,22.15,26.43,30.66,39.89,35.51,27.17,18.79,13.81,14.2,14.66
MELBOURNE-AIRPORT,86282,-37.68,144.84,r1i1p1,rcp26,MIROC5,2080-2099,51.74,43.81,51.52,61.65,50.31,45.55,58.21,43.34,43.18,44.54,49.89,60.12,65.4,62.44,57.11,54.73,49.44,46.74,43.97
MILDURA-AIRPORT,76031,-34.23,142.08,r1i1p1,rcp26,MIROC5,2080-2099,36.21,25.76,36.73,50.77,31.73,27.65,44.9,24.21,27.3,27.89,34.15,48.15,55.09,52.84,44.37,38.72,30.25,26.22,25.35
MOREE-AERO,53115,-29.49,149.85,r1i1p1,rcp26,MIROC5,2080-2099,34.73,31.63,35.18,43.17,29.12,31.46,38.12,32.01,35.23,32.04,33.31,40.2,46.4,45.1,38.01,31.72,27.28,28.36,27.05
MOUNT-GAMBIER-AERO,26021,-37.75,140.77,r1i1p1,rcp26,MIROC5,2080-2099,57.39,45.56,55.94,70.33,57.98,48.27,66.71,44.47,43.5,46.76,53.9,67.14,74.49,70.85,65.64,63.56,58.55,51.82,47.97
MOUNT-ISA-AERO,29127,-20.68,139.49,r1i1p1,rcp26,MIROC5,2080-2099,22.63,28.71,24.96,20.77,16.04,26.23,19.01,28.33,32.24,29.36,22.6,22.91,23.96,20.79,17.57,14.18,14.66,19.28,25.71
NOWRA-RAN-AIR-STATION-AWS,68072,-34.95,150.54,r1i1p1,rcp26,MIROC5,2080-2099,55.21,58.08,58.04,53.16,51.51,57.43,53.09,58.97,61.33,58.03,57.12,58.96,56.96,53.56,48.96,49.15,50.64,54.88,53.49
PERTH-AIRPORT,9021,-31.93,115.98,r1i1p1,rcp26,MIROC5,2080-2099,45.25,34.59,43.16,56.38,46.83,37.23,53.29,33.62,33.14,37.47,41.01,50.99,57.87,57.5,53.76,52.98,46.66,40.84,37.2
PORT-HEDLAND-AIRPORT,4032,-20.37,118.63,r1i1p1,rcp26,MIROC5,2080-2099,37.23,49.19,36.19,30.41,32.95,43.37,31.06,49.13,53.58,42.92,32.59,33.07,35.74,28.85,26.63,29.32,32.74,36.8,45.36
RICHMOND-RAAF,67105,-33.6,150.78,r1i1p1,rcp26,MIROC5,2080-2099,46.3,47.21,51.44,47.02,39.71,47.51,45.2,46.64,51.77,50.55,49.42,54.33,52.69,47.56,40.8,38.4,37.39,43.36,42.68
ROCKHAMPTON-AERO,39083,-23.38,150.48,r1i1p1,rcp26,MIROC5,2080-2099,43.27,47.58,46.33,40.63,38.72,46.36,40.35,48.21,49.74,47.4,46.46,45.12,43.68,38.75,39.44,35.53,39.57,41.06,44.31
SYDNEY-AIRPORT-AMO,66037,-33.94,151.17,r1i1p1,rcp26,MIROC5,2080-2099,54.87,57.79,59.42,52.15,50.32,57.59,52.27,58.48,61.02,59.32,58.56,60.37,56.69,52.3,47.45,48.82,48,54.16,53.33
TENNANT-CREEK-AIRPORT,15135,-19.64,134.18,r1i1p1,rcp26,MIROC5,2080-2099,22.27,28.85,23.44,19.62,17.07,25.7,18.76,27.7,31.58,26.87,20.86,22.61,23.31,19.39,16.15,14.59,16.5,20.12,27.6
TOWNSVILLE-AERO,32040,-19.25,146.77,r1i1p1,rcp26,MIROC5,2080-2099,53.59,58.06,55.08,49.39,51.91,56.76,50.51,57.72,61.51,58.76,54.51,51.98,49.65,47.46,51.06,50.3,52.62,52.82,54.65
WAGGA-WAGGA-AMO,72150,-35.16,147.46,r1i1p1,rcp26,MIROC5,2080-2099,42.44,26.52,40.04,61.35,42.14,29.72,55.32,25.09,28.38,30.31,37.42,52.38,64.42,63.11,56.52,53.1,42.42,30.91,25.24
WILLIAMTOWN-RAAF,61078,-32.79,151.84,r1i1p1,rcp26,MIROC5,2080-2099,54.89,56.02,59.83,53.93,49.96,56.56,53.34,55.95,59.91,59.62,58.22,61.66,59.54,54.12,48.13,48.27,48.31,53.31,51.65
WOOMERA-AERODROME,16001,-31.16,136.81,r1i1p1,rcp26,MIROC5,2080-2099,27.93,21,27.87,39.44,23.49,21.91,34.03,19.44,21.84,20.97,26.64,36,44.83,40.13,33.35,26.91,22.96,20.62,21.48
ADELAIDE-KENT-TOWN,23090,-34.92,138.62,r1i1p1,rcp26,NorESM1-M,2020-2039,46.72,36.87,46.93,58.66,44.38,39.32,54.1,36.55,34.74,39.81,45.77,55.2,61.78,59.93,54.27,49.27,44.17,39.69,39.5
ALBANY-AIRPORT-COMPARISON,9741,-34.94,117.8,r1i1p1,rcp26,NorESM1-M,2020-2039,61.35,56.79,60.21,65.95,62.51,58.17,64.6,55.62,55.89,58.69,58.64,63.28,66.78,66.31,64.78,63.72,62.76,61.05,58.7
ALICE-SPRINGS-AIRPORT,15590,-23.8,133.89,r1i1p1,rcp26,NorESM1-M,2020-2039,22.66,20.95,24.25,28.27,17.25,20.43,24.92,18.29,23,20.38,22.26,30.1,32.59,28.79,23.43,17.12,17.52,17.1,21.32
AMBERLEY-AMO,40004,-27.63,152.71,r1i1p1,rcp26,NorESM1-M,2020-2039,44.75,50.07,49.57,40.16,39.23,48.86,40.67,48.67,52.83,50.28,48.94,49.49,44.23,40.16,36.09,34.13,39.89,43.65,48.61
BRISBANE-AERO,40842,-27.39,153.13,r1i1p1,rcp26,NorESM1-M,2020-2039,56.42,61.5,58.96,50.23,54.96,60.17,52.6,61.23,61.85,59.87,59.3,57.71,52.29,50.39,48.01,50.76,56.46,57.67,61.49
BROOME-AIRPORT,3003,-17.95,122.23,r1i1p1,rcp26,NorESM1-M,2020-2039,49.07,65.93,44.99,32.79,52.55,59.19,38.97,66.4,68.29,58.99,40.77,35.22,33.54,31.14,33.68,46.31,53.95,57.41,63.1
CAIRNS-AERO,31011,-16.87,145.75,r1i1p1,rcp26,NorESM1-M,2020-2039,62.54,67.05,65.73,58.86,58.48,65.61,59.48,66.56,70.06,65.91,65.83,65.45,61.57,58.39,56.63,56.1,58.76,60.59,64.64
CANBERRA-AIRPORT-COMPARISON,70014,-35.3,149.2,r1i1p1,rcp26,NorESM1-M,2020-2039,45.79,36.68,45.62,56.01,44.72,39.16,52.36,35.71,37.64,38.99,44.7,53.18,60.03,57.46,50.55,48.28,44.69,41.19,37.11
CARNARVON-AIRPORT,6011,-24.89,113.67,r1i1p1,rcp26,NorESM1-M,2020-2039,51.45,56.95,51.54,47.41,49.93,54.87,48.06,55.18,59.14,56.61,50.94,47.07,47.15,47.93,47.17,49.42,49.63,50.73,56.43
CEDUNA-AMO,18012,-32.13,133.7,r1i1p1,rcp26,NorESM1-M,2020-2039,44.79,43.7,44.32,48.79,42.36,43.1,46.47,43.21,42.27,42.36,44.15,46.44,50.59,49.69,46.08,44.19,41.85,41.03,45.59
CHARLEVILLE-AERO,44021,-26.42,146.25,r1i1p1,rcp26,NorESM1-M,2020-2039,28.61,29.02,29.59,32.78,22.88,27.51,29.57,28.05,34.55,25.13,29.07,34.58,36.56,34.22,27.55,22.72,21.82,24.11,24.95
COBAR-MO,48027,-31.49,145.83,r1i1p1,rcp26,NorESM1-M,2020-2039,32.91,24.77,34.39,44.52,27.9,26.91,38.9,23.58,27.12,27.68,32.64,42.85,48.48,47.19,37.88,29.95,27.01,26.73,23.82
COFFS-HARBOUR-MO,59040,-30.31,153.12,r1i1p1,rcp26,NorESM1-M,2020-2039,61.62,66.82,65.29,54.82,59.56,66.04,57.23,66.54,67.43,66.95,65.41,63.52,57.47,54.86,52.14,55.68,59.69,63.32,66.47
DARWIN-AIRPORT,14015,-12.42,130.89,r1i1p1,rcp26,NorESM1-M,2020-2039,53.2,69.83,53.33,37.67,52.06,63.79,42.7,70.43,74.24,65.12,51.12,43.74,36.85,37.21,38.95,46.9,52.53,56.76,64.58
DUBBO-AIRPORT-AWS,65070,-32.22,148.58,r1i1p1,rcp26,NorESM1-M,2020-2039,42.42,32.98,42.24,55.06,39.11,35.11,49.8,32.39,34.68,35.71,39.94,51.07,57.49,57.26,50.35,44.88,36.82,35.14,32.07
EAST-SALE-AIRPORT,85072,-38.12,147.13,r1i1p1,rcp26,NorESM1-M,2020-2039,55.54,49.94,55.93,61.03,55.18,51.59,59.45,49.18,48.56,51.48,55.17,61.14,64.22,62.65,56.23,57.34,55.12,53.08,52.29
ESPERANCE,9789,-33.83,121.89,r1i1p1,rcp26,NorESM1-M,2020-2039,56.85,57.65,57.41,57.63,54.83,57.07,56.68,55.74,57.45,57.63,56.96,57.64,58.58,58.49,55.83,55.32,54.21,54.96,59.4
GERALDTON-AIRPORT-COMPARISON,8051,-28.8,114.7,r1i1p1,rcp26,NorESM1-M,2020-2039,47.25,44.14,43.84,53.95,47.18,43.56,51.01,42.58,43.25,43.6,42.12,45.79,51.36,55.45,55.05,52.33,46.1,43.11,46.32
HOBART-ELLERSLIE-ROAD,94029,-42.89,147.33,r1i1p1,rcp26,NorESM1-M,2020-2039,55.22,51.34,56.37,60.04,53.26,52.65,57.86,51.9,49.73,53.18,56.27,59.66,63.14,61.16,55.82,54.4,52.97,52.41,52.03
KALGOORLIE-BOULDER-AIRPORT,12038,-30.78,121.45,r1i1p1,rcp26,NorESM1-M,2020-2039,31.05,25.18,35.85,40.31,22.97,26.95,35.08,21.57,29.12,30.67,34.8,41.25,44.27,41.39,35.26,26.78,21.5,20.63,24.21
LAUNCESTON-AIRPORT-COMPARISON,91104,-41.54,147.2,r1i1p1,rcp26,NorESM1-M,2020-2039,55.68,44.97,54.68,68.11,55.08,47.67,63.76,44.92,43.63,45.7,54.58,63.76,70.59,70.03,63.71,59.06,55.42,50.76,45.97
LAVERTON-RAAF,87031,-37.86,144.76,r1i1p1,rcp26,NorESM1-M,2020-2039,55.08,48.34,54.93,62.91,54.08,49.88,60.2,48.82,46.48,49.49,53.95,61.36,65.64,63.72,59.37,57.5,53.6,51.14,49.88
MACKAY-M.O,33119,-21.12,149.22,r1i1p1,rcp26,NorESM1-M,2020-2039,68.66,70.23,70.99,69.14,64.3,68.91,68.43,70.68,72.82,68.68,71.61,72.68,69.65,69.24,68.54,65.78,64.68,62.46,67.15
MEEKATHARRA-AIRPORT,7045,-26.61,118.54,r1i1p1,rcp26,NorESM1-M,2020-2039,23.29,19.58,26.37,31.9,15.15,20.54,25.95,15.99,26.66,24.59,26.19,28.35,35.85,33.59,26.26,18.06,13.59,13.78,16.12
MELBOURNE-AIRPORT,86282,-37.68,144.84,r1i1p1,rcp26,NorESM1-M,2020-2039,52.01,43.29,51.86,61.88,50.87,45.36,58.53,43.44,41.64,45.18,50.55,59.85,64.92,63.46,57.26,55.11,50.6,46.91,45.16
MILDURA-AIRPORT,76031,-34.23,142.08,r1i1p1,rcp26,NorESM1-M,2020-2039,35.14,24.96,35.98,49.52,30.09,26.92,43.37,23.99,25.31,27.45,33.76,46.71,53.48,52.21,42.88,35.97,28.96,25.33,25.61
MOREE-AERO,53115,-29.49,149.85,r1i1p1,rcp26,NorESM1-M,2020-2039,36.78,34.68,37.06,43.82,31.33,34.14,39.34,34.31,38.24,33.85,35.55,41.77,46.2,46.4,38.85,32.8,30.01,31.18,32.24
MOUNT-GAMBIER-AERO,26021,-37.75,140.77,r1i1p1,rcp26,NorESM1-M,2020-2039,57,44.81,55.94,70.32,57.05,47.76,66.32,44.22,41.33,47.06,54.22,66.55,74,71.66,65.3,62.19,58.23,50.73,48.47
MOUNT-ISA-AERO,29127,-20.68,139.49,r1i1p1,rcp26,NorESM1-M,2020-2039,24.71,32.02,25.65,22.84,18.26,27.74,21.64,32,36.35,26.92,23.39,26.63,26.7,23.06,18.77,17.19,17.5,20.1,27.92
NOWRA-RAN-AIR-STATION-AWS,68072,-34.95,150.54,r1i1p1,rcp26,NorESM1-M,2020-2039,56.64,59.81,59.39,53.53,53.5,59.22,54.03,60.29,61.56,59.23,59.09,59.84,56.41,54.84,49.35,49.93,53.6,57.2,57.96
PERTH-AIRPORT,9021,-31.93,115.98,r1i1p1,rcp26,NorESM1-M,2020-2039,44.18,35,42.28,54.75,44.84,37.18,51.31,33.61,33.74,37.39,41.31,48.14,55.67,56,52.57,50.34,45.12,39.07,37.2
PORT-HEDLAND-AIRPORT,4032,-20.37,118.63,r1i1p1,rcp26,NorESM1-M,2020-2039,37.69,50.69,36.08,30.04,34.06,44.45,31.02,52.12,53.82,43.77,32.37,32.11,33.43,29.14,27.55,29.3,34.61,38.26,45.76
RICHMOND-RAAF,67105,-33.6,150.78,r1i1p1,rcp26,NorESM1-M,2020-2039,47.12,48.06,52.1,47.35,40.83,48.4,45.85,47.17,51.26,50.73,50.76,54.82,52,48.93,41.13,38.67,39.58,44.26,46.14
ROCKHAMPTON-AERO,39083,-23.38,150.48,r1i1p1,rcp26,NorESM1-M,2020-2039,46.46,51.96,48.98,42.71,42.23,49.79,43.17,52.18,54.38,48.92,49.56,48.45,45.29,42.36,40.49,39.18,43.24,44.28,49.15
SYDNEY-AIRPORT-AMO,66037,-33.94,151.17,r1i1p1,rcp26,NorESM1-M,2020-2039,55.5,58.51,59.76,52.29,51.33,58.33,52.7,59.05,60.1,59.23,59.85,60.19,55.75,53.46,47.65,48.87,50.26,54.87,56.67
TENNANT-CREEK-AIRPORT,15135,-19.64,134.18,r1i1p1,rcp26,NorESM1-M,2020-2039,23.33,30.3,23.84,21.58,17.66,26.22,20.44,28.98,34.74,25.2,21.87,24.45,24.99,22.08,17.66,15.43,18.02,19.52,27.07
TOWNSVILLE-AERO,32040,-19.25,146.77,r1i1p1,rcp26,NorESM1-M,2020-2039,56.85,63.49,57.56,51.4,54.87,60.59,53.07,63.3,66.74,59.24,57.69,55.75,51.44,50.56,52.19,52.6,55.89,56.13,60.67
WAGGA-WAGGA-AMO,72150,-35.16,147.46,r1i1p1,rcp26,NorESM1-M,2020-2039,43.22,27.26,40.66,61.57,43.17,30.68,55.62,25.57,28.38,31.25,38.24,52.48,64.62,63.78,56.33,53.17,43.34,32.99,28.43
WILLIAMTOWN-RAAF,61078,-32.79,151.84,r1i1p1,rcp26,NorESM1-M,2020-2039,55.61,57.03,60.25,54.36,50.79,57.39,53.91,56.56,59.26,59.46,59.69,61.59,58.51,55.97,48.61,48.38,50.39,53.61,55.34
WOOMERA-AERODROME,16001,-31.16,136.81,r1i1p1,rcp26,NorESM1-M,2020-2039,27.01,19.97,27.87,37.84,22.29,21.29,32.73,18.67,19.75,21.77,26.65,35.2,42.42,39.3,31.8,25.33,22.35,19.18,21.65
ADELAIDE-KENT-TOWN,23090,-34.92,138.62,r1i1p1,rcp26,NorESM1-M,2040-2059,48.45,38.02,48.49,60.47,46.76,40.84,56.03,36.92,36.64,42.34,46.63,56.49,64.19,61.43,55.8,51.29,47.02,41.96,40.69
ALBANY-AIRPORT-COMPARISON,9741,-34.94,117.8,r1i1p1,rcp26,NorESM1-M,2040-2059,61.96,56.43,60.78,67.34,63.33,58.18,65.81,55.75,55.4,58.75,59.15,64.44,69.06,67.81,65.14,64.6,63.79,61.6,57.98
ALICE-SPRINGS-AIRPORT,15590,-23.8,133.89,r1i1p1,rcp26,NorESM1-M,2040-2059,24.96,21.98,26.27,30.91,20.77,22.16,27.8,18.93,26.09,22.69,25.03,31.09,36.46,31.96,24.31,18.82,24.15,19.34,20.69
AMBERLEY-AMO,40004,-27.63,152.71,r1i1p1,rcp26,NorESM1-M,2040-2059,44.8,49.43,49.54,40.31,39.97,48.64,41,47.27,52.82,50.99,48.3,49.32,44.76,40.15,36.03,34.86,40.87,44.17,48.1
BRISBANE-AERO,40842,-27.39,153.13,r1i1p1,rcp26,NorESM1-M,2040-2059,56.45,60.76,58.85,50.38,55.8,59.87,52.97,59.55,61.97,60.68,58.35,57.53,52.96,50.33,47.85,51.66,57.51,58.22,60.83
BROOME-AIRPORT,3003,-17.95,122.23,r1i1p1,rcp26,NorESM1-M,2040-2059,50.15,65.7,47.5,34.24,53.14,60.31,40.02,66.61,68.44,63.08,42.7,36.73,36.17,32.65,33.91,45.7,54.96,58.76,62.05
CAIRNS-AERO,31011,-16.87,145.75,r1i1p1,rcp26,NorESM1-M,2040-2059,62.97,67.74,65.99,59.37,58.75,66.25,59.71,66.66,70.95,66.79,66.23,64.94,62.57,59.43,56.11,56.61,58.58,61.07,65.71
CANBERRA-AIRPORT-COMPARISON,70014,-35.3,149.2,r1i1p1,rcp26,NorESM1-M,2040-2059,46.08,36.57,45.97,56.23,45.41,39.28,52.82,35.75,38.08,39.48,44.72,53.7,60.58,57.71,50.4,48.53,45.97,41.74,36.29
CARNARVON-AIRPORT,6011,-24.89,113.67,r1i1p1,rcp26,NorESM1-M,2040-2059,52.75,56.3,52.91,51.15,50.66,54.83,50.69,55.07,56.92,56,52.29,50.44,51.73,52.39,49.34,49.78,50.47,51.73,56.84
CEDUNA-AMO,18012,-32.13,133.7,r1i1p1,rcp26,NorESM1-M,2040-2059,46.99,44.7,46.54,51.57,45.17,44.83,49.16,42.56,44.9,45.6,45.81,48.2,53.7,52.22,48.8,46.15,45.87,43.5,46.62
CHARLEVILLE-AERO,44021,-26.42,146.25,r1i1p1,rcp26,NorESM1-M,2040-2059,29.67,29.64,30.89,33.2,24.8,28.7,30.52,27.82,36.86,27.51,30.21,34.95,37.93,34.8,26.87,24.09,24.45,25.86,24.73
COBAR-MO,48027,-31.49,145.83,r1i1p1,rcp26,NorESM1-M,2040-2059,34.59,25.68,36.38,45.91,30.33,28.37,40.8,24.65,29.21,29.9,34.64,44.61,50.14,48.62,38.97,32.09,30.36,28.54,23.4
COFFS-HARBOUR-MO,59040,-30.31,153.12,r1i1p1,rcp26,NorESM1-M,2040-2059,62.03,66.92,65.41,55.03,60.76,66.26,57.81,66.01,68.79,67.97,64.65,63.62,58.11,55.04,51.95,56.43,61.74,64.11,65.93
DARWIN-AIRPORT,14015,-12.42,130.89,r1i1p1,rcp26,NorESM1-M,2040-2059,53.72,69.94,54.38,37.9,52.76,64.6,42.93,70.22,73.86,67.09,52.15,43.91,37.46,37.62,38.62,47.49,52.49,58.28,65.5
DUBBO-AIRPORT-AWS,65070,-32.22,148.58,r1i1p1,rcp26,NorESM1-M,2040-2059,43.46,33.45,43.56,55.71,40.81,36.03,50.97,32.9,35.93,37.43,41.15,52.1,58.35,57.91,50.78,46.47,39.32,36.21,31.78
EAST-SALE-AIRPORT,85072,-38.12,147.13,r1i1p1,rcp26,NorESM1-M,2040-2059,56.24,50.2,56.92,61.57,56.22,52.17,60.28,49.74,49.38,52.57,55.61,62.56,65.49,62.93,56.29,57.94,56.44,54.26,51.67
ESPERANCE,9789,-33.83,121.89,r1i1p1,rcp26,NorESM1-M,2040-2059,57.93,57.04,58.26,59.88,56.65,57.14,58.77,55.77,56.83,58.09,57.76,58.93,61.48,60.75,57.42,57.56,56.47,55.93,58.17
GERALDTON-AIRPORT-COMPARISON,8051,-28.8,114.7,r1i1p1,rcp26,NorESM1-M,2040-2059,48.17,44,44.51,56.42,47.86,43.73,52.68,42.78,41.98,43.4,42.46,47.66,54.52,58.68,56.06,52.25,46.94,44.38,46.97
HOBART-ELLERSLIE-ROAD,94029,-42.89,147.33,r1i1p1,rcp26,NorESM1-M,2040-2059,55.63,51.77,56.9,60.43,53.54,53.12,58.21,52.46,50.74,53.19,56.78,60.73,64.55,60.96,55.78,53.92,53.3,53.41,51.75
KALGOORLIE-BOULDER-AIRPORT,12038,-30.78,121.45,r1i1p1,rcp26,NorESM1-M,2040-2059,33.24,25.2,38.1,44.12,25.62,27.95,38.43,20.98,29.52,32.97,36.34,44.12,48.35,45.12,38.89,28.88,25.22,22.77,24.41
LAUNCESTON-AIRPORT-COMPARISON,91104,-41.54,147.2,r1i1p1,rcp26,NorESM1-M,2040-2059,56.15,45.35,55.43,68.52,55.42,48.15,64.22,45.54,44.5,45.98,55.06,65.25,72.06,69.86,63.65,58.68,55.84,51.76,45.6
LAVERTON-RAAF,87031,-37.86,144.76,r1i1p1,rcp26,NorESM1-M,2040-2059,56.02,49.18,56.08,63.43,55.34,50.99,60.96,49.84,47.87,51.27,54.62,62.36,66.88,63.9,59.52,58.04,55.07,52.9,49.99
MACKAY-M.O,33119,-21.12,149.22,r1i1p1,rcp26,NorESM1-M,2040-2059,69.21,70.46,71.42,69.52,65.44,69.56,68.87,69.47,73.84,69.9,72.02,72.33,70.81,70.6,67.17,66.94,65.37,64.01,68.02
MEEKATHARRA-AIRPORT,7045,-26.61,118.54,r1i1p1,rcp26,NorESM1-M,2040-2059,25.47,19.35,28.01,36.73,17.58,21,29.84,15.47,25.24,25.19,27.64,31.21,41.54,38.8,29.86,20.02,17.6,15.13,17.46
MELBOURNE-AIRPORT,86282,-37.68,144.84,r1i1p1,rcp26,NorESM1-M,2040-2059,52.91,44.07,52.95,62.4,52.1,46.42,59.28,44.38,42.91,46.91,51.2,60.75,66.1,63.67,57.43,55.72,52.03,48.56,45.29
MILDURA-AIRPORT,76031,-34.23,142.08,r1i1p1,rcp26,NorESM1-M,2040-2059,37.38,26.25,38.15,51.93,33.19,28.88,45.9,25.12,27.16,30.27,35.52,48.65,56.01,54.37,45.42,38.48,32.47,28.61,26.5
MOREE-AERO,53115,-29.49,149.85,r1i1p1,rcp26,NorESM1-M,2040-2059,37.48,34.78,38.07,44.01,32.8,34.78,40.09,34.04,39.05,35.63,36.22,42.37,46.68,46.58,38.78,33.98,32.19,32.23,32.02
MOUNT-GAMBIER-AERO,26021,-37.75,140.77,r1i1p1,rcp26,NorESM1-M,2040-2059,58.06,45.66,56.95,71.15,58.6,48.83,67.38,44.9,42.74,48.3,54.7,67.86,75.84,72.05,65.56,62.83,60.13,52.83,48.94
MOUNT-ISA-AERO,29127,-20.68,139.49,r1i1p1,rcp26,NorESM1-M,2040-2059,26.26,33.26,27.68,23.78,20.25,29.61,22.86,31.74,38.96,29.59,25.62,27.82,29.06,24.31,17.97,18.42,19.6,22.72,29.29
NOWRA-RAN-AIR-STATION-AWS,68072,-34.95,150.54,r1i1p1,rcp26,NorESM1-M,2040-2059,56.82,59.57,59.69,53.63,54.09,59.24,54.38,60.29,62.19,59.89,58.81,60.35,56.85,54.95,49.1,49.89,55.02,57.64,56.6
PERTH-AIRPORT,9021,-31.93,115.98,r1i1p1,rcp26,NorESM1-M,2040-2059,45.15,34.89,43.08,56.87,45.91,37.51,52.91,34.07,32.9,37.9,41.84,49.49,58.45,58.42,53.74,51.17,46.2,40.36,37.25
PORT-HEDLAND-AIRPORT,4032,-20.37,118.63,r1i1p1,rcp26,NorESM1-M,2040-2059,38.86,50.4,37.57,32.7,34.91,44.78,33.05,51.71,53.14,45.08,33.85,33.79,37.29,31.44,29.36,29.99,36.44,38.31,45.96
RICHMOND-RAAF,67105,-33.6,150.78,r1i1p1,rcp26,NorESM1-M,2040-2059,47.45,48.11,52.49,47.52,41.56,48.63,46.28,47.25,52.05,51.62,50.69,55.16,52.52,49.02,41,38.93,41.04,44.7,45.39
ROCKHAMPTON-AERO,39083,-23.38,150.48,r1i1p1,rcp26,NorESM1-M,2040-2059,46.67,52.07,49.21,42.81,42.64,49.99,43.39,51.39,54.78,49.57,49.51,48.55,46.05,42.73,39.67,39.81,43.55,44.56,49.85
SYDNEY-AIRPORT-AMO,66037,-33.94,151.17,r1i1p1,rcp26,NorESM1-M,2040-2059,55.81,58.49,60.1,52.42,52.11,58.51,53.14,59.11,61.02,60.19,59.54,60.58,56.3,53.51,47.47,49.04,51.94,55.35,55.64
TENNANT-CREEK-AIRPORT,15135,-19.64,134.18,r1i1p1,rcp26,NorESM1-M,2040-2059,24.62,30.37,25.81,22.7,19.64,27.21,22.02,28.14,35.58,27.11,24.03,26.3,27.67,23.41,17.02,16.92,20.81,21.2,27.27
TOWNSVILLE-AERO,32040,-19.25,146.77,r1i1p1,rcp26,NorESM1-M,2040-2059,57.32,63.81,58,51.82,55.58,61.2,53.4,62.69,67.25,60.13,58.32,55.55,52.37,51.88,51.21,53.33,56.06,57.35,61.71
WAGGA-WAGGA-AMO,72150,-35.16,147.46,r1i1p1,rcp26,NorESM1-M,2040-2059,43.73,27.31,41.12,62.05,44.25,31,56.33,25.65,28.93,31.85,38.54,52.96,65.32,64.27,56.54,53.98,44.92,33.84,27.97
WILLIAMTOWN-RAAF,61078,-32.79,151.84,r1i1p1,rcp26,NorESM1-M,2040-2059,56.02,57.19,60.56,54.53,51.75,57.68,54.42,56.63,60.48,60.59,59.25,61.85,59.23,56.02,48.35,48.77,52.34,54.16,54.53
WOOMERA-AERODROME,16001,-31.16,136.81,r1i1p1,rcp26,NorESM1-M,2040-2059,29.75,21.56,30.54,41.48,25.35,23.45,36.07,19.78,22.27,24.84,28.86,37.91,46.39,42.44,35.61,27.46,26.58,22.01,22.79
ADELAIDE-KENT-TOWN,23090,-34.92,138.62,r1i1p1,rcp26,NorESM1-M,2060-2079,47.61,37.58,47.82,59.25,45.72,40.19,54.99,35.39,36.55,41.58,46.55,55.33,62.69,60.32,54.74,50.84,46.03,40.27,40.97
ALBANY-AIRPORT-COMPARISON,9741,-34.94,117.8,r1i1p1,rcp26,NorESM1-M,2060-2079,61.55,56.41,60.34,66.69,62.81,57.9,65.27,55.52,55.07,58.27,58.51,64.24,68.25,67.15,64.66,64.51,62.8,61.11,58.46
ALICE-SPRINGS-AIRPORT,15590,-23.8,133.89,r1i1p1,rcp26,NorESM1-M,2060-2079,23.64,21.25,25.11,29.36,18.94,21.07,26.25,17.84,25.58,20.32,24.11,30.9,34.14,30.06,23.87,18.95,19.58,18.27,20.1
AMBERLEY-AMO,40004,-27.63,152.71,r1i1p1,rcp26,NorESM1-M,2060-2079,44.68,49.78,49.39,40.28,39.29,48.55,40.84,48.15,52.89,50,48.49,49.69,44.58,39.98,36.28,34.57,39.91,43.38,48.2
BRISBANE-AERO,40842,-27.39,153.13,r1i1p1,rcp26,NorESM1-M,2060-2079,56.3,61.1,58.73,50.35,54.98,59.75,52.78,60.53,61.92,59.59,58.62,57.97,52.71,50.13,48.2,51.28,56.37,57.28,60.95
BROOME-AIRPORT,3003,-17.95,122.23,r1i1p1,rcp26,NorESM1-M,2060-2079,49.95,66.79,46.46,33.23,53.34,60.27,39.67,66.74,70.91,59.38,44.04,35.95,33.24,32.01,34.43,47.3,55.1,57.62,62.72
CAIRNS-AERO,31011,-16.87,145.75,r1i1p1,rcp26,NorESM1-M,2060-2079,62.28,67.31,65.15,58.42,58.18,65.43,59.14,66.46,70.32,65.73,64.42,65.29,61.27,57.98,56.02,56.11,58.17,60.27,65.29
CANBERRA-AIRPORT-COMPARISON,70014,-35.3,149.2,r1i1p1,rcp26,NorESM1-M,2060-2079,46.09,36.54,46.36,56.2,45.12,39.38,52.73,35.16,38.22,39.9,45.22,53.95,60.75,57.25,50.58,48.31,45.54,41.5,36.64
CARNARVON-AIRPORT,6011,-24.89,113.67,r1i1p1,rcp26,NorESM1-M,2060-2079,51.75,55.87,52.09,48.63,50.44,54.49,49.04,56.17,56.2,53.33,54.18,48.76,48.34,49.76,47.8,49.77,49.8,51.75,55.15
CEDUNA-AMO,18012,-32.13,133.7,r1i1p1,rcp26,NorESM1-M,2060-2079,45.4,43.82,45.13,49.34,43.34,43.61,47.2,41.07,45.14,44.17,44.59,46.61,51.63,49.77,46.62,44.93,43.61,41.48,45.22
CHARLEVILLE-AERO,44021,-26.42,146.25,r1i1p1,rcp26,NorESM1-M,2060-2079,28.37,28.25,29.8,32.6,22.67,26.88,29.73,26.79,34.05,24.58,29.15,35.66,37.52,33.66,26.62,23.02,21.91,23.1,24.38
COBAR-MO,48027,-31.49,145.83,r1i1p1,rcp26,NorESM1-M,2060-2079,33.02,23.94,35.16,44.6,28.3,26.41,39.6,21.94,27.8,27.42,33.51,44.54,49.03,46.51,38.26,31.01,28.27,25.62,22.28
COFFS-HARBOUR-MO,59040,-30.31,153.12,r1i1p1,rcp26,NorESM1-M,2060-2079,61.7,66.48,65.6,55.01,59.73,65.85,57.58,65.95,68.04,67.32,65.38,64.11,57.88,54.61,52.54,56.05,60.27,62.88,65.43
DARWIN-AIRPORT,14015,-12.42,130.89,r1i1p1,rcp26,NorESM1-M,2060-2079,53.11,69.99,52.92,36.91,52.72,63.87,42.43,70.58,74,65.12,50.46,43.17,35.7,36.55,38.48,47.95,52.76,57.44,65.12
DUBBO-AIRPORT-AWS,65070,-32.22,148.58,r1i1p1,rcp26,NorESM1-M,2060-2079,42.33,32.18,42.88,54.8,39.13,34.68,50.05,31.11,34.9,36.01,40.5,52.15,57.51,56.37,50.45,45.41,37.53,34.03,30.78
EAST-SALE-AIRPORT,85072,-38.12,147.13,r1i1p1,rcp26,NorESM1-M,2060-2079,56.11,50.23,57.01,61.4,55.75,52.22,59.97,48.88,49.55,52.95,55.84,62.25,65.29,62.61,56.31,57.42,55.94,53.88,52.44
ESPERANCE,9789,-33.83,121.89,r1i1p1,rcp26,NorESM1-M,2060-2079,57.06,56.98,57.52,58.14,55.73,56.93,57.24,55.52,57.11,57.16,57.94,57.45,59.8,58.73,55.89,56.51,55.04,55.64,57.96
GERALDTON-AIRPORT-COMPARISON,8051,-28.8,114.7,r1i1p1,rcp26,NorESM1-M,2060-2079,47.51,43.68,44.11,54.74,47.59,43.36,51.72,43.66,41.39,41.86,43.49,46.99,52.6,56.74,54.89,52.69,46.45,43.65,45.73
HOBART-ELLERSLIE-ROAD,94029,-42.89,147.33,r1i1p1,rcp26,NorESM1-M,2060-2079,55.63,51.94,57.24,60.29,53.17,53.26,58.07,52.01,50.62,53.81,56.87,61.04,64.12,61.14,55.62,53.96,52.56,52.99,52.83
KALGOORLIE-BOULDER-AIRPORT,12038,-30.78,121.45,r1i1p1,rcp26,NorESM1-M,2060-2079,31.92,24.68,37.18,41.22,24.7,27.52,36.24,21.22,29.05,30.82,37.51,42.24,45.69,41.97,35.99,28.42,23.11,22.58,23.14
LAUNCESTON-AIRPORT-COMPARISON,91104,-41.54,147.2,r1i1p1,rcp26,NorESM1-M,2060-2079,56.08,45.43,55.58,68.4,55.06,48.19,64.05,44.93,44.38,46.38,55.12,65.24,71.69,69.91,63.59,58.65,55.2,51.32,46.57
LAVERTON-RAAF,87031,-37.86,144.76,r1i1p1,rcp26,NorESM1-M,2060-2079,55.71,48.92,56.01,63.04,54.81,50.77,60.56,48.27,48.25,51.38,54.87,61.8,66.25,63.55,59.32,57.77,54.7,51.96,50.41
MACKAY-M.O,33119,-21.12,149.22,r1i1p1,rcp26,NorESM1-M,2060-2079,67.31,68.54,69.41,67.48,63.83,67.22,67.41,68.08,70.75,67.22,68.99,72.03,68.35,67.49,66.6,65.72,64.3,61.48,66.73
MEEKATHARRA-AIRPORT,7045,-26.61,118.54,r1i1p1,rcp26,NorESM1-M,2060-2079,23.86,18.72,27.1,32.86,16.58,20.47,27.15,16.13,24.9,23.21,28.55,29.55,37.25,34.65,26.68,19.13,15.66,14.94,15.14
MELBOURNE-AIRPORT,86282,-37.68,144.84,r1i1p1,rcp26,NorESM1-M,2060-2079,52.62,43.83,52.9,62.02,51.62,46.23,58.9,42.92,43.32,47.01,51.48,60.19,65.52,63.34,57.2,55.45,51.71,47.72,45.64
MILDURA-AIRPORT,76031,-34.23,142.08,r1i1p1,rcp26,NorESM1-M,2060-2079,36.42,25.62,37.51,50.67,31.86,28.05,44.8,23.11,27.74,29.55,35.38,47.61,55.24,52.93,43.85,37.86,31.33,26.37,26.04
MOREE-AERO,53115,-29.49,149.85,r1i1p1,rcp26,NorESM1-M,2060-2079,36.93,34.21,37.77,43.85,31.66,33.99,39.79,33.81,38.5,34.57,36.04,42.7,46.32,46.09,39.14,33.62,30.87,30.5,31.05
MOUNT-GAMBIER-AERO,26021,-37.75,140.77,r1i1p1,rcp26,NorESM1-M,2060-2079,57.55,45.41,56.64,70.38,57.92,48.46,66.74,43.53,42.96,48.06,54.73,67.14,74.41,71.41,65.31,62.82,59.33,51.61,49.32
MOUNT-ISA-AERO,29127,-20.68,139.49,r1i1p1,rcp26,NorESM1-M,2060-2079,24.3,31.69,25,21.86,18.59,27.46,21.11,31,36.65,26.34,22.78,25.88,26.04,21.99,17.56,17.75,17.45,20.58,27.63
NOWRA-RAN-AIR-STATION-AWS,68072,-34.95,150.54,r1i1p1,rcp26,NorESM1-M,2060-2079,56.81,59.38,60.14,53.64,53.77,59.29,54.32,59.39,62.07,60.33,59.43,60.65,57.02,54.5,49.41,49.79,54.35,57.43,57.05
PERTH-AIRPORT,9021,-31.93,115.98,r1i1p1,rcp26,NorESM1-M,2060-2079,44.83,34.81,43.03,55.92,45.69,37.41,52.37,34,33.02,36.74,42.94,49.42,57.81,57.09,52.87,51.41,45.64,40.04,36.96
PORT-HEDLAND-AIRPORT,4032,-20.37,118.63,r1i1p1,rcp26,NorESM1-M,2060-2079,38.36,50.56,37.21,30.74,35.04,44.89,31.93,51.89,54.85,42.68,35.74,33.22,33.43,30.23,28.58,30.09,36.03,39,44.56
RICHMOND-RAAF,67105,-33.6,150.78,r1i1p1,rcp26,NorESM1-M,2060-2079,47.15,47.53,52.6,47.37,40.96,48.24,46.07,46.34,51.43,51.35,50.98,55.48,52.4,48.39,41.34,38.64,40.16,44.08,45.19
ROCKHAMPTON-AERO,39083,-23.38,150.48,r1i1p1,rcp26,NorESM1-M,2060-2079,45.74,51.2,48.45,41.95,41.42,48.79,42.73,50.8,53.3,47.94,48.5,48.9,44.91,41.36,39.58,38.78,42.87,42.61,49.33
SYDNEY-AIRPORT-AMO,66037,-33.94,151.17,r1i1p1,rcp26,NorESM1-M,2060-2079,55.57,57.94,60.37,52.36,51.53,58.22,52.96,58.05,60.48,60.11,60.05,60.96,56.3,52.91,47.86,48.81,50.93,54.86,55.58
TENNANT-CREEK-AIRPORT,15135,-19.64,134.18,r1i1p1,rcp26,NorESM1-M,2060-2079,23.7,30.32,24.28,21.44,18.79,26.58,20.8,28.55,35.92,25.17,22.68,24.97,25.27,21.83,17.23,16.83,18.69,20.85,26.39
TOWNSVILLE-AERO,32040,-19.25,146.77,r1i1p1,rcp26,NorESM1-M,2060-2079,55.95,62.59,56.55,50.16,54.44,59.65,52.22,62.07,65.54,58.43,56.19,55.02,50.25,49.57,50.65,52.47,55.36,55.48,60.39
WAGGA-WAGGA-AMO,72150,-35.16,147.46,r1i1p1,rcp26,NorESM1-M,2060-2079,43.69,27.28,41.54,61.83,43.92,31.08,56.17,24.99,29.3,32.28,39.08,53.25,65.44,63.66,56.4,53.68,44.6,33.47,28.15
WILLIAMTOWN-RAAF,61078,-32.79,151.84,r1i1p1,rcp26,NorESM1-M,2060-2079,55.7,56.53,60.79,54.47,50.98,57.27,54.21,55.71,59.76,60.27,59.79,62.33,59.13,55.34,48.96,48.43,51.07,53.45,54.19
WOOMERA-AERODROME,16001,-31.16,136.81,r1i1p1,rcp26,NorESM1-M,2060-2079,28.16,20.31,29.21,39.24,23.83,22.07,34.27,17.29,22.28,23.53,27.89,36.23,44.3,39.9,33.51,26.9,24.77,19.83,21.52
ADELAIDE-KENT-TOWN,23090,-34.92,138.62,r1i1p1,rcp26,NorESM1-M,2080-2099,47.14,38.02,46.88,58.72,45.08,39.94,54.44,36.72,35.74,40.53,45.21,54.91,61.84,60.34,53.99,50.74,44.81,39.69,41.17
ALBANY-AIRPORT-COMPARISON,9741,-34.94,117.8,r1i1p1,rcp26,NorESM1-M,2080-2099,61.85,56.59,61.29,66.56,62.98,58.47,65.32,55.3,55.68,59.3,59.57,64.99,68.29,66.75,64.65,64.46,62.75,61.73,58.72
ALICE-SPRINGS-AIRPORT,15590,-23.8,133.89,r1i1p1,rcp26,NorESM1-M,2080-2099,23.18,20.08,23.99,29.48,18.96,19.87,26.4,16.89,24.13,19.13,22.18,30.65,34.2,30.9,23.35,18.64,20.68,17.56,19.81
AMBERLEY-AMO,40004,-27.63,152.71,r1i1p1,rcp26,NorESM1-M,2080-2099,44.25,49.41,48.4,39.85,39.43,48.06,40.51,47.63,51.94,49.31,47.58,48.31,44.76,39.5,35.28,34.8,40.4,43.08,48.35
BRISBANE-AERO,40842,-27.39,153.13,r1i1p1,rcp26,NorESM1-M,2080-2099,56.39,61.06,58.22,50.27,55.9,59.68,52.99,60.17,61.42,59.33,58.32,57.02,53.42,49.98,47.43,52.33,57.8,57.58,61.92
BROOME-AIRPORT,3003,-17.95,122.23,r1i1p1,rcp26,NorESM1-M,2080-2099,49.2,65.61,44.92,33.56,52.63,58.85,39.52,66.58,69.6,58.74,40.46,35.58,34.38,31.89,34.43,47.25,53.63,57.02,60.83
CAIRNS-AERO,31011,-16.87,145.75,r1i1p1,rcp26,NorESM1-M,2080-2099,62.12,66.93,64.94,58.39,58.31,65.37,58.99,66.98,69.46,66.32,64.77,63.73,61.66,57.56,55.95,56.71,58.3,59.93,64.02
CANBERRA-AIRPORT-COMPARISON,70014,-35.3,149.2,r1i1p1,rcp26,NorESM1-M,2080-2099,45.97,37.69,45.33,55.91,45.2,39.62,52.42,36.81,38.55,39.31,43.89,52.8,60.28,57.64,49.83,48.61,45.37,41.6,36.95
CARNARVON-AIRPORT,6011,-24.89,113.67,r1i1p1,rcp26,NorESM1-M,2080-2099,51.51,55.48,52.07,48.31,50.13,54.22,48.81,54.96,57.55,55.47,51.72,49.04,47.92,49.04,47.97,49.02,49.84,51.51,54.13
CEDUNA-AMO,18012,-32.13,133.7,r1i1p1,rcp26,NorESM1-M,2080-2099,45.57,44.42,44.67,49.35,43.95,43.8,47.42,42.61,43.77,43.11,43.89,47.01,51.36,50.25,46.45,46.32,43.15,42.37,46.49
CHARLEVILLE-AERO,44021,-26.42,146.25,r1i1p1,rcp26,NorESM1-M,2080-2099,28.32,28.38,29.35,32.52,23.15,27.24,29.6,26.48,33.91,25.45,28.64,33.96,37.93,33.34,26.3,23.52,22.55,23.37,24.38
COBAR-MO,48027,-31.49,145.83,r1i1p1,rcp26,NorESM1-M,2080-2099,33.32,25.71,34.93,44.16,28.76,27.6,39.33,24.43,28.25,28.3,33.07,43.42,48.87,47.08,36.53,31.44,28.66,26.18,23.65
COFFS-HARBOUR-MO,59040,-30.31,153.12,r1i1p1,rcp26,NorESM1-M,2080-2099,61.87,67.22,64.9,54.77,60.7,66.2,57.6,66.01,68.6,67.2,64.67,62.84,58.33,54.51,51.48,56.99,61.44,63.66,66.77
DARWIN-AIRPORT,14015,-12.42,130.89,r1i1p1,rcp26,NorESM1-M,2080-2099,52.77,69.6,52.67,37.21,51.49,63.62,41.89,70.38,74.21,66.29,50.75,40.99,36.18,36.91,38.53,47.71,51,55.77,64.53
DUBBO-AIRPORT-AWS,65070,-32.22,148.58,r1i1p1,rcp26,NorESM1-M,2080-2099,42.48,33.36,42.37,54.65,39.67,35.25,49.95,32.62,35.21,36.23,39.77,51.11,57.18,57.35,49.31,45.56,38.3,34.75,31.67
EAST-SALE-AIRPORT,85072,-38.12,147.13,r1i1p1,rcp26,NorESM1-M,2080-2099,55.79,51.28,55.94,61.16,55.11,52.27,59.61,50.1,49.88,51.96,54.48,61.37,64.8,62.79,55.9,57.41,55.4,52.5,52.88
ESPERANCE,9789,-33.83,121.89,r1i1p1,rcp26,NorESM1-M,2080-2099,57.67,56.96,58.57,59.07,56.04,57.4,57.94,54.93,56.94,58.43,58.2,59.06,60.78,59.49,56.95,56.6,54.74,56.79,59.1
GERALDTON-AIRPORT-COMPARISON,8051,-28.8,114.7,r1i1p1,rcp26,NorESM1-M,2080-2099,47.73,43.61,44.7,54.95,47.55,43.48,51.97,42.76,42.91,42.96,43.17,47.98,53.28,56.43,55.14,52.33,46.69,43.64,45.42
HOBART-ELLERSLIE-ROAD,94029,-42.89,147.33,r1i1p1,rcp26,NorESM1-M,2080-2099,55.51,52.18,56.54,60.38,53.31,53.1,58.13,52.33,51.01,53.29,56.34,59.99,64.18,61.31,55.65,54.13,53.51,52.27,52.13
KALGOORLIE-BOULDER-AIRPORT,12038,-30.78,121.45,r1i1p1,rcp26,NorESM1-M,2080-2099,31.89,24.38,37.09,41.94,24.28,27.17,36.59,20.99,28.24,31.28,36.26,42.84,46.73,42.35,36.73,28.01,22.9,21.93,23.23
LAUNCESTON-AIRPORT-COMPARISON,91104,-41.54,147.2,r1i1p1,rcp26,NorESM1-M,2080-2099,56,45.69,54.8,68.38,55.33,48.03,64.04,45.36,44.61,45.5,54.94,63.96,71.38,70.26,63.51,59.21,55.89,50.88,46.51
LAVERTON-RAAF,87031,-37.86,144.76,r1i1p1,rcp26,NorESM1-M,2080-2099,55.6,50.2,55.29,62.92,54.27,51.06,60.36,50.42,48.17,50.53,53.84,61.5,66.09,63.89,58.79,57.62,54.27,50.92,51.17
MACKAY-M.O,33119,-21.12,149.22,r1i1p1,rcp26,NorESM1-M,2080-2099,67.15,69.04,69.55,66.81,63.4,68.01,66.52,68.96,71.49,69.07,69.91,69.68,68.55,66.16,65.72,65.39,63.59,61.22,66.03
MEEKATHARRA-AIRPORT,7045,-26.61,118.54,r1i1p1,rcp26,NorESM1-M,2080-2099,23.53,18.04,26.9,33.16,15.82,19.84,27.17,15.77,24.57,24.13,26.49,30.07,38.31,34.01,27.16,17.81,15.63,14.02,13.89
MELBOURNE-AIRPORT,86282,-37.68,144.84,r1i1p1,rcp26,NorESM1-M,2080-2099,52.47,45.26,52.15,61.88,50.91,46.61,58.61,44.93,43.64,46.18,50.49,59.78,65.12,63.74,56.76,55.14,51.08,46.5,46.22
MILDURA-AIRPORT,76031,-34.23,142.08,r1i1p1,rcp26,NorESM1-M,2080-2099,36.21,26.43,36.71,50.19,31.67,28.18,44.37,25.19,26.13,28.7,34.54,46.88,54.39,53.21,42.96,38.17,30.62,26.21,27.54
MOREE-AERO,53115,-29.49,149.85,r1i1p1,rcp26,NorESM1-M,2080-2099,36.75,35,37.07,43.5,31.68,34.27,39.37,34.29,38.25,34.45,35.26,41.5,46.9,45.9,37.68,33.4,30.86,30.79,31.75
MOUNT-GAMBIER-AERO,26021,-37.75,140.77,r1i1p1,rcp26,NorESM1-M,2080-2099,57.23,45.87,55.62,70.23,57.46,48.15,66.52,44.77,42.65,47.09,53.39,66.39,73.82,71.75,65.12,62.62,59.43,50.34,49.46
MOUNT-ISA-AERO,29127,-20.68,139.49,r1i1p1,rcp26,NorESM1-M,2080-2099,24.42,32.06,25.09,22.01,18.49,27.93,20.89,31.08,37.49,27.53,23.25,24.48,26.64,22.13,17.26,16.99,17.89,20.59,27.78
NOWRA-RAN-AIR-STATION-AWS,68072,-34.95,150.54,r1i1p1,rcp26,NorESM1-M,2080-2099,56.58,60.4,59.25,53.21,53.43,59.45,53.82,60.72,62.07,59.66,58.42,59.66,56.68,54.43,48.53,49.55,53.85,57.12,57.91
PERTH-AIRPORT,9021,-31.93,115.98,r1i1p1,rcp26,NorESM1-M,2080-2099,45.15,34.77,43.95,56.23,45.6,37.58,52.74,33.22,34.01,38.15,43.19,50.51,58.07,57.46,53.17,51.5,45.75,39.55,37.27
PORT-HEDLAND-AIRPORT,4032,-20.37,118.63,r1i1p1,rcp26,NorESM1-M,2080-2099,37.98,49.73,36.99,30.75,34.29,44.04,31.9,52.1,54.01,43.2,33.36,34.42,34.22,29.54,28.48,29.75,34.97,38.13,43.56
RICHMOND-RAAF,67105,-33.6,150.78,r1i1p1,rcp26,NorESM1-M,2080-2099,46.95,48.6,52.02,46.69,40.69,48.65,45.36,47.67,51.8,51.41,50.32,54.32,51.93,48.07,40.06,38.28,39.52,44.27,45.75
ROCKHAMPTON-AERO,39083,-23.38,150.48,r1i1p1,rcp26,NorESM1-M,2080-2099,44.9,50.73,47.23,41.01,40.81,48.42,41.55,50.57,52.4,47.81,47.69,46.19,44.75,40.03,38.26,38.17,41.89,42.37,48.66
SYDNEY-AIRPORT-AMO,66037,-33.94,151.17,r1i1p1,rcp26,NorESM1-M,2080-2099,55.53,59.07,59.95,51.86,51.42,58.65,52.53,59.38,60.93,60.01,59.56,60.27,56.03,52.85,46.7,48.74,50.58,54.94,56.35
TENNANT-CREEK-AIRPORT,15135,-19.64,134.18,r1i1p1,rcp26,NorESM1-M,2080-2099,23.14,29.39,23.32,21.29,18.44,25.78,20.41,27.39,35.13,24.33,22.08,23.56,25.13,22.02,16.72,16.1,18.94,20.29,25.95
TOWNSVILLE-AERO,32040,-19.25,146.77,r1i1p1,rcp26,NorESM1-M,2080-2099,55.97,62.88,56.6,50.04,54.47,60.15,51.9,62.51,65.75,59.6,56.81,53.39,50.93,48.97,50.21,52.83,55.06,55.53,60.05
WAGGA-WAGGA-AMO,72150,-35.16,147.46,r1i1p1,rcp26,NorESM1-M,2080-2099,43.44,28.45,40.49,61.37,43.74,31.35,55.71,26.48,29.53,31.32,38,52.13,64.36,63.92,55.85,53.62,44.38,33.23,28.4
WILLIAMTOWN-RAAF,61078,-32.79,151.84,r1i1p1,rcp26,NorESM1-M,2080-2099,55.68,57.56,60.43,53.8,51.12,57.71,53.76,56.85,60.34,60.29,59.45,61.55,58.62,55.24,47.52,48.64,51.01,53.72,54.91
WOOMERA-AERODROME,16001,-31.16,136.81,r1i1p1,rcp26,NorESM1-M,2080-2099,28.17,21.17,28.72,38.7,24.15,22.44,33.97,18.92,21.49,22.91,27.02,36.24,44.03,39.67,32.41,27.72,23.76,20.97,22.85
ADELAIDE-KENT-TOWN,23090,-34.92,138.62,r1i1p1,rcp45,ACCESS1-0,2020-2039,47.54,37.68,48.08,58.77,45.57,40.3,54.75,37.59,35.29,42.62,46.31,55.32,61.61,59.76,54.94,51.23,45.66,39.83,40.34
ALBANY-AIRPORT-COMPARISON,9741,-34.94,117.8,r1i1p1,rcp45,ACCESS1-0,2020-2039,61.81,56.01,60.58,66.7,64,58.19,65.51,55.05,55.58,59.24,59.11,63.4,68.31,66.79,65.02,64.87,64.65,62.48,57.24
ALICE-SPRINGS-AIRPORT,15590,-23.8,133.89,r1i1p1,rcp45,ACCESS1-0,2020-2039,23.24,22.32,24.21,28.4,18.1,21.4,25.11,21.8,24.67,19.86,22.84,29.94,33.15,30.29,21.76,16.15,19.38,18.79,20.27
AMBERLEY-AMO,40004,-27.63,152.71,r1i1p1,rcp45,ACCESS1-0,2020-2039,43.68,48.71,48.58,39.23,38.24,47.49,39.91,47.85,52.36,48.67,47.63,49.45,44.33,39.04,34.33,33.21,39.1,42.4,45.82
BRISBANE-AERO,40842,-27.39,153.13,r1i1p1,rcp45,ACCESS1-0,2020-2039,55.61,60.43,58.39,49.5,54.09,59.14,52.01,60.04,61.86,59.16,58.14,57.86,52.62,49.48,46.4,50.16,55.55,56.56,59.47
BROOME-AIRPORT,3003,-17.95,122.23,r1i1p1,rcp45,ACCESS1-0,2020-2039,49.24,67.07,45.26,31.33,53.3,60.54,37.98,64.58,73.53,61.15,41.8,32.83,31.09,30.29,32.63,46.74,54.32,58.84,63.1
CAIRNS-AERO,31011,-16.87,145.75,r1i1p1,rcp45,ACCESS1-0,2020-2039,62.52,67.52,65.48,58.51,58.54,65.97,59.09,67.16,70.29,65.87,66.1,64.48,60.22,59.29,56.02,55.12,59.43,61.06,65.22
CANBERRA-AIRPORT-COMPARISON,70014,-35.3,149.2,r1i1p1,rcp45,ACCESS1-0,2020-2039,46.13,37.22,47.03,55.49,44.65,40.01,52.19,38.08,36.9,41.15,46.08,53.87,60.37,56.42,49.68,47.7,45.08,41.16,37.09
CARNARVON-AIRPORT,6011,-24.89,113.67,r1i1p1,rcp45,ACCESS1-0,2020-2039,53.02,57.2,53.74,49.02,52.15,55.75,50.31,56.48,59.16,56.43,53.85,50.93,49.66,49.81,47.58,51.06,52.83,52.56,55.86
CEDUNA-AMO,18012,-32.13,133.7,r1i1p1,rcp45,ACCESS1-0,2020-2039,46.24,45.02,46.12,49.96,43.84,44.79,47.68,45.25,44.38,46.12,44.88,47.36,51.33,50.46,48.11,45.78,43.06,42.69,45.41
CHARLEVILLE-AERO,44021,-26.42,146.25,r1i1p1,rcp45,ACCESS1-0,2020-2039,27.31,27.29,29.5,31.06,21.24,26.71,27.79,27.86,32.79,24.1,30.1,34.31,36.76,31.43,25.01,19.5,19.71,24.51,21.62
COBAR-MO,48027,-31.49,145.83,r1i1p1,rcp45,ACCESS1-0,2020-2039,33.23,25.1,36.78,43.65,27.34,28.01,38.44,27.76,27.28,29.68,37.23,43.42,48.06,45.59,37.3,29.74,26.53,25.75,20.45
COFFS-HARBOUR-MO,59040,-30.31,153.12,r1i1p1,rcp45,ACCESS1-0,2020-2039,61.73,66.89,65.71,54.35,59.98,66.23,57.26,66.5,68.3,68.62,64.47,64.04,57.37,54.32,51.37,55.98,60.46,63.49,65.87
DARWIN-AIRPORT,14015,-12.42,130.89,r1i1p1,rcp45,ACCESS1-0,2020-2039,52.64,69.12,53.07,36.92,51.53,63.85,41.51,69.97,72.5,66.27,51.77,41.18,35.46,36.8,38.5,46.18,50.95,57.45,64.62
DUBBO-AIRPORT-AWS,65070,-32.22,148.58,r1i1p1,rcp45,ACCESS1-0,2020-2039,42.17,32.29,43.45,54.16,38.41,35.12,49.29,34.4,33.19,37.04,41.61,51.7,57.23,55.48,49.71,44.12,36.56,34.13,29.61
EAST-SALE-AIRPORT,85072,-38.12,147.13,r1i1p1,rcp45,ACCESS1-0,2020-2039,56.54,51.17,57.5,61.18,56.23,52.97,60.07,51.38,48.92,53.44,56.2,62.86,65.01,62.65,55.88,57.79,56.22,54.69,53.4
ESPERANCE,9789,-33.83,121.89,r1i1p1,rcp45,ACCESS1-0,2020-2039,57.01,56.28,56.93,58.09,56.86,56.4,57.66,55.35,56.76,57.06,56.01,57.72,59.45,58.63,56.18,58.18,55.79,56.6,56.39
GERALDTON-AIRPORT-COMPARISON,8051,-28.8,114.7,r1i1p1,rcp45,ACCESS1-0,2020-2039,48.66,44.59,45.18,55.57,49.4,44.51,52.88,43.56,43.34,43.24,44.49,47.82,53.48,57.13,56.1,54.15,48.58,45.46,46.6
HOBART-ELLERSLIE-ROAD,94029,-42.89,147.33,r1i1p1,rcp45,ACCESS1-0,2020-2039,55.33,51.97,56.38,60.19,52.9,52.83,57.89,52.35,51.13,52.96,55.45,60.72,63.73,60.93,55.91,54.07,52,52.62,52.07
KALGOORLIE-BOULDER-AIRPORT,12038,-30.78,121.45,r1i1p1,rcp45,ACCESS1-0,2020-2039,32.23,25.04,36.66,41.93,25.36,27.28,37.08,22.09,29.5,30.37,35.76,42.9,46.61,43,36.19,29.29,24.49,22.31,22.95
LAUNCESTON-AIRPORT-COMPARISON,91104,-41.54,147.2,r1i1p1,rcp45,ACCESS1-0,2020-2039,55.8,45.51,54.74,68.48,54.6,47.76,63.92,45.38,44.78,45.19,54.04,64.99,71.44,70.21,63.79,58.87,54.21,50.72,45.97
LAVERTON-RAAF,87031,-37.86,144.76,r1i1p1,rcp45,ACCESS1-0,2020-2039,56.18,50.27,56.74,62.69,54.98,51.7,60.58,52.07,47.61,51.59,55.71,62.92,66.05,63.2,58.81,57.9,54.59,52.46,51.3
MACKAY-M.O,33119,-21.12,149.22,r1i1p1,rcp45,ACCESS1-0,2020-2039,68.2,68.87,71.62,68.3,64.04,68.68,67.73,68.03,71.51,69.3,72.78,72.78,68.57,70.59,65.75,63.24,65.46,63.41,67.01
MEEKATHARRA-AIRPORT,7045,-26.61,118.54,r1i1p1,rcp45,ACCESS1-0,2020-2039,24.71,20.01,27.53,33.76,17.39,21.05,28.29,15.56,27.29,23.46,28.19,30.96,39.65,35.47,26.17,20.54,16.95,14.67,17.29
MELBOURNE-AIRPORT,86282,-37.68,144.84,r1i1p1,rcp45,ACCESS1-0,2020-2039,53.06,45.13,53.68,61.61,51.7,47.14,58.86,46.69,42.55,47.33,52.43,61.27,65.35,62.87,56.61,55.46,51.58,48.05,46.52
MILDURA-AIRPORT,76031,-34.23,142.08,r1i1p1,rcp45,ACCESS1-0,2020-2039,36.74,27.09,38.58,49.65,31.62,29.31,44.17,28.86,26.83,30.5,37.35,47.88,54.18,51.77,43,38.21,29.98,26.66,25.6
MOREE-AERO,53115,-29.49,149.85,r1i1p1,rcp45,ACCESS1-0,2020-2039,35.12,32.25,36.45,42.07,29.5,32.5,37.67,34.31,35.01,32.65,35.26,41.44,45.47,43.88,36.85,30.29,28.13,30.09,28.1
MOUNT-GAMBIER-AERO,26021,-37.75,140.77,r1i1p1,rcp45,ACCESS1-0,2020-2039,57.3,45.63,56.44,69.67,57.59,48.42,66.27,45.08,42.21,47.92,54.39,67.01,73.78,70.71,64.53,62.78,58.81,51.17,49.21
MOUNT-ISA-AERO,29127,-20.68,139.49,r1i1p1,rcp45,ACCESS1-0,2020-2039,24.36,32.68,25.41,21.87,17.4,28.16,20.52,33.93,37.58,26.78,22.97,26.49,26.7,22.56,16.36,14.43,16.57,21.2,26.73
NOWRA-RAN-AIR-STATION-AWS,68072,-34.95,150.54,r1i1p1,rcp45,ACCESS1-0,2020-2039,57.33,61.01,61,53.08,53.9,60.51,54.12,62.81,61.68,62.2,59.82,60.99,56.57,53.9,48.76,50.02,54.31,57.63,58.93
PERTH-AIRPORT,9021,-31.93,115.98,r1i1p1,rcp45,ACCESS1-0,2020-2039,44.95,34.87,42.72,56.1,46.27,37.63,52.39,32.75,33.78,37.15,42.88,48.13,57.79,57.21,53.29,51.77,46.18,40.87,37.61
PORT-HEDLAND-AIRPORT,4032,-20.37,118.63,r1i1p1,rcp45,ACCESS1-0,2020-2039,38.95,52.22,37.54,30.92,35.26,45.78,32.23,51.3,56.74,44.32,35.29,33.02,33.57,30.43,28.77,32.05,35.54,38.2,48.21
RICHMOND-RAAF,67105,-33.6,150.78,r1i1p1,rcp45,ACCESS1-0,2020-2039,47.34,48.57,52.98,46.62,41.05,49.08,45.61,48.87,50.83,52.98,50.77,55.19,51.82,47.55,40.49,38.5,40.11,44.55,46.4
ROCKHAMPTON-AERO,39083,-23.38,150.48,r1i1p1,rcp45,ACCESS1-0,2020-2039,45.09,50.38,48.64,41.26,40.14,48.69,41.54,50.65,52.59,47.87,49.48,48.56,44.35,41.14,38.3,35.32,41.6,43.51,47.74
SYDNEY-AIRPORT-AMO,66037,-33.94,151.17,r1i1p1,rcp45,ACCESS1-0,2020-2039,56.14,59.63,61.09,51.76,51.99,59.49,52.83,60.79,60.67,61.95,60.05,61.27,55.68,52.3,47.29,49.47,50.95,55.55,57.71
TENNANT-CREEK-AIRPORT,15135,-19.64,134.18,r1i1p1,rcp45,ACCESS1-0,2020-2039,22.59,30.72,23,19.53,17.14,26.57,18.6,30.38,34.57,25.11,21.07,22.81,23.4,20.49,14.7,13.64,16.53,21.25,27.1
TOWNSVILLE-AERO,32040,-19.25,146.77,r1i1p1,rcp45,ACCESS1-0,2020-2039,56.47,62.82,57.35,50.86,54.76,60.34,52.56,62.37,65.79,58.28,57.95,55.81,50.76,51.62,50.21,50.86,56.09,57.33,60.55
WAGGA-WAGGA-AMO,72150,-35.16,147.46,r1i1p1,rcp45,ACCESS1-0,2020-2039,43.32,27.41,42.04,61.05,42.6,31.28,55.24,28.3,27.44,32.99,40.2,52.93,64.98,62.77,55.4,52.44,42.9,32.46,27.08
WILLIAMTOWN-RAAF,61078,-32.79,151.84,r1i1p1,rcp45,ACCESS1-0,2020-2039,55.94,57.38,60.99,53.98,51.4,57.95,54.01,57.26,59.76,61.54,58.98,62.46,58.65,54.77,48.54,48.48,51.16,54.55,55.19
WOOMERA-AERODROME,16001,-31.16,136.81,r1i1p1,rcp45,ACCESS1-0,2020-2039,28.69,21.72,30.14,39.11,23.76,23.38,34.03,21.86,22.41,24.87,28.94,36.62,43.22,40.12,33.98,27.05,23.2,21.02,21.03
ADELAIDE-KENT-TOWN,23090,-34.92,138.62,r1i1p1,rcp45,ACCESS1-0,2040-2059,47.75,38.05,47.78,59.34,45.76,40.42,55.05,37.19,36.15,43.06,45.12,55.16,62,60.7,55.33,51.12,45.98,40.17,41
ALBANY-AIRPORT-COMPARISON,9741,-34.94,117.8,r1i1p1,rcp45,ACCESS1-0,2040-2059,61.73,56.2,60.5,66.58,63.68,58.3,65.23,55.56,55.55,58.52,59.87,63.11,67.25,67.15,65.33,64.85,63.67,62.5,57.34
ALICE-SPRINGS-AIRPORT,15590,-23.8,133.89,r1i1p1,rcp45,ACCESS1-0,2040-2059,24.43,23.73,25.04,29.86,19.18,22.28,26.62,20.96,24.21,20.12,22.51,32.5,35.19,30.82,23.56,17.08,20.55,19.91,25.72
AMBERLEY-AMO,40004,-27.63,152.71,r1i1p1,rcp45,ACCESS1-0,2040-2059,44.62,50.28,49.86,39.58,38.81,49.18,40.1,49.22,52.55,49.95,49.33,50.31,43.86,39.74,35.14,32.7,38.88,44.86,48.96
BRISBANE-AERO,40842,-27.39,153.13,r1i1p1,rcp45,ACCESS1-0,2040-2059,56.44,61.44,59.69,49.89,54.68,60.53,52.28,61.2,61.91,60.59,59.82,58.67,52.12,50.24,47.32,49.71,55.59,58.75,61.3
BROOME-AIRPORT,3003,-17.95,122.23,r1i1p1,rcp45,ACCESS1-0,2040-2059,48.99,65.2,46.07,31.73,52.94,59.4,38.6,64.17,68.64,59.96,42.34,35.9,32.48,29.95,32.77,45.6,54.94,58.29,62.8
CAIRNS-AERO,31011,-16.87,145.75,r1i1p1,rcp45,ACCESS1-0,2040-2059,63.09,68.03,66.41,58.59,59.29,66.87,59.33,68.12,70.14,67.6,67.32,64.3,60.56,59.33,55.89,55.72,60.17,61.97,65.94
CANBERRA-AIRPORT-COMPARISON,70014,-35.3,149.2,r1i1p1,rcp45,ACCESS1-0,2040-2059,46.49,39.44,46.15,55.85,44.37,40.86,52.04,39.23,38.61,40.52,44.67,53.24,59.91,56.86,50.77,47.31,44.16,41.64,40.93
CARNARVON-AIRPORT,6011,-24.89,113.67,r1i1p1,rcp45,ACCESS1-0,2040-2059,52.8,56.91,53.58,49.2,51.53,55.29,50.33,56.45,58.1,54.22,54.07,52.44,50,49.83,47.77,50.29,51.62,52.66,56.1
CEDUNA-AMO,18012,-32.13,133.7,r1i1p1,rcp45,ACCESS1-0,2040-2059,46.49,45.5,45.95,50.36,44.17,45.01,47.99,44.61,45.09,45.88,44.44,47.53,52.02,50.63,48.44,45.85,43.44,43.23,46.78
CHARLEVILLE-AERO,44021,-26.42,146.25,r1i1p1,rcp45,ACCESS1-0,2040-2059,28.97,29.76,31.21,32.2,22.56,29.13,28.68,29.8,32.82,25.53,32,36.09,36.93,33.27,26.4,19.38,19.99,28.3,27.2
COBAR-MO,48027,-31.49,145.83,r1i1p1,rcp45,ACCESS1-0,2040-2059,34.8,28.79,37.51,44.63,28.18,30.27,39.3,28.65,28.69,31.42,35.94,45.18,48.07,47.27,38.53,29.99,26.73,27.82,29.29
COFFS-HARBOUR-MO,59040,-30.31,153.12,r1i1p1,rcp45,ACCESS1-0,2040-2059,62.54,68,66.35,55.29,60.51,67.36,57.73,68.57,68.13,68.52,66.23,64.29,57.52,55.41,52.94,55.75,60.5,65.29,67.28
DARWIN-AIRPORT,14015,-12.42,130.89,r1i1p1,rcp45,ACCESS1-0,2040-2059,53.08,70.76,52.94,36.69,52.01,64.76,41.48,71.87,73.21,66.39,51.39,41.04,35.65,36.37,38.04,45.85,51.92,58.27,66.93
DUBBO-AIRPORT-AWS,65070,-32.22,148.58,r1i1p1,rcp45,ACCESS1-0,2040-2059,44.16,37.09,44.37,55.61,39.3,38.16,50.22,37.77,35.72,38.65,41.95,52.5,57.33,57.81,51.66,44.58,36.55,36.26,37.88
EAST-SALE-AIRPORT,85072,-38.12,147.13,r1i1p1,rcp45,ACCESS1-0,2040-2059,56.21,51.64,56.28,61.49,55.35,52.65,59.73,50.71,49.42,52.11,54.92,61.82,65.02,62.66,56.79,56.94,55.15,53.96,54.99
ESPERANCE,9789,-33.83,121.89,r1i1p1,rcp45,ACCESS1-0,2040-2059,56.92,56.77,56.51,58.47,56.06,56.54,57.35,55.26,57.79,56.03,56.56,56.94,60.24,59.5,55.66,57.65,54.11,56.43,56.9
GERALDTON-AIRPORT-COMPARISON,8051,-28.8,114.7,r1i1p1,rcp45,ACCESS1-0,2040-2059,48.41,44.07,44.89,55.34,49.42,44.11,52.77,44.12,42.02,42.54,44.05,48.07,52.53,57.04,56.44,54.21,48.32,45.74,45.79
HOBART-ELLERSLIE-ROAD,94029,-42.89,147.33,r1i1p1,rcp45,ACCESS1-0,2040-2059,54.76,51.36,55.75,59.72,52.31,52.3,57.28,51.24,50.54,52.49,55.08,59.67,63.05,60.43,55.67,53.34,51.49,52.1,51.96
KALGOORLIE-BOULDER-AIRPORT,12038,-30.78,121.45,r1i1p1,rcp45,ACCESS1-0,2040-2059,31.82,25.36,35.29,42.13,24.57,26.94,36.61,22.01,29.09,27.51,34.56,42.76,47.22,43.52,35.64,28.36,22.14,23.21,24.37
LAUNCESTON-AIRPORT-COMPARISON,91104,-41.54,147.2,r1i1p1,rcp45,ACCESS1-0,2040-2059,55.36,45.05,54.25,68.24,54.04,47.35,63.45,44.56,44.34,45.14,53.63,63.99,71,69.8,63.93,58.11,53.87,50.14,45.87
LAVERTON-RAAF,87031,-37.86,144.76,r1i1p1,rcp45,ACCESS1-0,2040-2059,56.04,50.62,55.7,63.33,54.44,51.49,60.49,50.76,48.27,51.05,54.25,61.79,66.46,63.74,59.81,57.31,53.86,52.15,53
MACKAY-M.O,33119,-21.12,149.22,r1i1p1,rcp45,ACCESS1-0,2040-2059,68.85,69.59,72.62,68.03,65.17,69.88,67.82,69.15,71.78,70.43,75.01,72.42,67.65,69.88,66.55,63.67,66.76,65.09,67.77
MEEKATHARRA-AIRPORT,7045,-26.61,118.54,r1i1p1,rcp45,ACCESS1-0,2040-2059,24.71,19.52,27.23,34.44,17.49,20.52,28.8,15.33,25.02,20.57,27.46,33.66,41.39,35.92,26,19.98,15.87,16.64,18.38
MELBOURNE-AIRPORT,86282,-37.68,144.84,r1i1p1,rcp45,ACCESS1-0,2040-2059,52.9,45.54,52.59,62.28,51.05,46.91,58.76,45.41,43.23,46.83,50.77,60.15,65.77,63.45,57.61,54.84,50.72,47.59,48.37
MILDURA-AIRPORT,76031,-34.23,142.08,r1i1p1,rcp45,ACCESS1-0,2040-2059,36.96,28.12,37.7,50.62,31.39,29.53,44.41,26.81,27.15,30.97,34.59,47.54,54.2,53.2,44.46,37.5,29.56,27.12,30.44
MOREE-AERO,53115,-29.49,149.85,r1i1p1,rcp45,ACCESS1-0,2040-2059,36.83,35.99,37.19,43.46,30.4,35.16,38.41,36.99,36.99,33.3,36.41,41.86,45.71,46.31,38.37,30.26,27.94,33,34.82
MOUNT-GAMBIER-AERO,26021,-37.75,140.77,r1i1p1,rcp45,ACCESS1-0,2040-2059,57.53,46.1,56.31,70.26,57.6,48.68,66.48,44.7,43.3,48.38,53.71,66.84,74.07,71.35,65.36,62.28,58.99,51.54,49.88
MOUNT-ISA-AERO,29127,-20.68,139.49,r1i1p1,rcp45,ACCESS1-0,2040-2059,25.27,33.43,26.96,22,18.62,29.58,20.92,33.86,34.75,28.59,25.09,27.22,25.91,22.64,17.45,14.83,17.47,23.55,31.92
NOWRA-RAN-AIR-STATION-AWS,68072,-34.95,150.54,r1i1p1,rcp45,ACCESS1-0,2040-2059,57.61,62.69,60.14,53.48,53.81,61.13,54.06,64.08,63.26,61.03,59.24,60.14,56.27,54.22,49.94,49.61,54,58.04,61.14
PERTH-AIRPORT,9021,-31.93,115.98,r1i1p1,rcp45,ACCESS1-0,2040-2059,44.4,34.26,41.99,55.49,46.01,36.9,52.03,33.11,32.91,35.78,42.07,48.12,56.27,56.96,53.23,51.98,45.61,40.44,36.33
PORT-HEDLAND-AIRPORT,4032,-20.37,118.63,r1i1p1,rcp45,ACCESS1-0,2040-2059,39.12,51.35,38.58,31.33,35.34,45.42,32.92,52.2,53.55,44.1,35.63,36.01,34.85,29.83,29.31,31.59,35.9,38.54,47.89
RICHMOND-RAAF,67105,-33.6,150.78,r1i1p1,rcp45,ACCESS1-0,2040-2059,48.19,50.81,53.04,47.37,41.41,50.45,45.94,51.08,52.51,52.86,51.51,54.76,51.78,48.57,41.75,38.6,40.2,45.44,49.24
ROCKHAMPTON-AERO,39083,-23.38,150.48,r1i1p1,rcp45,ACCESS1-0,2040-2059,45.93,51.34,50.38,41.21,40.86,50.19,41.72,51.75,52.72,49.38,52.46,49.31,43.39,40.95,39.27,35.75,41.64,45.18,49.35
SYDNEY-AIRPORT-AMO,66037,-33.94,151.17,r1i1p1,rcp45,ACCESS1-0,2040-2059,56.52,60.68,60.7,52.42,52.2,60.06,53.02,62.01,61.3,61.21,60.5,60.37,55.83,52.95,48.47,49.16,51.33,56.1,59.03
TENNANT-CREEK-AIRPORT,15135,-19.64,134.18,r1i1p1,rcp45,ACCESS1-0,2040-2059,23.61,31.11,24.07,20.33,18.99,27.46,19.76,29.2,33.13,25.92,21.98,24.31,24.26,21.11,15.64,14.27,18.96,23.74,30.87
TOWNSVILLE-AERO,32040,-19.25,146.77,r1i1p1,rcp45,ACCESS1-0,2040-2059,56.99,63.43,58.31,50.66,55.48,61.41,52.53,63.47,65.59,60.08,59.97,54.89,50.13,51.27,50.58,51.25,57.04,58.13,61.47
WAGGA-WAGGA-AMO,72150,-35.16,147.46,r1i1p1,rcp45,ACCESS1-0,2040-2059,43.74,30.16,40.86,61.55,42.15,32.28,55.05,29.04,28.74,32.54,37.82,52.22,64.71,63.5,56.43,51.88,41.58,32.99,33.43
WILLIAMTOWN-RAAF,61078,-32.79,151.84,r1i1p1,rcp45,ACCESS1-0,2040-2059,56.43,58.78,60.93,54.36,51.63,58.82,54.11,59.2,60.51,61.23,60.17,61.39,58.16,55.1,49.82,48.67,51.54,54.67,56.7
WOOMERA-AERODROME,16001,-31.16,136.81,r1i1p1,rcp45,ACCESS1-0,2040-2059,29.02,22.19,30.23,39.72,23.89,23.45,34.61,21.02,22.38,25.23,27.39,38.08,44.61,40.13,34.44,27.38,23,21.28,23.32
ADELAIDE-KENT-TOWN,23090,-34.92,138.62,r1i1p1,rcp45,ACCESS1-0,2060-2079,47.45,37.46,47.86,59.35,45.08,40.14,54.74,36.01,36.71,42.37,45.92,55.29,62.06,60.36,55.63,49.83,45.26,40.14,39.85
ALBANY-AIRPORT-COMPARISON,9741,-34.94,117.8,r1i1p1,rcp45,ACCESS1-0,2060-2079,61.83,56.65,60.92,66.55,63.26,58.45,65.28,55.85,55.93,59.18,59.44,64.13,67.72,66.36,65.57,64.4,63.52,61.85,58
ALICE-SPRINGS-AIRPORT,15590,-23.8,133.89,r1i1p1,rcp45,ACCESS1-0,2060-2079,23.16,21.4,25.27,29,17.07,21.09,25.27,19.25,21.11,22.2,22.12,31.49,35.47,30.99,20.53,13.95,19.17,18.11,23.56
AMBERLEY-AMO,40004,-27.63,152.71,r1i1p1,rcp45,ACCESS1-0,2060-2079,44.65,49.36,50.5,40.78,38,48.64,40.7,48.53,51.59,50.35,49.87,51.29,45.64,40.24,36.46,32.71,37.83,43.48,47.85
BRISBANE-AERO,40842,-27.39,153.13,r1i1p1,rcp45,ACCESS1-0,2060-2079,56.61,61.01,60.02,51.19,54.2,60.22,52.94,60.65,61.24,60.63,60.05,59.38,53.72,50.56,49.28,50.05,54.64,57.91,61.22
BROOME-AIRPORT,3003,-17.95,122.23,r1i1p1,rcp45,ACCESS1-0,2060-2079,49.5,66.29,45.28,32.09,54.32,60.07,38.96,65.39,71.02,60.22,41.55,34.08,32.61,30.1,33.55,47.41,55.98,59.58,62.46
CAIRNS-AERO,31011,-16.87,145.75,r1i1p1,rcp45,ACCESS1-0,2060-2079,62.93,67.2,66.06,59.49,58.92,66.14,59.74,66.95,69,66.93,66.47,64.79,62.1,59.45,56.93,55.43,59.73,61.61,65.77
CANBERRA-AIRPORT-COMPARISON,70014,-35.3,149.2,r1i1p1,rcp45,ACCESS1-0,2060-2079,45.99,37.86,46.95,55.9,43.12,40.27,51.65,37.49,38.18,41,45.95,53.91,60.45,56.92,50.31,45.51,42.78,41.08,38.33
CARNARVON-AIRPORT,6011,-24.89,113.67,r1i1p1,rcp45,ACCESS1-0,2060-2079,53.3,57.77,54.27,49.04,52.16,56.19,50.44,57.52,59.07,55.74,55.5,51.57,49.34,49.33,48.43,52.32,51.66,52.49,56.64
CEDUNA-AMO,18012,-32.13,133.7,r1i1p1,rcp45,ACCESS1-0,2060-2079,46.27,45.28,45.91,50.38,43.54,44.71,47.84,43.65,45.9,45.46,44.42,47.85,52.26,50.22,48.65,44.64,43.41,42.57,46.25
CHARLEVILLE-AERO,44021,-26.42,146.25,r1i1p1,rcp45,ACCESS1-0,2060-2079,28.18,27.09,33.02,31.99,20.47,28,28.23,28.25,30.08,27.72,33.96,37.39,37.15,33.45,25.38,18.01,18.01,25.4,23.37
COBAR-MO,48027,-31.49,145.83,r1i1p1,rcp45,ACCESS1-0,2060-2079,34.11,26.34,39.66,44.41,25.97,29.65,38.55,26.91,27.86,34.56,38.51,45.92,48.61,47.06,37.56,27.37,24.78,25.75,24.46
COFFS-HARBOUR-MO,59040,-30.31,153.12,r1i1p1,rcp45,ACCESS1-0,2060-2079,62.06,67.11,66.53,55.43,59.17,66.77,57.36,67.23,67.58,68.69,66.39,64.51,58.15,54.41,53.71,55.03,58.36,64.13,66.51
DARWIN-AIRPORT,14015,-12.42,130.89,r1i1p1,rcp45,ACCESS1-0,2060-2079,52.85,69.8,53.26,36.97,51.46,64.22,41.58,70.88,72.94,66.97,51.43,41.39,35.99,36.49,38.44,45.18,51.97,57.23,65.32
DUBBO-AIRPORT-AWS,65070,-32.22,148.58,r1i1p1,rcp45,ACCESS1-0,2060-2079,42.68,33.77,45.06,55.18,36.39,36.47,48.96,34.33,34.56,39.89,42.8,52.48,57.87,57.26,50.32,41.28,33.57,33.83,32.64
EAST-SALE-AIRPORT,85072,-38.12,147.13,r1i1p1,rcp45,ACCESS1-0,2060-2079,56.12,51.05,57.12,61.3,54.94,52.67,59.53,50.15,49.4,53.23,56.24,61.91,64.74,62.45,56.72,56.22,55.16,53.44,53.78
ESPERANCE,9789,-33.83,121.89,r1i1p1,rcp45,ACCESS1-0,2060-2079,57.29,57.4,57.38,58.8,55.69,56.82,57.8,55.73,58.19,56.84,56.81,58.49,61.13,58.62,56.66,57.06,54.84,55.17,57.94
GERALDTON-AIRPORT-COMPARISON,8051,-28.8,114.7,r1i1p1,rcp45,ACCESS1-0,2060-2079,48.63,44.76,45.17,55.24,49.43,44.49,52.83,44.58,42.81,42.1,45.07,48.33,52.37,56.07,57.3,55.3,47.65,45.34,46.62
HOBART-ELLERSLIE-ROAD,94029,-42.89,147.33,r1i1p1,rcp45,ACCESS1-0,2060-2079,54.86,51.49,55.92,59.71,52.42,52.45,57.33,52,50.71,52.6,55.38,59.78,63.24,60.16,55.74,53.16,51.88,52.23,51.41
KALGOORLIE-BOULDER-AIRPORT,12038,-30.78,121.45,r1i1p1,rcp45,ACCESS1-0,2060-2079,32.52,26.81,36.67,42.5,24.23,27.87,37.09,23.45,30.99,28.66,36.02,44.25,47.61,42.87,37.04,28.07,22.71,21.9,25.36
LAUNCESTON-AIRPORT-COMPARISON,91104,-41.54,147.2,r1i1p1,rcp45,ACCESS1-0,2060-2079,55.48,45.18,54.49,68.3,54.08,47.54,63.49,45.02,44.79,45.39,54.05,64.02,71.07,69.61,64.21,57.81,54.21,50.23,45.34
LAVERTON-RAAF,87031,-37.86,144.76,r1i1p1,rcp45,ACCESS1-0,2060-2079,55.91,49.88,56.35,63.32,54.03,51.33,60.4,50.27,48.32,51.89,55.3,61.88,66.32,63.53,60.11,56.65,53.93,51.52,51.22
MACKAY-M.O,33119,-21.12,149.22,r1i1p1,rcp45,ACCESS1-0,2060-2079,69.16,69.42,72.89,69.94,64.41,69.57,68.77,68.42,71.42,71.33,73.59,73.74,71,70.21,68.62,63.61,65.43,64.2,68.37
MEEKATHARRA-AIRPORT,7045,-26.61,118.54,r1i1p1,rcp45,ACCESS1-0,2060-2079,24.78,20.88,27.86,33.84,16.4,21.32,28.16,16.51,28.14,22.81,28.02,32.76,40,34.83,26.69,19.88,14.81,14.51,18.09
MELBOURNE-AIRPORT,86282,-37.68,144.84,r1i1p1,rcp45,ACCESS1-0,2060-2079,52.73,44.67,53.24,62.24,50.63,46.69,58.65,44.75,43.25,47.65,51.9,60.19,65.59,63.28,57.84,54.18,50.8,46.91,46.38
MILDURA-AIRPORT,76031,-34.23,142.08,r1i1p1,rcp45,ACCESS1-0,2060-2079,36.79,26.76,38.55,51.37,30.46,28.99,44.6,25.72,27.45,30.71,36.3,48.63,55.25,53.73,45.12,35.63,29.21,26.54,27.12
MOREE-AERO,53115,-29.49,149.85,r1i1p1,rcp45,ACCESS1-0,2060-2079,35.98,33.51,39.11,43.39,27.67,34.11,37.77,35.42,35.11,35.43,38.54,43.36,46.93,45.62,37.63,27.95,25.15,29.92,30.72
MOUNT-GAMBIER-AERO,26021,-37.75,140.77,r1i1p1,rcp45,ACCESS1-0,2060-2079,57.49,45.68,56.54,70.54,57.35,48.57,66.51,44.36,43.12,48.35,54.53,66.74,74.25,71.53,65.83,61.95,58.74,51.37,49.14
MOUNT-ISA-AERO,29127,-20.68,139.49,r1i1p1,rcp45,ACCESS1-0,2060-2079,23.94,30.46,26.21,21.98,17.03,27.24,20.6,30.62,32.41,27.34,23.87,27.43,26.39,23.3,16.23,13.41,16.86,20.83,28.57
NOWRA-RAN-AIR-STATION-AWS,68072,-34.95,150.54,r1i1p1,rcp45,ACCESS1-0,2060-2079,56.96,61.16,60.68,53.12,52.53,60.51,53.37,61.83,62.66,61.23,60.13,60.68,56.26,53.93,49.17,47.68,52.27,57.82,59.4
PERTH-AIRPORT,9021,-31.93,115.98,r1i1p1,rcp45,ACCESS1-0,2060-2079,44.67,34.99,42.56,55.71,45.56,37.28,52.17,33.57,33.68,35.4,42.99,49.28,56.78,56.48,53.87,52.16,44.47,40.05,37.25
PORT-HEDLAND-AIRPORT,4032,-20.37,118.63,r1i1p1,rcp45,ACCESS1-0,2060-2079,39.12,51.94,37.78,31.26,35.64,45.61,32.74,52.56,55.42,43.64,35.53,34.16,34.65,29.7,29.43,32.52,35.94,38.45,47.43
RICHMOND-RAAF,67105,-33.6,150.78,r1i1p1,rcp45,ACCESS1-0,2060-2079,47.11,48.68,53.13,46.91,39.6,49.25,44.99,48.12,51.69,52.9,51.74,54.74,51.92,47.91,40.88,36.48,37.98,44.33,46.61
ROCKHAMPTON-AERO,39083,-23.38,150.48,r1i1p1,rcp45,ACCESS1-0,2060-2079,45.73,50.16,50.29,42.4,40.13,49.29,42.21,50.16,51.65,50,51.12,49.77,45.58,41.83,39.79,35.38,40.95,44.05,48.49
SYDNEY-AIRPORT-AMO,66037,-33.94,151.17,r1i1p1,rcp45,ACCESS1-0,2060-2079,55.77,59.29,60.92,51.93,50.82,59.36,52.21,59.65,60.96,61.39,60.82,60.55,55.62,52.38,47.78,47.48,49.43,55.56,57.56
TENNANT-CREEK-AIRPORT,15135,-19.64,134.18,r1i1p1,rcp45,ACCESS1-0,2060-2079,22.47,29.61,22.96,19.98,17.36,25.76,19.17,28.44,30.96,25.75,19.55,23.58,24.29,21.55,14.11,12.8,18.68,20.6,29.3
TOWNSVILLE-AERO,32040,-19.25,146.77,r1i1p1,rcp45,ACCESS1-0,2060-2079,57.03,63.11,58.14,51.78,55.01,60.95,53.07,62.98,64.77,60.08,58.59,55.74,52.15,51.45,51.75,50.8,56.53,57.72,61.81
WAGGA-WAGGA-AMO,72150,-35.16,147.46,r1i1p1,rcp45,ACCESS1-0,2060-2079,43.56,28.43,42.15,62.22,41.21,31.7,55.28,27.61,28.69,33.41,39.61,53.42,65.96,64.08,56.62,50.75,40.81,32.06,29.62
WILLIAMTOWN-RAAF,61078,-32.79,151.84,r1i1p1,rcp45,ACCESS1-0,2060-2079,55.47,57.16,60.78,53.88,50.05,57.82,53.19,56.89,59.9,60.97,59.87,61.49,58.16,54.44,49.04,46.98,49.05,54.13,54.74
WOOMERA-AERODROME,16001,-31.16,136.81,r1i1p1,rcp45,ACCESS1-0,2060-2079,28.48,21.58,30.49,39.55,22.26,23.15,33.83,19.61,23.21,25.53,27.85,38.08,44.59,40.21,33.85,24.15,22.12,20.49,22.08
ADELAIDE-KENT-TOWN,23090,-34.92,138.62,r1i1p1,rcp45,ACCESS1-0,2080-2099,47.55,37.69,48.33,59.47,44.85,40.49,54.7,37.01,36.42,43.34,46.29,55.35,61.62,61.14,55.64,49.76,44.71,40.07,39.22
ALBANY-AIRPORT-COMPARISON,9741,-34.94,117.8,r1i1p1,rcp45,ACCESS1-0,2080-2099,61.89,56.42,61.17,66.24,63.74,58.31,65.56,55.7,56.11,58.63,59.87,65.02,67.61,67.02,64.09,65.05,64.56,61.62,57.38
ALICE-SPRINGS-AIRPORT,15590,-23.8,133.89,r1i1p1,rcp45,ACCESS1-0,2080-2099,24.06,22.73,24.78,30.4,18.13,21.63,26.4,22.73,23.28,19.93,22.93,31.47,35.61,33.18,22.4,15.24,20.5,18.65,22.85
AMBERLEY-AMO,40004,-27.63,152.71,r1i1p1,rcp45,ACCESS1-0,2080-2099,43.46,48.93,48.66,38.98,37.38,47.87,39.13,48.18,50.92,49.15,48.81,48.02,43.72,38.88,34.34,32.1,37.71,42.33,47.4
BRISBANE-AERO,40842,-27.39,153.13,r1i1p1,rcp45,ACCESS1-0,2080-2099,56.01,61.07,59.01,49.77,54.1,60.08,51.84,61.02,61.38,60.11,59.88,57.03,52.61,49.58,47.11,49.58,55.15,57.57,61.14
BROOME-AIRPORT,3003,-17.95,122.23,r1i1p1,rcp45,ACCESS1-0,2080-2099,49.93,67.16,45.98,31.36,55.13,60.7,39.13,65.87,71.33,60.05,42.84,35.06,32.9,28.81,32.38,49.99,55.63,59.78,64.48
CAIRNS-AERO,31011,-16.87,145.75,r1i1p1,rcp45,ACCESS1-0,2080-2099,62.78,67.42,65.17,59.37,59.25,65.95,59.74,67.37,68.55,65.65,65.74,64.13,62.12,59.74,56.25,56.28,59.89,61.58,66
CANBERRA-AIRPORT-COMPARISON,70014,-35.3,149.2,r1i1p1,rcp45,ACCESS1-0,2080-2099,45.01,37.73,44.76,55.31,42.51,39.23,50.9,38.01,37.62,39.44,43.02,51.82,59.19,57.24,49.51,46.04,41.63,39.86,36.78
CARNARVON-AIRPORT,6011,-24.89,113.67,r1i1p1,rcp45,ACCESS1-0,2080-2099,53.61,58.15,55.13,48.85,52.24,56.49,50.72,57.89,60.23,56.22,55.56,53.62,49.88,48.19,48.49,52.12,52.04,52.57,56.53
CEDUNA-AMO,18012,-32.13,133.7,r1i1p1,rcp45,ACCESS1-0,2080-2099,46.4,44.81,46.56,50.49,43.87,44.89,48,44.36,44.5,45.79,45.69,48.2,51.96,51.1,48.42,45.23,43.09,43.28,45.17
CHARLEVILLE-AERO,44021,-26.42,146.25,r1i1p1,rcp45,ACCESS1-0,2080-2099,27.6,28.99,29.64,31.46,20.43,27.85,27.56,29.05,31.5,24.49,30.5,33.93,36.01,32.98,25.39,18.54,18.48,24.26,26.01
COBAR-MO,48027,-31.49,145.83,r1i1p1,rcp45,ACCESS1-0,2080-2099,33.22,27.1,36.27,44.04,25.76,28.88,37.85,27.71,28.33,30.54,35.17,43.1,47.31,47.98,36.83,27.78,24.11,25.38,24.43
COFFS-HARBOUR-MO,59040,-30.31,153.12,r1i1p1,rcp45,ACCESS1-0,2080-2099,61.05,67.03,64.61,53.77,58.87,66.1,56.04,67.11,67.13,67.58,64.69,61.55,56.96,53,51.34,54.49,58.88,63.25,66.56
DARWIN-AIRPORT,14015,-12.42,130.89,r1i1p1,rcp45,ACCESS1-0,2080-2099,52.87,69.88,52.63,37.27,51.59,63.89,41.81,70.98,73.05,65.3,51.19,41.39,36.87,37.18,37.76,46.43,51.25,57.08,65.95
DUBBO-AIRPORT-AWS,65070,-32.22,148.58,r1i1p1,rcp45,ACCESS1-0,2080-2099,41.67,33.82,42.37,54.54,36.09,35.3,48.28,34.33,33.51,36.87,40.01,50.22,55.91,57.71,49.94,41.89,33.06,32.82,32.87
EAST-SALE-AIRPORT,85072,-38.12,147.13,r1i1p1,rcp45,ACCESS1-0,2080-2099,55.44,51.1,55.9,60.9,54.17,52.2,58.98,50.67,49.81,51.95,54.6,61.16,64.04,62.46,56.19,56.28,53.75,52.49,51.89
ESPERANCE,9789,-33.83,121.89,r1i1p1,rcp45,ACCESS1-0,2080-2099,57.28,57.01,57.53,58.37,56.2,56.68,57.88,56.34,57.51,56.89,56.6,59.09,59.88,59.69,55.53,57.87,55.23,55.49,57.25
GERALDTON-AIRPORT-COMPARISON,8051,-28.8,114.7,r1i1p1,rcp45,ACCESS1-0,2080-2099,48.94,44.76,46.08,55,49.82,44.78,53.1,44.82,43.4,43.12,45.09,50.03,53.26,55.54,56.22,54.79,48.79,45.89,46.34
HOBART-ELLERSLIE-ROAD,94029,-42.89,147.33,r1i1p1,rcp45,ACCESS1-0,2080-2099,54.84,51.63,55.71,59.87,52.49,52.45,57.42,51.82,51.35,52.5,55.06,59.56,63.7,60.24,55.68,53.36,52,52.11,50.69
KALGOORLIE-BOULDER-AIRPORT,12038,-30.78,121.45,r1i1p1,rcp45,ACCESS1-0,2080-2099,32.53,25.25,38.25,41.83,24.93,27.84,37.2,22.77,28.81,30.87,38.16,44.68,47.54,42.88,35.07,29.61,23.44,21.75,23.54
LAUNCESTON-AIRPORT-COMPARISON,91104,-41.54,147.2,r1i1p1,rcp45,ACCESS1-0,2080-2099,55.47,45.35,54.13,68.24,54.35,47.55,63.45,45.11,45.24,44.47,54.35,63.57,71.25,69.82,63.65,58.33,54.09,50.63,45.14
LAVERTON-RAAF,87031,-37.86,144.76,r1i1p1,rcp45,ACCESS1-0,2080-2099,55.49,50.16,55.98,62.82,53.28,51.39,59.81,51.02,48.68,51.53,54.52,61.9,65.58,63.75,59.13,56.1,52.42,51.33,49.97
MACKAY-M.O,33119,-21.12,149.22,r1i1p1,rcp45,ACCESS1-0,2080-2099,69.03,69.52,72.53,69.42,64.86,69.64,68.65,68.97,71.34,70.7,73.91,72.99,71.39,70.5,66.35,64.75,65.89,63.94,67.6
MEEKATHARRA-AIRPORT,7045,-26.61,118.54,r1i1p1,rcp45,ACCESS1-0,2080-2099,24.74,19.22,29.23,33.49,16.81,20.94,28.49,16.21,25.79,23.97,29.67,34.06,41.08,33.63,25.75,20.76,15.63,14.04,15.84
MELBOURNE-AIRPORT,86282,-37.68,144.84,r1i1p1,rcp45,ACCESS1-0,2080-2099,52.22,45.06,52.81,61.72,49.61,46.78,57.93,45.33,43.87,47.24,51.1,60.1,64.52,63.55,57.09,53.39,48.91,46.52,45
MILDURA-AIRPORT,76031,-34.23,142.08,r1i1p1,rcp45,ACCESS1-0,2080-2099,36.61,27.31,37.82,51.2,30.27,28.99,44.36,27.52,27.64,30.67,35.18,47.62,54.76,54.67,44.16,35.99,28.98,25.84,26.33
MOREE-AERO,53115,-29.49,149.85,r1i1p1,rcp45,ACCESS1-0,2080-2099,34.85,34.22,36.2,41.54,27.66,33.5,36.34,35.3,34.51,33.33,35.47,39.81,43.89,44.48,36.24,27.87,25.75,29.37,32.17
MOUNT-GAMBIER-AERO,26021,-37.75,140.77,r1i1p1,rcp45,ACCESS1-0,2080-2099,57.39,45.92,56.7,70.13,57.07,48.82,66.17,45.18,43.46,48.81,54.39,66.89,73.58,71.58,65.23,61.3,58.41,51.51,48.39
MOUNT-ISA-AERO,29127,-20.68,139.49,r1i1p1,rcp45,ACCESS1-0,2080-2099,24.73,34.31,24.21,22.58,17.76,28.67,20.75,36.49,36.83,24.91,22.2,25.54,27.3,24.16,16.27,14.33,16.92,22.03,29.77
NOWRA-RAN-AIR-STATION-AWS,68072,-34.95,150.54,r1i1p1,rcp45,ACCESS1-0,2080-2099,56.08,61.03,58.8,52.55,51.93,59.64,52.64,62.82,61.49,60.09,57.84,58.47,55.59,53.71,48.34,48.21,51.22,56.5,58.28
PERTH-AIRPORT,9021,-31.93,115.98,r1i1p1,rcp45,ACCESS1-0,2080-2099,44.87,34.49,43.34,55.56,46.01,37.37,52.38,33.41,33.68,36.69,43.03,50.31,57.26,56.7,52.72,52.08,45.22,40.72,36.57
PORT-HEDLAND-AIRPORT,4032,-20.37,118.63,r1i1p1,rcp45,ACCESS1-0,2080-2099,39.38,51.77,39.13,30.38,36.05,45.87,32.85,52.79,54.45,43.81,37.35,36.22,34.43,28.15,28.55,33.91,35.82,38.42,48.61
RICHMOND-RAAF,67105,-33.6,150.78,r1i1p1,rcp45,ACCESS1-0,2080-2099,46.24,49.09,51,46.01,39.04,48.58,44.01,49.64,50.47,51.65,49.15,52.21,50.91,47.26,39.87,36.81,37.01,43.28,46.57
ROCKHAMPTON-AERO,39083,-23.38,150.48,r1i1p1,rcp45,ACCESS1-0,2080-2099,45.54,50.46,49.48,42.02,40.39,49.3,41.97,50.53,51.98,49.54,50.86,48.05,46.27,41.47,38.31,36.27,41.43,43.47,48.35
SYDNEY-AIRPORT-AMO,66037,-33.94,151.17,r1i1p1,rcp45,ACCESS1-0,2080-2099,55.25,59.84,59.42,51.38,50.57,59.04,51.59,61.56,60.16,60.57,59,58.68,55.18,52.06,46.91,48.05,48.7,54.96,57.23
TENNANT-CREEK-AIRPORT,15135,-19.64,134.18,r1i1p1,rcp45,ACCESS1-0,2080-2099,23.39,31.41,22.96,20.85,18.24,26.86,19.84,31.96,34.1,23.96,21.1,23.83,25.26,22.67,14.62,14.15,18.5,22.08,28.51
TOWNSVILLE-AERO,32040,-19.25,146.77,r1i1p1,rcp45,ACCESS1-0,2080-2099,56.8,62.98,57.37,51.42,55.55,60.68,53.03,62.98,64.08,58.77,58.18,55.15,52.59,51.4,50.27,52.01,56.76,57.89,61.52
WAGGA-WAGGA-AMO,72150,-35.16,147.46,r1i1p1,rcp45,ACCESS1-0,2080-2099,42.36,28.3,40.05,61.42,39.98,30.69,54.21,27.52,28.63,31.37,36.94,51.83,63.59,64.59,56.08,50.19,38.98,30.78,27.83
WILLIAMTOWN-RAAF,61078,-32.79,151.84,r1i1p1,rcp45,ACCESS1-0,2080-2099,54.81,57.54,59.22,52.9,49.76,57.44,52.29,58.29,58.84,60.22,58.12,59.33,57.35,53.56,47.79,46.98,48.76,53.55,54.91
WOOMERA-AERODROME,16001,-31.16,136.81,r1i1p1,rcp45,ACCESS1-0,2080-2099,28.75,21.33,30.35,40.47,22.91,22.93,34.64,20.91,21.67,24.57,28.2,38.28,45.53,41.6,34.28,25.86,22.3,20.57,21.18
ADELAIDE-KENT-TOWN,23090,-34.92,138.62,r1i1p1,rcp45,CESM1-CAM5,2020-2039,48.1,37.68,48.79,59.41,46.46,40.79,55.39,35.95,37.24,43.09,47.75,55.54,62.33,60.16,55.74,52.1,46.47,40.8,40.04
ALBANY-AIRPORT-COMPARISON,9741,-34.94,117.8,r1i1p1,rcp45,CESM1-CAM5,2020-2039,62.26,57.05,60.49,67.12,64.43,58.73,65.86,56.6,56.5,58.2,59.67,63.6,68.95,67.39,65.01,65.29,64.89,63.1,57.87
ALICE-SPRINGS-AIRPORT,15590,-23.8,133.89,r1i1p1,rcp45,CESM1-CAM5,2020-2039,24.18,23.79,26.08,28.2,18.74,22.83,25.57,19.47,27.94,20.55,26.08,31.63,33.63,27.36,23.61,17.63,19.57,19.02,23.68
AMBERLEY-AMO,40004,-27.63,152.71,r1i1p1,rcp45,CESM1-CAM5,2020-2039,44.3,50,49.53,39.01,38.67,48.86,39.76,48.64,53.05,50.53,49.16,48.88,43.2,38.37,35.47,33.84,38.81,43.37,48.22
BRISBANE-AERO,40842,-27.39,153.13,r1i1p1,rcp45,CESM1-CAM5,2020-2039,55.96,61.3,59.13,49.04,54.35,60.22,51.63,60.91,62.02,60.2,59.95,57.25,51.17,48.19,47.74,50.51,54.93,57.62,61.04
BROOME-AIRPORT,3003,-17.95,122.23,r1i1p1,rcp45,CESM1-CAM5,2020-2039,48.85,65.41,45.72,32.48,51.78,59.32,38.41,65.87,67.07,59.34,44.25,33.57,31.86,30,35.58,45.86,53.61,55.87,63.3
CAIRNS-AERO,31011,-16.87,145.75,r1i1p1,rcp45,CESM1-CAM5,2020-2039,63.05,68.07,66.85,58.8,58.45,66.9,59.23,66.56,71.91,67.89,66.72,65.94,61.49,57.46,57.46,54.76,58.27,62.33,65.86
CANBERRA-AIRPORT-COMPARISON,70014,-35.3,149.2,r1i1p1,rcp45,CESM1-CAM5,2020-2039,46.93,38.28,47.3,55.95,46.07,40.83,52.97,36.91,40.54,41.92,45.96,54.03,60.06,57.06,50.73,49.77,46.17,42.26,37.81
CARNARVON-AIRPORT,6011,-24.89,113.67,r1i1p1,rcp45,CESM1-CAM5,2020-2039,53.01,56.97,53.84,49.86,51.41,55.78,50.27,57.81,56.79,54.92,55.14,51.47,49.22,50.96,49.4,50.01,50.56,53.66,56.21
CEDUNA-AMO,18012,-32.13,133.7,r1i1p1,rcp45,CESM1-CAM5,2020-2039,46.22,45.28,45.57,49.8,44.24,44.87,47.57,42.88,47.3,45.54,45.68,45.49,50.83,49.45,49.1,46.98,43.53,42.2,45.65
CHARLEVILLE-AERO,44021,-26.42,146.25,r1i1p1,rcp45,CESM1-CAM5,2020-2039,28.52,28.99,30.9,30.92,23.12,28.23,28.68,27.45,35.63,26.61,31.2,34.89,34.98,31.24,26.54,21.67,22.78,24.92,24.35
COBAR-MO,48027,-31.49,145.83,r1i1p1,rcp45,CESM1-CAM5,2020-2039,34.65,27.06,37.65,44.25,29.56,29.35,39.92,24.7,32.37,31.96,36.13,44.85,47.86,45.85,39.05,32.34,29.57,26.76,24.33
COFFS-HARBOUR-MO,59040,-30.31,153.12,r1i1p1,rcp45,CESM1-CAM5,2020-2039,61.68,67.32,65.6,54.1,59.71,66.58,56.8,67.18,68.06,67.49,66.14,63.15,56.43,53.61,52.25,55.91,59.43,63.79,66.69
DARWIN-AIRPORT,14015,-12.42,130.89,r1i1p1,rcp45,CESM1-CAM5,2020-2039,53.81,70.49,54.07,37.66,53.1,64.82,42.89,71.04,73.97,66.06,52.76,43.4,36.11,37.06,39.81,48.01,52.94,58.35,66.21
DUBBO-AIRPORT-AWS,65070,-32.22,148.58,r1i1p1,rcp45,CESM1-CAM5,2020-2039,43.79,35.05,44.87,54.58,40.32,37.13,50.51,34.08,38.68,38.89,42.41,53.31,56.83,56.63,50.23,46.46,38.7,35.35,32.71
EAST-SALE-AIRPORT,85072,-38.12,147.13,r1i1p1,rcp45,CESM1-CAM5,2020-2039,56.64,50.73,57.97,61.14,56.63,53.09,60.14,49.38,50.92,55.3,56.05,62.57,63.91,62.4,57.12,58.25,56.62,55.03,52.08
ESPERANCE,9789,-33.83,121.89,r1i1p1,rcp45,CESM1-CAM5,2020-2039,57.32,57.61,56.53,58.04,57.21,57.06,57.62,56.83,58.01,55.94,56.51,57.12,59.04,58.68,56.41,58.29,56.21,57.12,57.66
GERALDTON-AIRPORT-COMPARISON,8051,-28.8,114.7,r1i1p1,rcp45,CESM1-CAM5,2020-2039,48.53,44.56,45.04,55.61,49.01,44.63,52.5,45.42,40.78,42.78,44.49,47.84,52.45,57.28,57.1,52.9,47.44,46.69,47.21
HOBART-ELLERSLIE-ROAD,94029,-42.89,147.33,r1i1p1,rcp45,CESM1-CAM5,2020-2039,55.42,51.75,56.91,60.12,53,53.02,57.88,51.99,51.33,53.81,56.56,60.35,62.85,60.92,56.6,53.9,52.63,52.48,51.59
KALGOORLIE-BOULDER-AIRPORT,12038,-30.78,121.45,r1i1p1,rcp45,CESM1-CAM5,2020-2039,32.44,25.73,37.07,41.66,25.4,27.92,36.88,22.63,29.26,31.26,36.09,42.95,44.66,42.8,37.53,29.96,23.36,22.86,24.7
LAUNCESTON-AIRPORT-COMPARISON,91104,-41.54,147.2,r1i1p1,rcp45,CESM1-CAM5,2020-2039,56.04,45.34,55.52,68.65,54.79,48.1,64.06,44.97,45.23,46.52,55.21,64.83,70.68,70.55,64.72,58.53,55.04,50.81,45.42
LAVERTON-RAAF,87031,-37.86,144.76,r1i1p1,rcp45,CESM1-CAM5,2020-2039,56.3,49.65,57.08,63,55.42,51.67,60.85,49.48,49.23,53.62,55.26,62.36,65.31,63.59,60.09,58.3,55.47,52.51,50.41
MACKAY-M.O,33119,-21.12,149.22,r1i1p1,rcp45,CESM1-CAM5,2020-2039,69.15,71.33,72.99,67.91,64.4,70.99,67.33,68.93,75.42,71.2,73.55,74.22,68.53,66.41,68.78,62.27,63.77,67.16,69.6
MEEKATHARRA-AIRPORT,7045,-26.61,118.54,r1i1p1,rcp45,CESM1-CAM5,2020-2039,24.79,19.47,28.59,34.21,16.73,21.19,28.31,17.41,22.89,24.12,29.94,31.71,37.2,35.79,29.62,20.14,15.36,14.69,18.27
MELBOURNE-AIRPORT,86282,-37.68,144.84,r1i1p1,rcp45,CESM1-CAM5,2020-2039,53.26,44.6,54.09,61.97,52.27,47.19,59.21,44.12,44.32,49.43,52.03,60.81,64.67,63.32,57.91,56.08,52.5,48.25,45.73
MILDURA-AIRPORT,76031,-34.23,142.08,r1i1p1,rcp45,CESM1-CAM5,2020-2039,37.3,26.64,39.74,50.27,32.57,29.43,45.2,24.3,29.98,33.06,37.26,48.89,54.24,51.75,44.82,39.31,32.16,26.22,25.65
MOREE-AERO,53115,-29.49,149.85,r1i1p1,rcp45,CESM1-CAM5,2020-2039,36.34,34.96,37.67,41.66,30.82,34.49,38.1,34.9,38.88,34.35,36.8,41.84,44.51,43.45,37.02,32.18,29.57,30.71,31.85
MOUNT-GAMBIER-AERO,26021,-37.75,140.77,r1i1p1,rcp45,CESM1-CAM5,2020-2039,57.58,45.19,56.91,70.43,57.91,48.52,66.73,43.65,43.11,49,54.69,67.03,73.56,71.82,65.92,62.48,59.54,51.7,48.41
MOUNT-ISA-AERO,29127,-20.68,139.49,r1i1p1,rcp45,CESM1-CAM5,2020-2039,25.42,32.58,27.76,22.09,19.17,29.36,21.44,30.85,38.29,28.52,27.17,27.59,25.76,21.58,18.93,16.1,18.66,22.74,28.81
NOWRA-RAN-AIR-STATION-AWS,68072,-34.95,150.54,r1i1p1,rcp45,CESM1-CAM5,2020-2039,57.53,61.51,60.56,53.28,54.45,60.74,54.29,61.3,64.62,61.33,59.82,60.53,55.94,54.39,49.49,51.01,54.2,58.35,59.01
PERTH-AIRPORT,9021,-31.93,115.98,r1i1p1,rcp45,CESM1-CAM5,2020-2039,45.25,35.23,42.91,56.58,46.44,37.89,52.74,35.2,32.2,37.1,43.24,48.4,57.97,57.79,53.99,51.41,46.88,41.05,37.81
PORT-HEDLAND-AIRPORT,4032,-20.37,118.63,r1i1p1,rcp45,CESM1-CAM5,2020-2039,38.45,50.81,37.6,30.56,34.94,45.03,31.97,52.44,52.48,42.66,36.36,33.8,33.03,29.58,29.08,30.76,35.55,38.52,47.12
RICHMOND-RAAF,67105,-33.6,150.78,r1i1p1,rcp45,CESM1-CAM5,2020-2039,47.93,49.66,53.26,47.16,41.5,49.74,46.13,48.25,53.93,52.49,51.58,55.7,51.63,48.6,41.24,39.46,40.11,44.93,47.19
ROCKHAMPTON-AERO,39083,-23.38,150.48,r1i1p1,rcp45,CESM1-CAM5,2020-2039,46.04,52.48,50.16,40.93,40.64,50.69,41.43,51.35,55.42,50.37,51,49.11,44,39.32,39.48,35.42,41.27,45.23,50.48
SYDNEY-AIRPORT-AMO,66037,-33.94,151.17,r1i1p1,rcp45,CESM1-CAM5,2020-2039,56.42,60.29,60.97,52.14,52.15,59.83,53.03,60.13,63.07,61.19,60.63,61.1,55.31,53.02,48.1,49.9,50.74,55.82,57.97
TENNANT-CREEK-AIRPORT,15135,-19.64,134.18,r1i1p1,rcp45,CESM1-CAM5,2020-2039,23.45,30.72,24.24,20.46,18.43,26.78,20.12,28.92,35.26,24.45,23.43,24.83,23.87,20.57,16.92,15.17,19.33,20.78,27.87
TOWNSVILLE-AERO,32040,-19.25,146.77,r1i1p1,rcp45,CESM1-CAM5,2020-2039,57.61,64.26,59.72,51.3,55.09,62.32,52.86,62.43,68.47,61.3,60.32,57.55,51.53,49.85,52.51,50.63,55.11,59.54,62.11
WAGGA-WAGGA-AMO,72150,-35.16,147.46,r1i1p1,rcp45,CESM1-CAM5,2020-2039,44.99,29.2,43.35,62.03,45.19,32.94,56.91,27.01,31.79,35.37,40.38,54.29,65.19,63.8,57.1,55.46,45.65,34.46,29.43
WILLIAMTOWN-RAAF,61078,-32.79,151.84,r1i1p1,rcp45,CESM1-CAM5,2020-2039,56.22,58.44,61.17,53.89,51.35,58.59,53.92,57.66,61.41,61.1,60.18,62.24,57.75,55.05,48.86,48.92,50.7,54.44,56.33
WOOMERA-AERODROME,16001,-31.16,136.81,r1i1p1,rcp45,CESM1-CAM5,2020-2039,29.27,22.31,31.15,39.23,24.34,24.04,34.51,18.9,25.84,25.83,30.64,36.98,43.57,38.93,35.18,28.45,23.97,20.61,22.35
ADELAIDE-KENT-TOWN,23090,-34.92,138.62,r1i1p1,rcp45,CESM1-CAM5,2040-2059,47.78,37.67,48.18,59.39,45.82,40.53,55,35.82,37.28,41.98,47.01,55.55,62.72,59.96,55.49,50.59,45.71,41.14,40.1
ALBANY-AIRPORT-COMPARISON,9741,-34.94,117.8,r1i1p1,rcp45,CESM1-CAM5,2040-2059,62.12,56.1,60.73,67.08,64.62,58.41,65.91,54.71,55.53,57.54,60.66,63.99,68.78,67,65.47,65.27,64.96,63.65,57.91
ALICE-SPRINGS-AIRPORT,15590,-23.8,133.89,r1i1p1,rcp45,CESM1-CAM5,2040-2059,23.5,21.28,26.32,28.82,17.69,21.43,25.62,16.66,24.38,21.8,25.03,32.12,36.67,27.86,21.93,16.28,18.84,17.94,22.53
AMBERLEY-AMO,40004,-27.63,152.71,r1i1p1,rcp45,CESM1-CAM5,2040-2059,44.4,49.57,49.77,39.48,38.81,48.64,40.19,48.14,52.33,50.41,49.58,49.32,44.17,39.17,35.11,33.48,39.89,43.05,48.15
BRISBANE-AERO,40842,-27.39,153.13,r1i1p1,rcp45,CESM1-CAM5,2040-2059,56.21,60.87,59.47,49.71,54.74,60.06,52.29,60.4,61.32,60.18,60.51,57.73,52.42,49.44,47.28,50.12,56.74,57.36,60.98
BROOME-AIRPORT,3003,-17.95,122.23,r1i1p1,rcp45,CESM1-CAM5,2040-2059,48.83,64.27,46.46,32.94,51.67,58.78,38.92,64.66,66.5,59.7,44.13,35.53,34.26,30.35,34.2,45.14,54.05,55.83,61.65
CAIRNS-AERO,31011,-16.87,145.75,r1i1p1,rcp45,CESM1-CAM5,2040-2059,62.65,67.22,66.69,58.61,58.05,66.22,59.1,65.97,70.03,67.18,67.15,65.75,62.4,57.14,56.28,54.41,58.63,61.1,65.79
CANBERRA-AIRPORT-COMPARISON,70014,-35.3,149.2,r1i1p1,rcp45,CESM1-CAM5,2040-2059,46.53,37.66,46.89,56.07,45.37,40.3,52.7,36.26,39.46,41.12,45.59,53.96,60.4,57.43,50.39,48.14,45.91,42.07,37.67
CARNARVON-AIRPORT,6011,-24.89,113.67,r1i1p1,rcp45,CESM1-CAM5,2040-2059,53.26,56.62,54.34,50.28,51.83,55.84,50.71,57.26,57.04,56.24,55.22,51.58,49.56,51.46,49.82,50.64,51.2,53.66,55.46
CEDUNA-AMO,18012,-32.13,133.7,r1i1p1,rcp45,CESM1-CAM5,2040-2059,45.73,44.74,45.17,49.79,43.25,44.28,47.19,42.52,46.39,44.46,44.88,46.16,51.62,50,47.75,44.78,42.82,42.15,45.28
CHARLEVILLE-AERO,44021,-26.42,146.25,r1i1p1,rcp45,CESM1-CAM5,2040-2059,27.99,27.12,31.29,31.21,22.17,27.17,28.67,25.18,32.86,27.2,31.91,34.78,37.01,31.44,25.18,20.52,23.09,22.89,23.76
COBAR-MO,48027,-31.49,145.83,r1i1p1,rcp45,CESM1-CAM5,2040-2059,34.13,25.12,37.74,44.86,28.73,28.44,39.8,23.31,28.72,32.08,36.46,44.68,49.65,46.92,38,30.52,29.03,26.65,23.56
COFFS-HARBOUR-MO,59040,-30.31,153.12,r1i1p1,rcp45,CESM1-CAM5,2040-2059,62.05,67.5,66.33,54.5,59.88,66.84,57.27,67.48,67.77,68.5,66.6,63.89,57.33,54,52.17,55.58,60.68,63.38,67.22
DARWIN-AIRPORT,14015,-12.42,130.89,r1i1p1,rcp45,CESM1-CAM5,2040-2059,53.41,70.07,54.06,37.47,52.12,64.3,42.59,70.62,73.48,65.93,52.96,43.28,37.06,36.69,38.64,47.34,52.53,56.47,65.85
DUBBO-AIRPORT-AWS,65070,-32.22,148.58,r1i1p1,rcp45,CESM1-CAM5,2040-2059,43.7,34.32,45.05,55.17,39.92,36.83,50.65,33.95,36.69,39.17,42.66,53.33,58.07,57.41,49.9,45.18,39.07,35.15,32.61
EAST-SALE-AIRPORT,85072,-38.12,147.13,r1i1p1,rcp45,CESM1-CAM5,2040-2059,55.86,50.08,56.96,60.88,55.44,52.21,59.47,48,50.27,53.61,55.32,61.96,64.19,62.05,56.41,56.36,55.86,54.1,52.17
ESPERANCE,9789,-33.83,121.89,r1i1p1,rcp45,CESM1-CAM5,2040-2059,56.62,55.49,56.65,57.63,56.81,56,57.28,53.89,55.86,55.72,56.99,57.26,59.16,57.93,55.81,57.47,56.05,56.92,56.39
GERALDTON-AIRPORT-COMPARISON,8051,-28.8,114.7,r1i1p1,rcp45,CESM1-CAM5,2040-2059,48.36,43.91,45.22,55.48,48.92,44.28,52.5,44.15,41.45,43.5,44.39,47.76,52.4,56.97,57.08,53.13,47.64,45.99,45.85
HOBART-ELLERSLIE-ROAD,94029,-42.89,147.33,r1i1p1,rcp45,CESM1-CAM5,2040-2059,55.16,51.36,56.7,60.01,52.69,52.64,57.74,51.65,50.65,53.4,56.03,60.66,63.01,61.02,56,53.38,52.39,52.31,51.44
KALGOORLIE-BOULDER-AIRPORT,12038,-30.78,121.45,r1i1p1,rcp45,CESM1-CAM5,2040-2059,30.46,22.39,35.79,40.15,23.59,25.6,35.23,19.47,25.35,30.14,34.78,41.56,43.87,41.22,35.36,27.77,21.6,21.41,21.81
LAUNCESTON-AIRPORT-COMPARISON,91104,-41.54,147.2,r1i1p1,rcp45,CESM1-CAM5,2040-2059,55.84,45.09,55.33,68.56,54.52,47.8,63.96,44.56,44.8,46.11,54.72,65.14,70.82,70.71,64.15,57.84,55.1,50.6,45.52
LAVERTON-RAAF,87031,-37.86,144.76,r1i1p1,rcp45,CESM1-CAM5,2040-2059,55.31,48.46,55.9,62.63,54.18,50.5,60.03,47.26,48.37,51.89,54.32,61.49,65.73,63.02,59.15,56.7,54.09,51.77,49.92
MACKAY-M.O,33119,-21.12,149.22,r1i1p1,rcp45,CESM1-CAM5,2040-2059,67.44,68.05,71.36,66.94,63.42,68.32,66.57,65.89,72.65,68.72,72.82,72.55,70.03,65.52,65.28,61.97,64.08,64.2,65.56
MEEKATHARRA-AIRPORT,7045,-26.61,118.54,r1i1p1,rcp45,CESM1-CAM5,2040-2059,23.37,17.51,26.82,33.61,15.37,19.54,27.11,15.54,21.53,23.79,26.91,29.75,37.42,36.01,27.42,18.17,13.92,14.03,15.56
MELBOURNE-AIRPORT,86282,-37.68,144.84,r1i1p1,rcp45,CESM1-CAM5,2040-2059,52.22,43.39,52.83,61.58,50.98,46,58.33,41.98,43.25,47.54,51.04,59.9,65.01,62.73,56.98,54.39,50.97,47.57,45.32
MILDURA-AIRPORT,76031,-34.23,142.08,r1i1p1,rcp45,CESM1-CAM5,2040-2059,36.39,25.36,38.26,50.07,31.86,28.43,44.36,22.87,28.37,31.62,35.33,47.82,54.33,51.8,44.08,37.39,30.75,27.43,24.85
MOREE-AERO,53115,-29.49,149.85,r1i1p1,rcp45,CESM1-CAM5,2040-2059,36.9,34.57,38.87,43.07,30.84,34.56,39.14,34.73,37.5,35.8,37.72,43.11,46.46,45.44,37.31,31.72,30.84,29.96,32.23
MOUNT-GAMBIER-AERO,26021,-37.75,140.77,r1i1p1,rcp45,CESM1-CAM5,2040-2059,57.31,45.1,56.6,70.2,57.47,48.32,66.39,43.06,43.12,48.23,54.66,66.91,74.3,71.45,64.84,61.77,59.06,51.58,48.71
MOUNT-ISA-AERO,29127,-20.68,139.49,r1i1p1,rcp45,CESM1-CAM5,2040-2059,24.76,31.09,28.26,21.84,17.78,28.33,21.15,29.14,36.01,29.51,27.06,28.21,27.6,20.79,17.14,14.41,18.76,20.17,28.33
NOWRA-RAN-AIR-STATION-AWS,68072,-34.95,150.54,r1i1p1,rcp45,CESM1-CAM5,2040-2059,57.39,61,60.64,53.47,54.14,60.45,54.31,60.82,63.63,61.31,59.99,60.62,56.48,54.56,49.36,50.01,54.67,57.99,58.93
PERTH-AIRPORT,9021,-31.93,115.98,r1i1p1,rcp45,CESM1-CAM5,2040-2059,44.64,33.41,43.21,56.26,45.85,36.88,52.53,32.4,31.42,36.5,43.9,49.23,57.52,57.02,54.25,51.33,45.83,40.39,35.95
PORT-HEDLAND-AIRPORT,4032,-20.37,118.63,r1i1p1,rcp45,CESM1-CAM5,2040-2059,38.09,49.62,37.27,30.81,34.78,44.09,32.19,50.68,52.43,42.43,35.23,34.15,33.91,30.47,28.04,31.27,35.29,37.79,45.37
RICHMOND-RAAF,67105,-33.6,150.78,r1i1p1,rcp45,CESM1-CAM5,2040-2059,47.91,49.29,53.58,47.18,41.45,49.66,46.16,48.23,53.01,53.02,51.98,55.73,52.03,48.47,41.04,38.91,40.78,44.66,47.01
ROCKHAMPTON-AERO,39083,-23.38,150.48,r1i1p1,rcp45,CESM1-CAM5,2040-2059,45.57,50.85,49.84,40.92,40.73,49.6,41.59,49.06,54,49.41,51.27,48.86,45.08,39.63,38.06,35.64,42.29,44.27,49.3
SYDNEY-AIRPORT-AMO,66037,-33.94,151.17,r1i1p1,rcp45,CESM1-CAM5,2040-2059,56.48,59.93,61.46,52.22,52.21,59.82,53.16,60.07,62.09,61.8,61.33,61.23,55.79,52.98,47.9,49.49,51.6,55.54,57.92
TENNANT-CREEK-AIRPORT,15135,-19.64,134.18,r1i1p1,rcp45,CESM1-CAM5,2040-2059,22.34,28.11,24.04,20.17,17.08,25.01,19.66,26.4,31.02,25.01,22.28,24.82,25.2,19.99,15.34,13.93,18.72,18.6,26.8
TOWNSVILLE-AERO,32040,-19.25,146.77,r1i1p1,rcp45,CESM1-CAM5,2040-2059,57.18,62.94,59.63,51.44,54.62,61.45,52.87,61.33,66.77,60.89,60.72,57.29,53,49.66,51.66,50.37,55.24,58.26,60.95
WAGGA-WAGGA-AMO,72150,-35.16,147.46,r1i1p1,rcp45,CESM1-CAM5,2040-2059,44.32,28.42,42.63,62.05,43.96,32.28,56.22,26.16,30.45,34.49,39.89,53.5,65.37,64.49,56.3,53.37,44.31,34.19,29.29
WILLIAMTOWN-RAAF,61078,-32.79,151.84,r1i1p1,rcp45,CESM1-CAM5,2040-2059,56.43,58.4,61.85,53.9,51.54,58.77,54.16,57.9,60.91,62.01,60.9,62.64,58.23,54.93,48.56,48.83,51.78,54.02,56.44
WOOMERA-AERODROME,16001,-31.16,136.81,r1i1p1,rcp45,CESM1-CAM5,2040-2059,27.61,20.27,28.66,38.56,22.91,21.99,33.25,17.95,22.23,23.05,27.05,35.87,43.62,38.77,33.28,25.19,22.76,20.79,20.77
ADELAIDE-KENT-TOWN,23090,-34.92,138.62,r1i1p1,rcp45,CESM1-CAM5,2060-2079,47.97,38.23,48.51,59.27,45.82,40.98,54.94,36.51,37.6,41.82,47.98,55.72,62.44,59.78,55.6,50.75,45.34,41.37,40.77
ALBANY-AIRPORT-COMPARISON,9741,-34.94,117.8,r1i1p1,rcp45,CESM1-CAM5,2060-2079,62.05,56.55,61.04,66.77,63.91,58.64,65.55,55.23,55.77,58.37,60.63,64.13,68.33,66.71,65.27,64.93,63.91,62.87,58.48
ALICE-SPRINGS-AIRPORT,15590,-23.8,133.89,r1i1p1,rcp45,CESM1-CAM5,2060-2079,24.44,23.42,25.95,29.67,18.82,22.37,26.55,18.96,25.73,21.18,24.15,32.53,34.15,29.43,25.42,17.89,19.88,18.69,25.25
AMBERLEY-AMO,40004,-27.63,152.71,r1i1p1,rcp45,CESM1-CAM5,2060-2079,44.41,49.22,49.86,39.8,38.78,48.49,40.36,47.67,53.04,50.24,49.55,49.78,44.18,38.98,36.24,34,38.97,43.37,46.85
BRISBANE-AERO,40842,-27.39,153.13,r1i1p1,rcp45,CESM1-CAM5,2060-2079,56.33,60.64,59.73,50.21,54.73,60.01,52.59,60.02,62.28,60.31,60.46,58.42,52.56,49.2,48.87,51.14,55.35,57.69,59.7
BROOME-AIRPORT,3003,-17.95,122.23,r1i1p1,rcp45,CESM1-CAM5,2060-2079,48.82,65.38,45.72,32.03,52.14,59.12,38.55,64.65,67.48,59.35,43.44,34.38,30.57,30.52,35.01,46.23,54.58,55.62,64.02
CAIRNS-AERO,31011,-16.87,145.75,r1i1p1,rcp45,CESM1-CAM5,2060-2079,63.33,68.08,66.66,59.65,58.91,66.73,59.95,66.79,71.45,67.23,66.67,66.1,62.9,58.05,58.01,55.53,59.14,62.05,66.11
CANBERRA-AIRPORT-COMPARISON,70014,-35.3,149.2,r1i1p1,rcp45,CESM1-CAM5,2060-2079,46.73,37.73,47.64,56.03,45.39,40.62,52.78,36.38,39.67,41.67,46.37,54.87,60.53,57.06,50.5,48.61,45.12,42.45,37.57
CARNARVON-AIRPORT,6011,-24.89,113.67,r1i1p1,rcp45,CESM1-CAM5,2060-2079,53.22,56.55,54.93,49.74,51.68,55.82,50.64,56.94,56.86,55.83,56.03,52.94,48.95,50.32,49.94,50.42,51.27,53.34,55.78
CEDUNA-AMO,18012,-32.13,133.7,r1i1p1,rcp45,CESM1-CAM5,2060-2079,46.03,45.38,45.68,49.43,43.66,44.86,47.21,42.81,47.22,44.26,45.87,46.91,50.78,49.17,48.34,45.66,42.4,42.91,46.1
CHARLEVILLE-AERO,44021,-26.42,146.25,r1i1p1,rcp45,CESM1-CAM5,2060-2079,28.68,28.05,31.17,32.72,22.64,27.69,29.54,26.46,34.14,26.72,31.23,35.57,37.53,33.5,27.12,21.7,21.85,24.36,24.02
COBAR-MO,48027,-31.49,145.83,r1i1p1,rcp45,CESM1-CAM5,2060-2079,34.79,26.54,37.98,45.55,29,29.14,40.41,25.23,29.88,30.88,36.68,46.38,49.6,47.81,39.24,31.41,28.05,27.55,24.73
COFFS-HARBOUR-MO,59040,-30.31,153.12,r1i1p1,rcp45,CESM1-CAM5,2060-2079,62.03,66.93,66.51,54.86,59.84,66.6,57.48,66.67,68.23,68.31,66.86,64.35,57.51,53.85,53.23,56.2,59.76,63.55,65.88
DARWIN-AIRPORT,14015,-12.42,130.89,r1i1p1,rcp45,CESM1-CAM5,2060-2079,53.77,70.62,54.23,37.42,52.92,64.85,42.79,70.75,73.84,66.37,52.52,43.81,35.68,37.45,39.13,47.34,53.34,58.07,67
DUBBO-AIRPORT-AWS,65070,-32.22,148.58,r1i1p1,rcp45,CESM1-CAM5,2060-2079,43.68,34.49,44.87,55.59,39.43,36.76,50.66,34.47,37.08,38.27,42.6,53.74,58.07,57.66,50.97,44.87,37.73,35.25,32.24
EAST-SALE-AIRPORT,85072,-38.12,147.13,r1i1p1,rcp45,CESM1-CAM5,2060-2079,56.44,50.89,58,60.92,55.89,53.15,59.69,49.24,51.24,54.72,56.8,62.49,64.48,62.18,56.09,57.25,55.65,54.76,52.37
ESPERANCE,9789,-33.83,121.89,r1i1p1,rcp45,CESM1-CAM5,2060-2079,56.72,56.62,56.7,57.35,56.32,56.4,57.08,55.04,57.24,55.27,56.89,57.93,58.65,57.48,55.91,57.68,54.8,56.47,57.24
GERALDTON-AIRPORT-COMPARISON,8051,-28.8,114.7,r1i1p1,rcp45,CESM1-CAM5,2060-2079,47.97,44.06,45,54.39,48.5,44.1,51.9,44.08,41.05,42.04,44.47,48.49,51.18,55.58,56.4,52.89,46.85,45.77,46.79
HOBART-ELLERSLIE-ROAD,94029,-42.89,147.33,r1i1p1,rcp45,CESM1-CAM5,2060-2079,55.13,51.75,56.79,59.47,52.62,52.94,57.38,52.52,50.78,53.44,56.57,60.35,62.37,60.77,55.28,53.45,52.07,52.34,51.61
KALGOORLIE-BOULDER-AIRPORT,12038,-30.78,121.45,r1i1p1,rcp45,CESM1-CAM5,2060-2079,30.67,23.9,35.8,39.47,23.63,25.88,35.37,20.14,28.48,27.04,35.32,43.92,43.03,39.93,35.46,28,21.88,21.01,22.43
LAUNCESTON-AIRPORT-COMPARISON,91104,-41.54,147.2,r1i1p1,rcp45,CESM1-CAM5,2060-2079,55.91,45.54,55.49,68.04,54.71,48.19,63.72,45.68,44.89,46.22,55.34,64.91,70.31,70.11,63.71,58.51,54.75,50.88,45.67
LAVERTON-RAAF,87031,-37.86,144.76,r1i1p1,rcp45,CESM1-CAM5,2060-2079,55.89,49.62,56.75,62.68,54.45,51.58,60.11,48.63,49.77,52.84,55.59,61.82,65.59,63.24,59.22,57,53.8,52.56,50.61
MACKAY-M.O,33119,-21.12,149.22,r1i1p1,rcp45,CESM1-CAM5,2060-2079,70.92,71.29,74.76,71.63,66.03,71.27,70.59,69.65,76.23,72.19,75.3,76.8,73.98,69.86,71.06,65.08,66.76,66.24,67.95
MEEKATHARRA-AIRPORT,7045,-26.61,118.54,r1i1p1,rcp45,CESM1-CAM5,2060-2079,23.76,18.48,27.27,33.36,15.74,19.83,27.59,16.25,23.68,21.46,28.61,31.75,36.35,34.89,28.82,18.9,14.83,13.5,15.56
MELBOURNE-AIRPORT,86282,-37.68,144.84,r1i1p1,rcp45,CESM1-CAM5,2060-2079,52.82,44.46,53.74,61.68,51.29,47.06,58.46,43.23,44.54,48.63,52.3,60.29,64.94,63.01,57.07,54.69,50.76,48.41,45.97
MILDURA-AIRPORT,76031,-34.23,142.08,r1i1p1,rcp45,CESM1-CAM5,2060-2079,36.82,26.52,39.05,50.01,31.69,29.36,44.29,24.16,29.03,31.37,37.43,48.34,53.72,52.17,44.14,37.12,30.27,27.68,26.41
MOREE-AERO,53115,-29.49,149.85,r1i1p1,rcp45,CESM1-CAM5,2060-2079,36.34,33.89,37.96,43.08,30.19,34,38.59,33.95,37.71,34.4,36.64,42.83,45.89,45.3,38.05,31.28,28.22,31.09,30.73
MOUNT-GAMBIER-AERO,26021,-37.75,140.77,r1i1p1,rcp45,CESM1-CAM5,2060-2079,57.48,45.58,56.82,70.15,57.52,48.72,66.34,43.96,43.72,48.38,55.09,67,73.63,71.33,65.5,61.79,58.78,51.98,48.64
MOUNT-ISA-AERO,29127,-20.68,139.49,r1i1p1,rcp45,CESM1-CAM5,2060-2079,25.67,32.71,27.92,22.61,19.36,29.18,22.12,31.01,37.52,28.84,26.04,28.87,26.43,22.24,19.15,16.67,19.35,22.07,29.82
NOWRA-RAN-AIR-STATION-AWS,68072,-34.95,150.54,r1i1p1,rcp45,CESM1-CAM5,2060-2079,57.61,61.19,61.23,53.49,54.21,60.76,54.44,61.28,63.85,61.74,60.46,61.5,56.79,54.26,49.43,50.53,53.94,58.37,58.84
PERTH-AIRPORT,9021,-31.93,115.98,r1i1p1,rcp45,CESM1-CAM5,2060-2079,44.12,33.87,42.6,55.23,44.93,36.73,51.64,32.63,32.33,35.52,42.6,49.68,55.89,56.2,53.61,50.83,43.61,40.36,36.2
PORT-HEDLAND-AIRPORT,4032,-20.37,118.63,r1i1p1,rcp45,CESM1-CAM5,2060-2079,37.91,50.22,36.99,30.12,34.42,44.31,31.6,51.18,52.54,42.24,35.31,33.44,31.47,29.41,29.49,30.51,35.29,37.45,46.54
RICHMOND-RAAF,67105,-33.6,150.78,r1i1p1,rcp45,CESM1-CAM5,2060-2079,48,49.29,53.9,47.41,41.28,49.73,46.29,48.21,53.22,53.01,52.23,56.44,52.26,48.4,41.57,38.99,40.06,44.79,46.82
ROCKHAMPTON-AERO,39083,-23.38,150.48,r1i1p1,rcp45,CESM1-CAM5,2060-2079,46.41,51.86,50.46,42.25,41.12,50.4,42.47,50.62,55.5,50.49,51.37,49.52,45.84,40.41,40.51,36.79,41.75,44.82,49.3
SYDNEY-AIRPORT-AMO,66037,-33.94,151.17,r1i1p1,rcp45,CESM1-CAM5,2060-2079,56.68,60.03,61.92,52.55,52.12,59.97,53.42,60.32,62.35,61.96,61.55,62.24,56.21,52.93,48.5,49.82,50.8,55.75,57.71
TENNANT-CREEK-AIRPORT,15135,-19.64,134.18,r1i1p1,rcp45,CESM1-CAM5,2060-2079,23.54,30.39,24.61,20.72,18.47,26.46,20.61,28.43,34.18,25.17,22.54,26.13,23.47,21,17.7,15.94,19.41,20.06,28.46
TOWNSVILLE-AERO,32040,-19.25,146.77,r1i1p1,rcp45,CESM1-CAM5,2060-2079,58.13,64.15,59.72,52.78,55.81,62.13,54.1,62.62,68.05,60.76,60.35,58.05,53.55,51.2,53.59,51.99,56.23,59.2,62.02
WAGGA-WAGGA-AMO,72150,-35.16,147.46,r1i1p1,rcp45,CESM1-CAM5,2060-2079,44.65,28.56,43.51,62.09,44.21,32.68,56.47,26.18,31.06,34.93,40.78,54.83,65.29,64.17,56.81,53.87,43.88,34.88,29.08
WILLIAMTOWN-RAAF,61078,-32.79,151.84,r1i1p1,rcp45,CESM1-CAM5,2060-2079,56.47,58.16,62.15,54.35,51.21,58.7,54.32,57.69,60.92,62.08,61.12,63.25,58.57,55,49.47,48.79,50.81,54.02,55.94
WOOMERA-AERODROME,16001,-31.16,136.81,r1i1p1,rcp45,CESM1-CAM5,2060-2079,28.2,21.26,29.51,38.6,23.38,22.81,33.61,18.9,22.25,22.65,29.03,36.86,42.49,39,34.29,26.06,22.95,21.15,22.77
ADELAIDE-KENT-TOWN,23090,-34.92,138.62,r1i1p1,rcp45,CESM1-CAM5,2080-2099,47.71,38.36,47.84,59.38,45.41,40.79,54.73,36.93,37.81,42.15,46.32,55.06,61.82,61.05,55.27,49.96,45.22,41.04,39.91
ALBANY-AIRPORT-COMPARISON,9741,-34.94,117.8,r1i1p1,rcp45,CESM1-CAM5,2080-2099,62.32,57.02,61.22,67.08,63.98,58.85,65.88,56.08,57.15,58.38,60.72,64.55,69.62,66.99,64.64,65.05,64.43,62.47,57.76
ALICE-SPRINGS-AIRPORT,15590,-23.8,133.89,r1i1p1,rcp45,CESM1-CAM5,2080-2099,23.86,23.18,24.57,29.6,17.82,21.84,25.76,19.88,25.26,19.86,22.8,31.05,35.74,30.36,22.72,15.27,19.45,18.74,25.16
AMBERLEY-AMO,40004,-27.63,152.71,r1i1p1,rcp45,CESM1-CAM5,2080-2099,43.61,48.71,48.44,39.41,37.99,47.66,39.65,47.84,51.86,48.91,48.35,48.05,44.61,38.55,35.07,32.76,38.84,42.38,46.16
BRISBANE-AERO,40842,-27.39,153.13,r1i1p1,rcp45,CESM1-CAM5,2080-2099,56.04,60.55,58.91,50.24,54.37,59.68,52.3,60.45,61.66,59.61,59.99,57.12,53.85,49.05,47.84,49.81,56.1,57.19,59.84
BROOME-AIRPORT,3003,-17.95,122.23,r1i1p1,rcp45,CESM1-CAM5,2080-2099,48.75,64.85,45.27,32.78,52.02,58.58,38.89,65.45,66.41,57.68,43.1,35.03,33.66,31.21,33.48,45.76,54.2,56.1,62.9
CAIRNS-AERO,31011,-16.87,145.75,r1i1p1,rcp45,CESM1-CAM5,2080-2099,63.26,68.22,66.39,59.7,58.82,66.73,59.91,67.98,70.71,67.12,66.43,65.62,63.68,57.85,57.57,55.45,59.31,61.71,65.64
CANBERRA-AIRPORT-COMPARISON,70014,-35.3,149.2,r1i1p1,rcp45,CESM1-CAM5,2080-2099,46.01,38.23,45.91,55.55,44.59,40.28,51.84,37.67,40.35,40.98,44.49,52.26,60.01,57.23,49.41,47.22,44.9,41.65,35.92
CARNARVON-AIRPORT,6011,-24.89,113.67,r1i1p1,rcp45,CESM1-CAM5,2080-2099,53.4,57.08,54.49,49.99,51.96,56.17,50.61,58.09,57.25,56.16,55.81,51.48,49.73,50.31,49.93,50.61,51.61,53.66,56.11
CEDUNA-AMO,18012,-32.13,133.7,r1i1p1,rcp45,CESM1-CAM5,2080-2099,45.83,44.97,45.09,50.2,43.18,44.33,47.42,43.61,46.27,44.06,44.71,46.51,51.15,51.56,47.87,45.13,42.25,42.16,44.65
CHARLEVILLE-AERO,44021,-26.42,146.25,r1i1p1,rcp45,CESM1-CAM5,2080-2099,28.18,28.07,30.57,32.26,21.95,27.5,29.05,26.24,33.8,27.24,30.15,34.32,38,32.69,26.07,20.44,22.8,22.61,23.8
COBAR-MO,48027,-31.49,145.83,r1i1p1,rcp45,CESM1-CAM5,2080-2099,33.4,26.31,36.48,44.45,26.62,28.49,38.59,25.08,31.15,32.13,34.19,43.11,49.16,47.26,36.93,28.59,26.47,24.82,21.96
COFFS-HARBOUR-MO,59040,-30.31,153.12,r1i1p1,rcp45,CESM1-CAM5,2080-2099,61.42,66.73,65.21,54.51,59.33,66.11,56.78,66.89,67.44,67.56,65.76,62.31,58.43,53.36,51.74,55.27,59.58,63.14,65.57
DARWIN-AIRPORT,14015,-12.42,130.89,r1i1p1,rcp45,CESM1-CAM5,2080-2099,53.88,70.76,54.1,37.95,52.6,64.77,42.96,72.09,73.5,66.29,52.56,43.46,37.72,37.2,38.91,47.02,53.44,57.34,67.03
DUBBO-AIRPORT-AWS,65070,-32.22,148.58,r1i1p1,rcp45,CESM1-CAM5,2080-2099,42.1,33.53,42.89,54.26,37.83,35.52,48.92,33.76,36.72,37.94,40.35,50.39,56.91,57.37,48.33,42.9,36.65,33.56,29.67
EAST-SALE-AIRPORT,85072,-38.12,147.13,r1i1p1,rcp45,CESM1-CAM5,2080-2099,55.36,50.31,56.29,60.44,54.69,52.19,58.82,49.64,50.96,53.52,54.45,60.9,63.67,61.92,55.74,55.97,54.74,53.37,49.44
ESPERANCE,9789,-33.83,121.89,r1i1p1,rcp45,CESM1-CAM5,2080-2099,56.97,57.12,56.6,57.64,56.49,56.5,57.44,56.14,58.2,55.13,56.35,58.33,59.57,57.44,55.9,57.65,55.72,56.09,57.09
GERALDTON-AIRPORT-COMPARISON,8051,-28.8,114.7,r1i1p1,rcp45,CESM1-CAM5,2080-2099,48.36,44.62,45.26,54.78,48.69,44.52,52.21,44.73,42.72,42.77,44.87,48.16,52.49,55.63,56.23,52.93,47.8,45.35,46.68
HOBART-ELLERSLIE-ROAD,94029,-42.89,147.33,r1i1p1,rcp45,CESM1-CAM5,2080-2099,54.89,51.48,56.32,59.61,52.49,52.74,57.24,52.34,50.68,53.06,56.25,59.65,62.97,60.57,55.3,53.15,51.8,52.53,50.39
KALGOORLIE-BOULDER-AIRPORT,12038,-30.78,121.45,r1i1p1,rcp45,CESM1-CAM5,2080-2099,30.01,23.63,33.69,39.57,23.27,25.22,34.77,21.3,26.98,26.54,33.13,40.43,43.85,40.07,34.8,28.09,21.41,20.3,22.01
LAUNCESTON-AIRPORT-COMPARISON,91104,-41.54,147.2,r1i1p1,rcp45,CESM1-CAM5,2080-2099,55.74,45.23,54.99,68.24,54.67,47.93,63.6,45.54,44.8,45.41,55.48,64.09,70.96,70.27,63.5,58.27,54.51,51.23,44.78
LAVERTON-RAAF,87031,-37.86,144.76,r1i1p1,rcp45,CESM1-CAM5,2080-2099,55.17,49.18,55.62,62.43,53.7,50.94,59.61,49.34,49.24,52.15,53.61,61.1,65.27,63.26,58.77,55.89,53.35,51.86,48.17
MACKAY-M.O,33119,-21.12,149.22,r1i1p1,rcp45,CESM1-CAM5,2080-2099,68.44,69.41,71.56,69.19,63.83,69.32,67.81,67.6,73.26,70.07,71.66,72.94,71.7,67.57,68.3,61.91,64.42,65.16,66.72
MEEKATHARRA-AIRPORT,7045,-26.61,118.54,r1i1p1,rcp45,CESM1-CAM5,2080-2099,23.11,18.19,24.94,33.51,15.6,19.02,27.14,17.13,21.94,20.48,25.82,28.52,37.11,35.87,27.55,18.94,14.87,12.98,15.71
MELBOURNE-AIRPORT,86282,-37.68,144.84,r1i1p1,rcp45,CESM1-CAM5,2080-2099,51.96,44.19,52.43,61.33,50.2,46.43,57.76,43.8,44.66,47.83,50.24,59.23,64.27,63.04,56.69,53.31,50.01,47.28,43.18
MILDURA-AIRPORT,76031,-34.23,142.08,r1i1p1,rcp45,CESM1-CAM5,2080-2099,36.03,26.34,37.99,49.94,29.99,28.66,43.53,24.72,29.79,32.07,34.67,47.23,53.81,52.59,43.42,34.77,29.35,25.84,24.11
MOREE-AERO,53115,-29.49,149.85,r1i1p1,rcp45,CESM1-CAM5,2080-2099,35.55,33.92,36.42,42.11,29.97,33.47,37.77,34.43,37.14,34.02,35.28,39.95,45.9,44.29,36.14,31.23,29.1,29.6,29.54
MOUNT-GAMBIER-AERO,26021,-37.75,140.77,r1i1p1,rcp45,CESM1-CAM5,2080-2099,57.58,45.93,56.63,70.41,57.58,48.84,66.51,45.02,44.06,48.49,54.25,67.15,73.59,72.06,65.58,61.54,59.16,52.04,47.99
MOUNT-ISA-AERO,29127,-20.68,139.49,r1i1p1,rcp45,CESM1-CAM5,2080-2099,25.58,32.36,28.03,22.96,18.9,28.92,22.2,31.82,36.39,28.92,26.17,28.99,28.22,22.3,18.35,15.82,19.55,21.35,29.02
NOWRA-RAN-AIR-STATION-AWS,68072,-34.95,150.54,r1i1p1,rcp45,CESM1-CAM5,2080-2099,56.85,61.26,60.07,52.86,53.19,60.42,53.39,61.72,63.95,61.48,59.38,59.33,56.42,53.86,48.32,48.78,53.46,57.55,57.63
PERTH-AIRPORT,9021,-31.93,115.98,r1i1p1,rcp45,CESM1-CAM5,2080-2099,44.3,34.03,42.56,55.7,44.86,36.61,52.01,33.34,33.2,36.01,42.4,49.28,56.96,56.64,53.49,51.09,44.59,38.89,35.73
PORT-HEDLAND-AIRPORT,4032,-20.37,118.63,r1i1p1,rcp45,CESM1-CAM5,2080-2099,37.83,49.87,35.91,30.59,34.78,43.79,31.84,52.2,51.82,40.98,34.08,32.67,32.69,30.44,28.64,30.35,36.28,37.72,46.12
RICHMOND-RAAF,67105,-33.6,150.78,r1i1p1,rcp45,CESM1-CAM5,2080-2099,47.12,49.24,52.64,46.59,40.2,49.33,45.02,48.74,52.92,52.96,50.92,54.04,51.94,47.81,40.02,37.37,38.95,44.28,45.48
ROCKHAMPTON-AERO,39083,-23.38,150.48,r1i1p1,rcp45,CESM1-CAM5,2080-2099,45.59,51.02,49.13,41.92,40.47,49.5,41.86,49.63,54.55,49.38,50.18,47.84,46.54,40.02,39.21,35.55,42.01,43.83,48.35
SYDNEY-AIRPORT-AMO,66037,-33.94,151.17,r1i1p1,rcp45,CESM1-CAM5,2080-2099,55.98,60,61.02,51.92,51.17,59.68,52.41,60.77,62.19,62.09,60.63,60.34,56.1,52.58,47.08,48.2,50.13,55.19,56.49
TENNANT-CREEK-AIRPORT,15135,-19.64,134.18,r1i1p1,rcp45,CESM1-CAM5,2080-2099,23.14,29.06,23.66,21.31,18.45,25.43,20.77,28.75,31.67,24.07,21.27,25.63,26.11,21.41,16.4,14.7,20.39,20.27,27.07
TOWNSVILLE-AERO,32040,-19.25,146.77,r1i1p1,rcp45,CESM1-CAM5,2080-2099,57.78,64.28,59.18,52.69,55.08,61.97,53.71,63.12,67.38,61.11,59.04,57.4,54.36,50.71,52.99,51.23,55.55,58.46,62
WAGGA-WAGGA-AMO,72150,-35.16,147.46,r1i1p1,rcp45,CESM1-CAM5,2080-2099,43.66,28.99,41.65,61.59,42.7,32.16,55.33,27.22,32.04,34.06,38.66,52.23,64.19,64.47,56.11,51.6,43.39,33.13,26.82
WILLIAMTOWN-RAAF,61078,-32.79,151.84,r1i1p1,rcp45,CESM1-CAM5,2080-2099,55.64,57.99,60.99,53.49,50.27,58.24,53.16,58.22,60.37,61.67,60,61.31,58.37,54.53,47.55,47.2,49.96,53.66,54.81
WOOMERA-AERODROME,16001,-31.16,136.81,r1i1p1,rcp45,CESM1-CAM5,2080-2099,27.89,21.76,28.21,39.42,22.26,22.53,33.34,19.75,23.49,22.3,26.95,35.39,43.48,41.25,33.53,24.59,21.79,20.4,21.82
ADELAIDE-KENT-TOWN,23090,-34.92,138.62,r1i1p1,rcp45,CNRM-CM5,2020-2039,47.83,38.71,48.44,58.65,45.46,41.16,54.48,36.96,37.99,42.24,47.77,55.3,61.54,59.75,54.67,50.72,44.88,40.77,41.36
ALBANY-AIRPORT-COMPARISON,9741,-34.94,117.8,r1i1p1,rcp45,CNRM-CM5,2020-2039,61.68,56.39,60.45,66.5,63.43,58.09,65.34,55.42,56.24,58.83,58.2,64.33,67.17,66.84,65.47,64.91,63.31,62.07,57.36
ALICE-SPRINGS-AIRPORT,15590,-23.8,133.89,r1i1p1,rcp45,CNRM-CM5,2020-2039,23.71,24.63,23.94,27.55,18.81,22.88,24.58,20,27.55,19.58,23.83,28.42,33.38,27.4,21.87,16.03,20.4,20.02,26.03
AMBERLEY-AMO,40004,-27.63,152.71,r1i1p1,rcp45,CNRM-CM5,2020-2039,45.18,50,50.37,40.42,39.97,49.21,41.18,47.36,54.01,50.73,49.27,51.1,44.77,39.69,36.8,34.25,40.47,45.2,48.52
BRISBANE-AERO,40842,-27.39,153.13,r1i1p1,rcp45,CNRM-CM5,2020-2039,56.86,61.2,59.89,50.57,55.75,60.44,53.21,59.51,63.02,60.29,59.65,59.72,52.91,49.81,48.97,51.1,56.73,59.43,61.16
BROOME-AIRPORT,3003,-17.95,122.23,r1i1p1,rcp45,CNRM-CM5,2020-2039,50.01,68.6,45.22,31.62,54.58,61.29,38.76,68.96,69.72,58.53,43.13,33.98,31.87,29.83,33.14,45.48,58.24,60.03,67.14
CAIRNS-AERO,31011,-16.87,145.75,r1i1p1,rcp45,CNRM-CM5,2020-2039,63.25,67.73,66.41,59.48,59.32,66.61,59.9,65.71,71.53,67.43,66.59,65.2,62.8,58.96,56.7,55.94,59.78,62.24,66.06
CANBERRA-AIRPORT-COMPARISON,70014,-35.3,149.2,r1i1p1,rcp45,CNRM-CM5,2020-2039,46.81,37.44,46.78,56.54,46.34,40.31,53.24,36.27,38.62,40.17,46.3,53.86,59.97,58.18,51.48,48.55,47.41,43.07,37.86
CARNARVON-AIRPORT,6011,-24.89,113.67,r1i1p1,rcp45,CNRM-CM5,2020-2039,52.64,55.61,53.73,49.69,51.55,54.89,50.41,55.31,55.71,54.43,54.35,52.41,48.58,51.32,49.18,49.69,51.31,53.65,55.71
CEDUNA-AMO,18012,-32.13,133.7,r1i1p1,rcp45,CNRM-CM5,2020-2039,46.28,46.23,45.52,49.84,43.55,45.26,47.31,44.11,48.6,44.2,46.24,46.13,51.59,51.34,46.59,45.75,42.46,42.45,45.96
CHARLEVILLE-AERO,44021,-26.42,146.25,r1i1p1,rcp45,CNRM-CM5,2020-2039,30.01,29.99,31.93,32.72,25.24,29.66,30.22,26.15,37.37,26.83,32.53,36.44,37.56,33.05,27.54,21.65,25.06,29.03,26.97
COBAR-MO,48027,-31.49,145.83,r1i1p1,rcp45,CNRM-CM5,2020-2039,34.78,25.76,37.24,44.83,31.21,29.3,40.23,22.96,30.1,29.59,37.26,44.88,48.6,47.18,38.72,30.77,31.25,31.6,24.42
COFFS-HARBOUR-MO,59040,-30.31,153.12,r1i1p1,rcp45,CNRM-CM5,2020-2039,62.68,67.63,66.42,55.3,61.36,67.16,58.22,66.11,69.87,67.9,66.16,65.2,57.91,54.66,53.33,56.81,61.38,65.88,66.92
DARWIN-AIRPORT,14015,-12.42,130.89,r1i1p1,rcp45,CNRM-CM5,2020-2039,53.52,70.15,53.96,36.91,53.12,64.8,42.32,70.32,73.48,66.51,52.38,43,35.52,37.07,38.15,47.7,52.5,59.16,66.41
DUBBO-AIRPORT-AWS,65070,-32.22,148.58,r1i1p1,rcp45,CNRM-CM5,2020-2039,43.99,33.79,44.38,55.51,41.93,37.07,50.99,31.69,37.1,37.43,43.21,52.51,57.34,57.89,51.27,45.21,40.92,39.26,32.8
EAST-SALE-AIRPORT,85072,-38.12,147.13,r1i1p1,rcp45,CNRM-CM5,2020-2039,56.69,51.43,57.25,61.77,56.23,52.97,60.36,49.87,50.41,53.09,56.09,62.58,64.38,63.39,57.53,57.58,56.72,54.4,54.2
ESPERANCE,9789,-33.83,121.89,r1i1p1,rcp45,CNRM-CM5,2020-2039,57.49,57.44,57.39,58.44,56.81,57.4,57.63,56.21,58.37,57.47,57.58,57.12,59.13,59.37,56.83,57.46,55.84,57.13,57.41
GERALDTON-AIRPORT-COMPARISON,8051,-28.8,114.7,r1i1p1,rcp45,CNRM-CM5,2020-2039,48.27,43.43,45.16,55.6,48.97,43.9,52.7,42.79,42.35,42.45,43.87,49.16,51.37,58.45,56.99,52.39,47.85,46.68,44.89
HOBART-ELLERSLIE-ROAD,94029,-42.89,147.33,r1i1p1,rcp45,CNRM-CM5,2020-2039,55.95,52.34,57.5,60.69,53.39,53.48,58.48,52.3,52.01,54.74,56.47,61.28,63.91,61.67,56.48,54.05,53.49,52.62,52.34
KALGOORLIE-BOULDER-AIRPORT,12038,-30.78,121.45,r1i1p1,rcp45,CNRM-CM5,2020-2039,32.29,25.65,36.34,41.85,25.42,27.92,36.58,21.92,30.99,29.59,36.11,42.32,44.49,44.04,37.02,28.3,23.33,24.62,23.39
LAUNCESTON-AIRPORT-COMPARISON,91104,-41.54,147.2,r1i1p1,rcp45,CNRM-CM5,2020-2039,56.41,45.63,55.69,69.05,55.4,48.23,64.66,44.99,45.41,46.6,54.67,65.81,71.31,70.89,64.94,58.88,56.15,51.17,46.1
LAVERTON-RAAF,87031,-37.86,144.76,r1i1p1,rcp45,CNRM-CM5,2020-2039,56.08,50.27,56.22,63.2,54.55,51.45,60.62,49.59,49.22,51.04,55.24,62.4,65.33,63.97,60.31,57.59,54.14,51.93,52.18
MACKAY-M.O,33119,-21.12,149.22,r1i1p1,rcp45,CNRM-CM5,2020-2039,69.39,69.61,73.09,69.56,65.32,69.95,68.85,66.93,73.15,71.17,74.39,73.72,70.57,69.16,68.95,64.96,65.72,65.27,68.7
MEEKATHARRA-AIRPORT,7045,-26.61,118.54,r1i1p1,rcp45,CNRM-CM5,2020-2039,24.38,19.1,26.33,34.53,17.41,20.29,28.38,17.12,23.27,19.8,27.88,31.29,37.03,37.86,28.7,19.4,15.99,16.85,17
MELBOURNE-AIRPORT,86282,-37.68,144.84,r1i1p1,rcp45,CNRM-CM5,2020-2039,53.01,45.18,53.12,62.21,51.39,46.93,58.96,44.28,44.17,46.69,51.93,60.75,64.69,63.76,58.18,55.26,51.12,47.8,47.46
MILDURA-AIRPORT,76031,-34.23,142.08,r1i1p1,rcp45,CNRM-CM5,2020-2039,37.05,27.23,38.8,50.19,31.97,29.75,44.36,24.65,28.81,30.11,38.21,48.09,53.6,52.67,44.29,37.39,30.12,28.4,28.25
MOREE-AERO,53115,-29.49,149.85,r1i1p1,rcp45,CNRM-CM5,2020-2039,37.65,34.86,38.88,43.47,33.15,35.44,39.78,32.65,40.11,35.07,38.13,43.43,46.02,45.63,38.77,32.21,32.6,34.65,32.57
MOUNT-GAMBIER-AERO,26021,-37.75,140.77,r1i1p1,rcp45,CNRM-CM5,2020-2039,57.55,46.07,56.96,69.8,57.5,48.81,66.38,44.35,43.8,48.14,55.12,67.62,72.79,71.18,65.42,62.55,58.7,51.24,49.64
MOUNT-ISA-AERO,29127,-20.68,139.49,r1i1p1,rcp45,CNRM-CM5,2020-2039,25.7,33.15,26.83,22.62,20.12,29.81,21.54,29.71,37.78,27.64,26.58,26.26,27.76,22.29,17.8,15.76,19.37,25.24,32.19
NOWRA-RAN-AIR-STATION-AWS,68072,-34.95,150.54,r1i1p1,rcp45,CNRM-CM5,2020-2039,57.43,60.5,60.44,53.69,54.8,60.27,54.58,60.64,62.52,60.85,59.97,60.5,55.94,55.15,49.98,50.01,55.78,58.9,58.72
PERTH-AIRPORT,9021,-31.93,115.98,r1i1p1,rcp45,CNRM-CM5,2020-2039,45.08,34.75,43.09,56.01,46.64,37.49,52.81,33.7,33.57,37.1,41.65,50.53,56.26,57.5,54.26,51.78,46.52,41.61,36.53
PORT-HEDLAND-AIRPORT,4032,-20.37,118.63,r1i1p1,rcp45,CNRM-CM5,2020-2039,39.41,53.2,37.53,31.17,35.88,46.53,32.39,55.12,53.07,42.29,36.36,33.93,34.27,30.35,28.89,30.53,36.39,40.71,50.98
RICHMOND-RAAF,67105,-33.6,150.78,r1i1p1,rcp45,CNRM-CM5,2020-2039,47.83,48.74,53.11,47.4,41.96,49.4,46.28,47.1,52.77,52.08,51.69,55.55,51.59,48.95,41.65,38.61,41.33,45.93,46.73
ROCKHAMPTON-AERO,39083,-23.38,150.48,r1i1p1,rcp45,CNRM-CM5,2020-2039,46.36,51.16,49.97,42.32,42.05,49.92,42.85,49.36,53.92,49.75,50.74,49.43,45.23,41.18,40.54,37.52,43.18,45.45,50.02
SYDNEY-AIRPORT-AMO,66037,-33.94,151.17,r1i1p1,rcp45,CNRM-CM5,2020-2039,56.18,59.2,60.66,52.28,52.5,59.31,53.1,59.12,61.37,60.66,60.46,60.87,55.19,53.48,48.17,48.85,52.04,56.63,57.41
TENNANT-CREEK-AIRPORT,15135,-19.64,134.18,r1i1p1,rcp45,CNRM-CM5,2020-2039,24.06,32.25,24.05,20.28,19.68,28.13,19.97,29.94,35.52,24.43,23.89,23.84,24.42,20.41,16.01,15.55,19.56,23.93,31.16
TOWNSVILLE-AERO,32040,-19.25,146.77,r1i1p1,rcp45,CNRM-CM5,2020-2039,57.78,63.92,59.14,52.17,55.81,61.84,53.68,61.46,67.89,61.3,59.68,56.46,52.99,51.38,52.13,52.09,57.02,58.31,62.66
WAGGA-WAGGA-AMO,72150,-35.16,147.46,r1i1p1,rcp45,CNRM-CM5,2020-2039,44.58,28.13,41.95,62.6,45.42,32.09,56.92,26.08,29.34,31.98,40.7,53.16,64.89,65.15,57.76,53.65,46.94,35.68,29.61
WILLIAMTOWN-RAAF,61078,-32.79,151.84,r1i1p1,rcp45,CNRM-CM5,2020-2039,56.21,57.63,61.07,54.32,51.82,58.27,54.23,56.15,61,60.8,59.98,62.43,57.99,55.72,49.24,48.29,51.74,55.42,55.81
WOOMERA-AERODROME,16001,-31.16,136.81,r1i1p1,rcp45,CNRM-CM5,2020-2039,28.78,22.46,29.91,39.15,23.56,23.7,33.88,19.58,24.75,22.9,30.91,35.91,44.38,40.3,32.77,26.58,23.36,20.75,23.2
ADELAIDE-KENT-TOWN,23090,-34.92,138.62,r1i1p1,rcp45,CNRM-CM5,2040-2059,47.6,37.91,47.49,58.96,45.99,40.39,54.79,37.82,37.07,41.16,45.99,55.33,61.69,60.08,55.1,51.37,45.17,41.43,39
ALBANY-AIRPORT-COMPARISON,9741,-34.94,117.8,r1i1p1,rcp45,CNRM-CM5,2040-2059,61.1,55.78,59.13,66.3,63.26,57.35,64.93,55.85,53.71,56.66,57.26,63.46,67.83,66.09,64.99,64.42,62.79,62.57,57.62
ALICE-SPRINGS-AIRPORT,15590,-23.8,133.89,r1i1p1,rcp45,CNRM-CM5,2040-2059,24.45,24.7,25.08,28.55,19.55,23.17,25.75,20.91,28.94,20.73,23.62,30.89,34.19,29.11,22.36,17,20.97,20.67,23.96
AMBERLEY-AMO,40004,-27.63,152.71,r1i1p1,rcp45,CNRM-CM5,2040-2059,44.46,49.82,49.67,39.91,38.49,48.75,40.21,48.43,53.25,51.07,48.67,49.27,44.11,39.25,36.38,33.5,38.73,43.22,47.68
BRISBANE-AERO,40842,-27.39,153.13,r1i1p1,rcp45,CNRM-CM5,2040-2059,56.13,61.12,59.19,50.11,54.09,60.02,52.18,60.96,62.25,60.93,58.96,57.66,52.3,49.33,48.7,50.13,54.96,57.18,60.22
BROOME-AIRPORT,3003,-17.95,122.23,r1i1p1,rcp45,CNRM-CM5,2040-2059,49.91,68.21,44.69,31.51,55.23,60.61,39.25,67.61,68.67,57.47,41.28,35.32,33.78,28.86,31.9,47.03,58.62,60.05,68.35
CAIRNS-AERO,31011,-16.87,145.75,r1i1p1,rcp45,CNRM-CM5,2040-2059,63.12,67.63,66.33,59.18,59.29,66.59,59.66,65.64,71.47,66.69,67.26,65.05,62.34,59.4,55.79,56,59.35,62.5,65.9
CANBERRA-AIRPORT-COMPARISON,70014,-35.3,149.2,r1i1p1,rcp45,CNRM-CM5,2040-2059,46.18,37.36,45.89,56.38,44.94,39.63,52.66,36.55,38.17,39.86,44.71,53.1,60.18,57.93,51.04,48.65,45.05,41.12,37.78
CARNARVON-AIRPORT,6011,-24.89,113.67,r1i1p1,rcp45,CNRM-CM5,2040-2059,52.99,57.53,51.87,50.64,51.94,54.89,51.12,57.74,54.79,52.23,51.39,51.99,52.12,50.04,49.75,51.37,51.42,53.03,59.98
CEDUNA-AMO,18012,-32.13,133.7,r1i1p1,rcp45,CNRM-CM5,2040-2059,46.36,45.33,45.89,50.4,43.82,44.7,48.02,44.56,47.68,44.99,45.4,47.27,52.29,51.75,47.15,47.35,42.28,41.83,43.74
CHARLEVILLE-AERO,44021,-26.42,146.25,r1i1p1,rcp45,CNRM-CM5,2040-2059,28.95,29.21,30.67,32.37,23.4,28.54,29.22,26.79,36.54,27.19,30.04,34.76,37.32,33.57,26.22,20.93,22.54,26.74,24.77
COBAR-MO,48027,-31.49,145.83,r1i1p1,rcp45,CNRM-CM5,2040-2059,34.23,26.25,36.1,44.63,29.88,28.94,39.51,25.5,29.07,30.28,34.83,43.21,48.62,46.93,38.34,30.98,28.97,29.68,24.4
COFFS-HARBOUR-MO,59040,-30.31,153.12,r1i1p1,rcp45,CNRM-CM5,2040-2059,62.27,68.13,65.48,55.44,60.04,66.88,57.69,67.3,69.94,67.75,65.07,63.62,57.61,54.71,53.99,56.15,60.04,63.94,67.14
DARWIN-AIRPORT,14015,-12.42,130.89,r1i1p1,rcp45,CNRM-CM5,2040-2059,53.66,70.57,54.01,36.8,53.34,64.74,42.66,71.02,73.97,65.47,51.98,44.57,36.8,36.63,36.96,47.83,53.14,59.04,66.45
DUBBO-AIRPORT-AWS,65070,-32.22,148.58,r1i1p1,rcp45,CNRM-CM5,2040-2059,43.05,34.29,42.92,54.96,39.72,36.23,49.93,33.87,36.3,37.32,40.68,50.75,57.18,57.27,50.36,45.1,38.06,35.57,32.94
EAST-SALE-AIRPORT,85072,-38.12,147.13,r1i1p1,rcp45,CNRM-CM5,2040-2059,56.37,51.2,56.62,61.89,55.71,52.54,60.17,50.76,49.59,52.38,55.42,62.05,64.85,63.4,57.43,57.72,55.59,53.83,53.45
ESPERANCE,9789,-33.83,121.89,r1i1p1,rcp45,CNRM-CM5,2040-2059,57.23,56.8,56.56,58.72,56.96,56.64,57.87,56.77,55.74,56.06,56.38,57.24,60.2,59.74,56.22,58.24,55.59,57.06,57.54
GERALDTON-AIRPORT-COMPARISON,8051,-28.8,114.7,r1i1p1,rcp45,CNRM-CM5,2040-2059,48,44.14,43.88,55.37,48.69,43.67,52.39,44.61,39.86,41.51,42.07,48.07,53.09,56.52,56.51,52.51,47.62,45.94,47.68
HOBART-ELLERSLIE-ROAD,94029,-42.89,147.33,r1i1p1,rcp45,CNRM-CM5,2040-2059,55.88,52.29,56.95,60.95,53.45,53.36,58.47,52.75,51.16,53.63,56.58,60.65,64.05,61.91,56.89,54.58,52.76,53.01,52.61
KALGOORLIE-BOULDER-AIRPORT,12038,-30.78,121.45,r1i1p1,rcp45,CNRM-CM5,2040-2059,32.28,25.35,36.1,42.34,25.39,27.32,37.14,22.74,28.32,29.32,35.44,42.55,46.35,44.17,36.51,29.84,23.4,22.92,24.43
LAUNCESTON-AIRPORT-COMPARISON,91104,-41.54,147.2,r1i1p1,rcp45,CNRM-CM5,2040-2059,56.29,45.58,55.16,69.17,55.37,48.1,64.55,45.56,44.67,45.83,54.52,65.14,71.34,71.05,65.12,59.32,55.33,51.45,46.13
LAVERTON-RAAF,87031,-37.86,144.76,r1i1p1,rcp45,CNRM-CM5,2040-2059,55.85,50.38,55.24,63.25,54.47,51.21,60.4,51.78,48.39,49.72,54.19,61.81,65.47,63.93,60.34,57.63,53.2,52.59,51.15
MACKAY-M.O,33119,-21.12,149.22,r1i1p1,rcp45,CNRM-CM5,2040-2059,68.78,69.35,72.11,68.57,65.09,69.68,67.88,67.14,72.58,70.88,73.88,71.58,69.52,68.62,67.58,65.01,64.99,65.27,68.27
MEEKATHARRA-AIRPORT,7045,-26.61,118.54,r1i1p1,rcp45,CNRM-CM5,2040-2059,24.92,20.22,26.76,35.27,17.28,20.69,29.06,17.96,23.18,20.39,27.58,32.29,41.11,36.33,28.36,20.44,15.84,15.57,19.72
MELBOURNE-AIRPORT,86282,-37.68,144.84,r1i1p1,rcp45,CNRM-CM5,2040-2059,52.72,45.26,52.13,62.19,51.19,46.66,58.66,46.39,43.34,45.46,50.79,60.13,64.76,63.67,58.12,55.2,50.04,48.31,46.44
MILDURA-AIRPORT,76031,-34.23,142.08,r1i1p1,rcp45,CNRM-CM5,2040-2059,36.95,26.88,37.49,50.65,32.77,29.17,44.75,27.02,26.89,29.73,35.32,47.42,53.89,53.24,44.83,38.97,30.12,29.22,26.76
MOREE-AERO,53115,-29.49,149.85,r1i1p1,rcp45,CNRM-CM5,2040-2059,36.69,35.27,37.51,42.91,30.83,34.71,38.59,34.39,39.47,34.69,36.17,41.69,45.7,45.17,37.86,31.39,29.75,31.36,32.71
MOUNT-GAMBIER-AERO,26021,-37.75,140.77,r1i1p1,rcp45,CNRM-CM5,2040-2059,57.47,45.79,56,70,58.23,48.49,66.54,45.42,43.22,46.79,54.1,67.1,72.9,71.13,65.97,63.02,59.12,52.55,48.32
MOUNT-ISA-AERO,29127,-20.68,139.49,r1i1p1,rcp45,CNRM-CM5,2040-2059,25.57,33,26.73,22.95,19.51,29.55,21.55,30.04,40.13,28.46,24.98,26.75,27.96,23.32,17.57,15.65,18.03,24.86,29.03
NOWRA-RAN-AIR-STATION-AWS,68072,-34.95,150.54,r1i1p1,rcp45,CNRM-CM5,2040-2059,56.84,60.46,59.41,53.78,53.4,59.48,54.19,60.71,62.35,60.19,58.46,59.56,56.33,54.97,50.05,50.34,53.65,56.43,58.73
PERTH-AIRPORT,9021,-31.93,115.98,r1i1p1,rcp45,CNRM-CM5,2040-2059,44.63,34.56,41.98,55.98,46.17,37,52.39,34.3,31.18,36.17,40.47,49.29,57.27,56.72,53.97,51.28,45.84,41.4,37.74
PORT-HEDLAND-AIRPORT,4032,-20.37,118.63,r1i1p1,rcp45,CNRM-CM5,2040-2059,39.3,53.45,36.96,30.75,36.17,46.14,32.57,54.21,52.89,41.44,34.55,34.89,35.64,28.38,28.25,31.8,36.47,40.24,52.82
RICHMOND-RAAF,67105,-33.6,150.78,r1i1p1,rcp45,CNRM-CM5,2040-2059,47.07,48.6,51.78,47.31,40.49,48.44,45.72,47.56,52.36,51.21,50,54.12,51.59,48.74,41.6,38.81,39.46,43.19,46.25
ROCKHAMPTON-AERO,39083,-23.38,150.48,r1i1p1,rcp45,CNRM-CM5,2040-2059,45.39,50.68,48.75,40.99,41.2,49.33,41.49,49.25,53.17,49.31,49.86,47.06,43.98,40,39,36.98,41.94,44.68,49.43
SYDNEY-AIRPORT-AMO,66037,-33.94,151.17,r1i1p1,rcp45,CNRM-CM5,2040-2059,55.52,59.18,59.44,52.3,51.06,58.43,52.63,59.41,61.28,59.88,58.82,59.62,55.35,53.24,48.31,49.15,50.12,53.9,57.14
TENNANT-CREEK-AIRPORT,15135,-19.64,134.18,r1i1p1,rcp45,CNRM-CM5,2040-2059,24.03,31.75,24.4,20.64,19.36,27.75,20.29,28.78,36.82,25.74,22.37,25.08,24.59,21.22,16.13,15.49,19.23,23.35,29.54
TOWNSVILLE-AERO,32040,-19.25,146.77,r1i1p1,rcp45,CNRM-CM5,2040-2059,57.36,63.29,58.56,51.79,55.71,61.43,53.24,61.13,67.48,60.57,59.43,55.67,52.54,51.56,51.28,52.21,56.2,58.73,61.5
WAGGA-WAGGA-AMO,72150,-35.16,147.46,r1i1p1,rcp45,CNRM-CM5,2040-2059,44,28.49,41.16,61.95,44.21,31.76,56.11,27.28,29.29,32.23,38.58,52.68,64.71,64.52,56.62,53.57,44.59,34.47,29.53
WILLIAMTOWN-RAAF,61078,-32.79,151.84,r1i1p1,rcp45,CNRM-CM5,2040-2059,55.42,57.48,59.7,54.28,50.19,57.27,53.63,56.51,60.91,59.91,58.47,60.73,57.88,55.5,49.45,48.44,49.8,52.33,55.09
WOOMERA-AERODROME,16001,-31.16,136.81,r1i1p1,rcp45,CNRM-CM5,2040-2059,29.07,21.59,30.2,40.05,24.37,23.36,34.79,21.05,22.7,23.99,29.31,37.3,45.44,41.13,33.6,28.12,23.17,21.84,21.16
ADELAIDE-KENT-TOWN,23090,-34.92,138.62,r1i1p1,rcp45,CNRM-CM5,2060-2079,47.86,38.87,47.73,58.68,46.11,40.96,54.74,38.02,38.63,41.07,47.11,55.01,61.73,59.34,54.95,51.47,45.94,40.93,40.14
ALBANY-AIRPORT-COMPARISON,9741,-34.94,117.8,r1i1p1,rcp45,CNRM-CM5,2060-2079,61.48,56.44,59.95,66.1,63.47,57.87,65.15,56.3,55.66,57.86,58.01,63.97,66.81,66.21,65.29,65.04,63.6,61.77,57.18
ALICE-SPRINGS-AIRPORT,15590,-23.8,133.89,r1i1p1,rcp45,CNRM-CM5,2060-2079,23.95,25.37,24.37,27.33,18.82,23.13,24.81,21.32,29.81,20.09,23.73,29.3,33.48,27.03,21.48,16.52,21.06,18.89,24.7
AMBERLEY-AMO,40004,-27.63,152.71,r1i1p1,rcp45,CNRM-CM5,2060-2079,45.17,50.42,50.48,40.22,39.58,49.39,40.98,48.44,54.52,51.68,49.18,50.6,44.59,39.17,36.89,33.89,40.77,44.1,48.21
BRISBANE-AERO,40842,-27.39,153.13,r1i1p1,rcp45,CNRM-CM5,2060-2079,56.92,61.85,60.07,50.41,55.33,60.75,53.03,60.89,63.73,61.62,59.48,59.11,52.77,49.16,49.29,50.56,57.29,58.14,61.01
BROOME-AIRPORT,3003,-17.95,122.23,r1i1p1,rcp45,CNRM-CM5,2060-2079,49.61,66.74,45.49,31.12,55.1,60.23,39.02,67.47,67.82,58.95,42.95,34.56,31.74,28.94,32.68,46.49,59.72,59.07,64.92
CAIRNS-AERO,31011,-16.87,145.75,r1i1p1,rcp45,CNRM-CM5,2060-2079,63.6,68.72,66.45,59.57,59.63,67.2,60.03,66.64,72.34,67.08,67.18,65.1,62.74,59.3,56.68,55.95,60.4,62.54,67.3
CANBERRA-AIRPORT-COMPARISON,70014,-35.3,149.2,r1i1p1,rcp45,CNRM-CM5,2060-2079,46.43,36.87,46.25,56.65,45.82,39.67,53.13,36.57,37.65,39.63,45.8,53.33,60.27,57.94,51.75,49.22,46.29,41.95,36.8
CARNARVON-AIRPORT,6011,-24.89,113.67,r1i1p1,rcp45,CNRM-CM5,2060-2079,52.76,57.16,52.73,49.14,52.05,55.38,50.17,57.63,56.14,53.69,53.35,51.14,49.28,49.26,48.87,50.76,51.72,53.66,57.62
CEDUNA-AMO,18012,-32.13,133.7,r1i1p1,rcp45,CNRM-CM5,2060-2079,46.29,46.21,45.23,50.16,43.58,44.98,47.61,44.88,49.27,43.42,45.86,46.39,52.1,50.76,47.62,46.16,42.62,41.96,44.46
CHARLEVILLE-AERO,44021,-26.42,146.25,r1i1p1,rcp45,CNRM-CM5,2060-2079,29.39,29.78,30.97,32.52,24.12,28.83,29.81,26.47,37.94,27.32,30.3,35.3,37.58,32.95,27.04,21.85,24.16,26.37,25.41
COBAR-MO,48027,-31.49,145.83,r1i1p1,rcp45,CNRM-CM5,2060-2079,34.53,25.82,36.26,45.31,30.66,28.5,40.54,24.94,28.71,29.25,35.29,44.23,49.26,47.09,39.59,31.83,31.25,28.9,24.02
COFFS-HARBOUR-MO,59040,-30.31,153.12,r1i1p1,rcp45,CNRM-CM5,2060-2079,62.8,68.28,66.47,55.41,61.05,67.48,58.15,67.57,70.15,68.48,66.08,64.86,58,54.34,53.88,56.15,61.65,65.35,67.09
DARWIN-AIRPORT,14015,-12.42,130.89,r1i1p1,rcp45,CNRM-CM5,2060-2079,53.37,70.35,53.36,36.6,53.25,64.65,42.18,70.94,73.85,66.03,51.27,42.77,35.15,36.47,38.18,47.82,52.68,59.25,66.01
DUBBO-AIRPORT-AWS,65070,-32.22,148.58,r1i1p1,rcp45,CNRM-CM5,2060-2079,43.58,33.8,43.51,55.53,41.15,36.3,50.93,33.72,35.77,36.8,41.92,51.82,57.7,57.25,51.6,46.35,40.06,36.65,32.18
EAST-SALE-AIRPORT,85072,-38.12,147.13,r1i1p1,rcp45,CNRM-CM5,2060-2079,56.53,51.42,56.59,61.86,56.16,52.72,60.3,50.67,50.7,52.25,55.95,61.57,64.59,63.09,57.91,58.11,56.52,53.86,53.1
ESPERANCE,9789,-33.83,121.89,r1i1p1,rcp45,CNRM-CM5,2060-2079,57.45,57.79,56.71,58.35,57.06,57.28,57.66,57.84,58,56.61,56.79,56.73,59.07,59.23,56.75,58.22,55.94,57.01,57.18
GERALDTON-AIRPORT-COMPARISON,8051,-28.8,114.7,r1i1p1,rcp45,CNRM-CM5,2060-2079,47.86,44.59,43.99,54.3,48.63,43.94,51.84,45.01,41.61,41.01,43.15,47.81,51.57,55.91,55.43,52.74,47.57,45.6,46.87
HOBART-ELLERSLIE-ROAD,94029,-42.89,147.33,r1i1p1,rcp45,CNRM-CM5,2060-2079,55.87,52.21,56.88,60.81,53.7,53.32,58.49,52.32,51.64,53.62,56.47,60.55,63.63,61.94,56.87,54.62,53.35,53.13,52.32
KALGOORLIE-BOULDER-AIRPORT,12038,-30.78,121.45,r1i1p1,rcp45,CNRM-CM5,2060-2079,31.95,25.95,35.49,41.47,25,27.61,36.22,23.21,30.59,29.15,35.1,41.28,45,43.03,36.39,28.51,23.09,23.4,23.45
LAUNCESTON-AIRPORT-COMPARISON,91104,-41.54,147.2,r1i1p1,rcp45,CNRM-CM5,2060-2079,56.33,45.6,55.27,69,55.57,48.18,64.55,45.21,45.24,45.88,54.79,65.13,70.88,70.91,65.22,59.36,55.82,51.53,45.97
LAVERTON-RAAF,87031,-37.86,144.76,r1i1p1,rcp45,CNRM-CM5,2060-2079,56.01,50.64,55.23,63.3,54.81,51.32,60.61,51.48,50.2,49.76,54.61,61.31,65.56,63.69,60.64,57.92,54.52,51.99,50.39
MACKAY-M.O,33119,-21.12,149.22,r1i1p1,rcp45,CNRM-CM5,2060-2079,69.59,70.63,72.36,69.66,65.74,70.38,68.82,68.85,74.02,70.91,73.47,72.7,70.7,69.41,68.88,64.7,66.51,66,68.98
MEEKATHARRA-AIRPORT,7045,-26.61,118.54,r1i1p1,rcp45,CNRM-CM5,2060-2079,24.61,20.45,26.34,34.18,17.3,20.82,28.3,18.98,25.06,20.93,26.99,31.11,39.12,35.5,27.92,19.68,16.47,15.74,17.38
MELBOURNE-AIRPORT,86282,-37.68,144.84,r1i1p1,rcp45,CNRM-CM5,2060-2079,52.88,45.44,52.11,62.27,51.56,46.72,58.91,46.12,44.98,45.44,51.2,59.7,64.92,63.47,58.41,55.5,51.47,47.72,45.58
MILDURA-AIRPORT,76031,-34.23,142.08,r1i1p1,rcp45,CNRM-CM5,2060-2079,37.04,27.64,37.64,50.43,32.42,29.22,44.86,26.84,29.11,28.52,36.76,47.64,54.23,52.1,44.96,38.63,31.62,27.02,27.01
MOREE-AERO,53115,-29.49,149.85,r1i1p1,rcp45,CNRM-CM5,2060-2079,37.44,35.11,38.36,43.5,32.52,35.08,39.7,34.11,39.32,35,37.27,42.82,46.46,44.99,39.04,32.58,32.32,32.65,32.68
MOUNT-GAMBIER-AERO,26021,-37.75,140.77,r1i1p1,rcp45,CNRM-CM5,2060-2079,57.79,46.61,56.32,69.96,58.42,49.03,66.65,45.62,44.89,47.22,54.75,66.99,73.26,70.91,65.71,63.18,59.84,52.24,48.93
MOUNT-ISA-AERO,29127,-20.68,139.49,r1i1p1,rcp45,CNRM-CM5,2060-2079,25.71,34.13,26.05,22.51,20.1,29.85,21.54,30.74,40.95,27.68,24.1,26.37,27,22.38,18.13,16.54,18.78,24.97,30.91
NOWRA-RAN-AIR-STATION-AWS,68072,-34.95,150.54,r1i1p1,rcp45,CNRM-CM5,2060-2079,57.19,60.17,60.01,53.88,54.37,59.81,54.55,60.94,62.26,60.31,59.76,59.97,56.39,54.74,50.51,50.72,54.78,57.87,57.7
PERTH-AIRPORT,9021,-31.93,115.98,r1i1p1,rcp45,CNRM-CM5,2060-2079,44.53,34.88,42.18,55.25,45.96,37.11,52.08,34.78,32.56,35.81,41.4,49.35,55.86,56.53,53.35,51.4,45.97,40.52,36.84
PORT-HEDLAND-AIRPORT,4032,-20.37,118.63,r1i1p1,rcp45,CNRM-CM5,2060-2079,39.21,52.61,37.93,30.13,36.3,46.26,32.27,53.97,54.09,42.81,36.28,34.69,33.82,28.5,28.08,31.14,37.37,40.38,49.37
RICHMOND-RAAF,67105,-33.6,150.78,r1i1p1,rcp45,CNRM-CM5,2060-2079,47.51,48.42,52.59,47.47,41.45,48.88,46.16,47.68,52.29,51.62,51.23,54.92,51.79,48.54,42.08,39.15,40.47,44.73,45.66
ROCKHAMPTON-AERO,39083,-23.38,150.48,r1i1p1,rcp45,CNRM-CM5,2060-2079,46.23,51.73,49.28,42.19,41.77,49.96,42.54,50.46,54.72,49.74,49.74,48.36,45.14,41.24,40.19,37,43.33,44.98,49.82
SYDNEY-AIRPORT-AMO,66037,-33.94,151.17,r1i1p1,rcp45,CNRM-CM5,2060-2079,55.98,58.98,60.29,52.43,52.13,58.93,53.06,59.53,61.29,60.33,60.16,60.37,55.53,52.99,48.76,49.52,51.19,55.68,56.42
TENNANT-CREEK-AIRPORT,15135,-19.64,134.18,r1i1p1,rcp45,CNRM-CM5,2060-2079,24.02,32.44,24.08,19.99,19.59,28.03,19.99,29.59,38.38,25.54,22.7,24,24.27,19.88,15.81,16.04,19.94,22.8,29.24
TOWNSVILLE-AERO,32040,-19.25,146.77,r1i1p1,rcp45,CNRM-CM5,2060-2079,58.05,64.75,58.68,52.37,56.31,62.23,53.83,62.38,68.66,60.63,59.33,56.07,52.91,51.95,52.27,52.26,57.5,59.18,63.46
WAGGA-WAGGA-AMO,72150,-35.16,147.46,r1i1p1,rcp45,CNRM-CM5,2060-2079,44.29,27.74,41.5,62.68,45.06,31.5,56.95,27.09,28.49,31.7,39.74,53.05,65.21,65.01,57.82,54.53,46.1,34.54,28.24
WILLIAMTOWN-RAAF,61078,-32.79,151.84,r1i1p1,rcp45,CNRM-CM5,2060-2079,56.07,57.56,60.75,54.46,51.5,58.01,54.21,56.75,61,60.71,59.63,61.92,58.33,55.19,49.86,48.74,51.2,54.56,54.99
WOOMERA-AERODROME,16001,-31.16,136.81,r1i1p1,rcp45,CNRM-CM5,2060-2079,28.72,22.86,29.08,39.03,23.84,23.52,33.93,21.29,25.17,21.98,29.86,35.42,44.35,39.24,33.5,27.28,23.75,20.47,22.27
ADELAIDE-KENT-TOWN,23090,-34.92,138.62,r1i1p1,rcp45,CNRM-CM5,2080-2099,48.1,38.63,48.18,59.25,46.49,41.1,55.2,37.65,37.9,41.46,47.12,55.97,62.13,60.6,55.03,51.32,46.19,41.96,39.93
ALBANY-AIRPORT-COMPARISON,9741,-34.94,117.8,r1i1p1,rcp45,CNRM-CM5,2080-2099,61.83,56.65,61.09,66.61,63.01,58.3,65.46,55.78,56.61,59.39,58.7,65.17,67.85,66.72,65.26,65.01,62.72,61.29,57.48
ALICE-SPRINGS-AIRPORT,15590,-23.8,133.89,r1i1p1,rcp45,CNRM-CM5,2080-2099,24.79,24.43,25.45,28.84,20.18,23.24,26.22,20.52,27.44,20.87,25.12,30.36,34.5,28.29,23.72,18.72,21.74,20.07,26.11
AMBERLEY-AMO,40004,-27.63,152.71,r1i1p1,rcp45,CNRM-CM5,2080-2099,44.06,49.12,48.73,39.62,38.87,47.86,40.34,47.37,52.59,48.61,47.95,49.64,44.22,39.05,35.58,33.41,40.16,43.05,47.12
BRISBANE-AERO,40842,-27.39,153.13,r1i1p1,rcp45,CNRM-CM5,2080-2099,56.35,60.76,58.98,50.29,55.26,59.59,53,59.84,62.21,58.98,59.01,58.95,52.97,49.59,48.3,50.63,57.54,57.6,60.53
BROOME-AIRPORT,3003,-17.95,122.23,r1i1p1,rcp45,CNRM-CM5,2080-2099,50.97,68.69,47.3,31.84,55.96,61.79,40.12,69.46,68.98,61.56,42.99,37.35,33.51,29.8,32.2,46.62,61.21,60.06,67.85
CAIRNS-AERO,31011,-16.87,145.75,r1i1p1,rcp45,CNRM-CM5,2080-2099,63.37,67.76,66.04,60.13,59.67,66.6,60.28,66.33,71.01,66.69,66.6,64.84,63.5,59.73,57.16,56.04,60.43,62.55,65.63
CANBERRA-AIRPORT-COMPARISON,70014,-35.3,149.2,r1i1p1,rcp45,CNRM-CM5,2080-2099,46.07,37.38,45.54,56.3,45.31,39.57,52.67,36.34,38.73,39.02,44.54,53.06,59.97,58.28,50.63,48.98,45.06,41.88,36.31
CARNARVON-AIRPORT,6011,-24.89,113.67,r1i1p1,rcp45,CNRM-CM5,2080-2099,53.53,57.83,54.62,50.23,51.38,56.1,50.96,58.24,57.23,57.92,52.35,53.6,49.81,52.21,48.68,50.15,51.32,52.68,58.24
CEDUNA-AMO,18012,-32.13,133.7,r1i1p1,rcp45,CNRM-CM5,2080-2099,46.6,45.74,45.74,50.82,44.23,45,48.29,44.71,47.89,43.62,46.15,47.44,52.44,51.65,48.38,46.9,42.9,42.89,44.23
CHARLEVILLE-AERO,44021,-26.42,146.25,r1i1p1,rcp45,CNRM-CM5,2080-2099,28.29,28.44,29.56,31.91,23.37,27.45,29.33,25.04,35.61,24.58,29.11,34.99,37.1,32.5,26.14,21.18,24.09,24.84,24.28
COBAR-MO,48027,-31.49,145.83,r1i1p1,rcp45,CNRM-CM5,2080-2099,33.31,25.11,34.58,44.4,29.41,27.52,39.4,23.19,28.55,27.09,33.47,43.18,48.61,47.36,37.24,31.11,28.92,28.21,22.83
COFFS-HARBOUR-MO,59040,-30.31,153.12,r1i1p1,rcp45,CNRM-CM5,2080-2099,62.25,67.51,65.43,55.33,60.81,66.52,58.02,66.44,69.63,66.45,65.4,64.44,58.24,54.95,52.81,56.49,61.2,64.74,66.18
DARWIN-AIRPORT,14015,-12.42,130.89,r1i1p1,rcp45,CNRM-CM5,2080-2099,53.65,70.2,54.46,36.87,52.96,64.85,42.41,70.69,73.52,66.59,52.64,44.14,36.32,37.2,37.09,46.75,52.98,59.14,66.71
DUBBO-AIRPORT-AWS,65070,-32.22,148.58,r1i1p1,rcp45,CNRM-CM5,2080-2099,42.47,33.38,41.78,54.72,40.14,35.28,49.91,32.13,36.25,34.46,40.05,50.84,56.82,57.78,49.46,45.47,38.17,36.33,31.27
EAST-SALE-AIRPORT,85072,-38.12,147.13,r1i1p1,rcp45,CNRM-CM5,2080-2099,56.09,51.27,56.34,61.41,55.67,52.56,59.92,49.53,50.53,52.01,55.31,61.69,64.11,63.34,56.78,57.69,55.94,53.38,52.78
ESPERANCE,9789,-33.83,121.89,r1i1p1,rcp45,CNRM-CM5,2080-2099,58.04,58.17,58.16,59.1,56.72,57.86,58.24,57.07,59.55,58.18,57.23,59.08,60.42,59.79,57.08,57.17,55.89,57.12,57.97
GERALDTON-AIRPORT-COMPARISON,8051,-28.8,114.7,r1i1p1,rcp45,CNRM-CM5,2080-2099,49.05,45.84,46.29,55.62,48.35,45.15,52.95,46.1,43.99,45.23,43.08,50.54,52.91,57.93,56.04,52.5,47.78,44.78,47.7
HOBART-ELLERSLIE-ROAD,94029,-42.89,147.33,r1i1p1,rcp45,CNRM-CM5,2080-2099,55.76,52.22,56.65,60.75,53.78,53.21,58.51,52.13,52.06,53.13,56.16,60.66,64.03,61.95,56.27,54.38,53.81,53.17,51.42
KALGOORLIE-BOULDER-AIRPORT,12038,-30.78,121.45,r1i1p1,rcp45,CNRM-CM5,2080-2099,33.21,26.27,38.29,42.68,25.73,28.68,37.73,22.88,31.05,32.05,37.03,44.84,46.57,44.24,37.24,29.44,24.02,23.74,24.15
LAUNCESTON-AIRPORT-COMPARISON,91104,-41.54,147.2,r1i1p1,rcp45,CNRM-CM5,2080-2099,56.26,45.53,55.03,68.93,55.74,48.01,64.57,44.99,45.46,45.1,54.97,65.04,71,71.31,64.49,59.36,56.24,51.63,45.57
LAVERTON-RAAF,87031,-37.86,144.76,r1i1p1,rcp45,CNRM-CM5,2080-2099,55.84,50.25,55.69,63.03,54.65,51.49,60.4,49.72,49.55,50.31,54.86,61.9,65.45,64.17,59.48,57.41,54.01,52.54,50.66
MACKAY-M.O,33119,-21.12,149.22,r1i1p1,rcp45,CNRM-CM5,2080-2099,68.9,69.34,71.62,69.44,65.4,69.3,68.73,66.84,72.36,69.19,72.86,72.8,70.49,68.55,69.28,64.37,66.88,64.95,68.18
MEEKATHARRA-AIRPORT,7045,-26.61,118.54,r1i1p1,rcp45,CNRM-CM5,2080-2099,26.1,21.22,28.97,36.11,17.87,22.07,30.06,18.9,26.74,25.07,27.47,34.37,40.86,38.48,28.99,20.4,17.24,15.95,18.26
MELBOURNE-AIRPORT,86282,-37.68,144.84,r1i1p1,rcp45,CNRM-CM5,2080-2099,52.65,45.26,52.46,61.99,51.21,46.97,58.6,44.19,44.81,45.86,51.41,60.11,64.53,64.01,57.44,54.88,50.66,48.08,45.79
MILDURA-AIRPORT,76031,-34.23,142.08,r1i1p1,rcp45,CNRM-CM5,2080-2099,37.13,26.76,38.04,51.31,32.56,28.99,45.41,24.74,27.98,28.76,36.4,48.96,55.04,54.55,44.35,38.93,30.64,28.11,27.13
MOREE-AERO,53115,-29.49,149.85,r1i1p1,rcp45,CNRM-CM5,2080-2099,35.88,34.35,36.32,42.12,30.95,33.68,38.22,33.03,38.53,32.03,35.37,41.57,45.47,44.79,36.12,30.99,30.4,31.46,30.83
MOUNT-GAMBIER-AERO,26021,-37.75,140.77,r1i1p1,rcp45,CNRM-CM5,2080-2099,57.85,46.17,56.53,70.44,58.49,48.9,67,45.02,44.42,47.44,54.73,67.42,73.51,72.19,65.64,62.78,60.48,52.22,48.36
MOUNT-ISA-AERO,29127,-20.68,139.49,r1i1p1,rcp45,CNRM-CM5,2080-2099,25.66,33.64,26.41,21.86,20.68,29.85,21.44,31.26,39.59,27.69,24.58,26.95,25.86,21.15,18.59,16.35,19.75,25.95,30.24
NOWRA-RAN-AIR-STATION-AWS,68072,-34.95,150.54,r1i1p1,rcp45,CNRM-CM5,2080-2099,56.73,60.48,59.61,53.38,53.44,59.63,53.95,60.85,62.57,60.06,58.78,59.99,56.18,54.92,49.03,50.24,53.08,57.16,57.55
PERTH-AIRPORT,9021,-31.93,115.98,r1i1p1,rcp45,CNRM-CM5,2080-2099,45.52,35.5,44.08,56.44,46.02,37.92,53.14,34.82,34.03,38.83,41.94,51.46,57.38,57.97,53.98,51.92,46.17,39.97,37.83
PORT-HEDLAND-AIRPORT,4032,-20.37,118.63,r1i1p1,rcp45,CNRM-CM5,2080-2099,40.32,53.98,39.17,31.49,36.45,47.19,33.42,55.81,54.69,45.45,35.52,36.55,35.92,30.1,28.46,31.42,38.09,39.83,52.03
RICHMOND-RAAF,67105,-33.6,150.78,r1i1p1,rcp45,CNRM-CM5,2080-2099,46.8,48.57,51.73,46.66,40.43,48.48,45.23,47.62,52.21,50.56,50.25,54.39,51.32,48.34,40.32,38.47,38.57,44.25,45.31
ROCKHAMPTON-AERO,39083,-23.38,150.48,r1i1p1,rcp45,CNRM-CM5,2080-2099,45.22,50.36,47.96,41.42,41.31,48.64,41.97,48.44,52.97,47.63,48.68,47.58,44.6,39.82,39.84,36.78,43.18,43.97,49.11
SYDNEY-AIRPORT-AMO,66037,-33.94,151.17,r1i1p1,rcp45,CNRM-CM5,2080-2099,55.46,59.16,59.83,51.85,51.17,58.6,52.43,59.59,61.24,59.61,59.38,60.49,55.36,53.19,46.99,49.16,49.39,54.97,56.1
TENNANT-CREEK-AIRPORT,15135,-19.64,134.18,r1i1p1,rcp45,CNRM-CM5,2080-2099,24.62,32.82,24.43,20.23,20.85,28.71,20.41,30.4,36.86,25.72,23.27,24.31,24.11,19.81,16.78,16.28,21.2,25.08,31.57
TOWNSVILLE-AERO,32040,-19.25,146.77,r1i1p1,rcp45,CNRM-CM5,2080-2099,57.59,63.51,58.02,52.43,56.52,61.32,53.98,61.07,67.21,59.61,58.35,56.11,53.22,51.51,52.57,52.38,58.1,59.08,61.91
WAGGA-WAGGA-AMO,72150,-35.16,147.46,r1i1p1,rcp45,CNRM-CM5,2080-2099,43.6,27.95,40.44,62.13,44.2,31.19,56.19,25.64,29.45,30.27,38.57,52.48,64.31,65.12,56.95,53.83,44.47,34.3,27.85
WILLIAMTOWN-RAAF,61078,-32.79,151.84,r1i1p1,rcp45,CNRM-CM5,2080-2099,55.27,57.18,59.9,53.67,50.54,57.2,53.46,56.5,60.23,59.03,58.94,61.73,57.71,55.43,47.86,48.54,49.47,53.6,54.23
WOOMERA-AERODROME,16001,-31.16,136.81,r1i1p1,rcp45,CNRM-CM5,2080-2099,28.97,21.94,29.98,40.01,24.02,23.38,34.64,20.1,23.24,22.91,29.63,37.41,46.12,40.69,33.21,27.44,22.96,21.67,22.23
ADELAIDE-KENT-TOWN,23090,-34.92,138.62,r1i1p1,rcp45,CanESM2,2020-2039,47.64,37.34,47.9,59.61,45.64,39.93,55.32,36.69,36.28,41.56,46.17,55.96,62.93,60.13,55.77,51.62,45.5,39.79,39.23
ALBANY-AIRPORT-COMPARISON,9741,-34.94,117.8,r1i1p1,rcp45,CanESM2,2020-2039,61.29,56.12,60.03,66.48,62.6,57.84,64.82,55.29,55.97,58.75,58.72,62.63,67.35,66.82,65.26,63.9,62.96,60.94,56.94
ALICE-SPRINGS-AIRPORT,15590,-23.8,133.89,r1i1p1,rcp45,CanESM2,2020-2039,23.32,21.93,25.73,28.7,17.01,21.41,25.26,17.92,25.9,21.47,24.11,31.6,35.22,28.65,22.22,16.66,17.21,17.17,21.7
AMBERLEY-AMO,40004,-27.63,152.71,r1i1p1,rcp45,CanESM2,2020-2039,44.28,49.49,50.08,39.5,38.09,48.69,39.9,47.81,53.17,51.17,49.33,49.76,43.89,39.67,34.94,32.67,38.49,43.1,47.39
BRISBANE-AERO,40842,-27.39,153.13,r1i1p1,rcp45,CanESM2,2020-2039,55.87,60.85,59.48,49.44,53.69,60.01,51.67,60.12,62.29,60.95,59.56,57.93,51.83,49.78,46.7,48.98,54.82,57.29,60.22
BROOME-AIRPORT,3003,-17.95,122.23,r1i1p1,rcp45,CanESM2,2020-2039,48.9,65.31,46.04,32.57,51.69,59.17,38.67,64.03,69.59,61.11,41.77,35.23,33.72,30.72,33.27,45.09,53.96,56.02,62.32
CAIRNS-AERO,31011,-16.87,145.75,r1i1p1,rcp45,CanESM2,2020-2039,62.26,67.01,65.84,58.57,57.6,65.88,58.66,64.6,71.29,67.78,66.05,63.67,61.85,58.2,55.65,55.01,57.61,60.19,65.27
CANBERRA-AIRPORT-COMPARISON,70014,-35.3,149.2,r1i1p1,rcp45,CanESM2,2020-2039,47.08,38.89,48.08,56.75,44.46,41,53.1,37.57,41.15,42.26,47.06,54.92,61.03,57.9,51.32,48.4,45.02,39.97,38.38
CARNARVON-AIRPORT,6011,-24.89,113.67,r1i1p1,rcp45,CanESM2,2020-2039,52.41,56.66,52.73,49.6,50.69,55.21,49.64,57.85,56.16,55.87,53.2,49.11,49.66,49.7,49.42,49.53,50.42,52.11,55.89
CEDUNA-AMO,18012,-32.13,133.7,r1i1p1,rcp45,CanESM2,2020-2039,46.28,45.01,46.08,50.44,43.6,44.53,48.03,44.06,45.71,45.28,45.02,47.93,52.58,50.29,48.45,45.64,43.27,41.87,45.22
CHARLEVILLE-AERO,44021,-26.42,146.25,r1i1p1,rcp45,CanESM2,2020-2039,28.62,29.5,31.17,32.44,21.22,28.38,28.73,26.45,37.63,28.04,31.11,34.36,37.71,33.56,26.04,20.73,20,22.93,24.89
COBAR-MO,48027,-31.49,145.83,r1i1p1,rcp45,CanESM2,2020-2039,34.72,26.84,38.09,45.84,28.05,29.08,40.35,24.68,31.93,31.75,36.64,45.89,50.34,47.48,39.72,31.25,27.43,25.46,24.13
COFFS-HARBOUR-MO,59040,-30.31,153.12,r1i1p1,rcp45,CanESM2,2020-2039,61.39,66.97,66.48,53.91,58.2,66.44,56.36,66.53,69.14,69.01,66.07,64.37,57.24,53.85,50.62,53.48,58.58,62.53,65.23
DARWIN-AIRPORT,14015,-12.42,130.89,r1i1p1,rcp45,CanESM2,2020-2039,53.11,70.23,53.17,37.5,51.64,64.23,42.08,70.64,73.35,66.53,50.77,42.21,36.53,36.93,39.06,46.86,50.9,57.15,66.43
DUBBO-AIRPORT-AWS,65070,-32.22,148.58,r1i1p1,rcp45,CanESM2,2020-2039,44.03,34.94,45.87,56.27,38.71,37.11,51.02,33.93,38.65,39.76,43.64,54.21,58.84,58.19,51.71,45.3,36.89,33.49,32.55
EAST-SALE-AIRPORT,85072,-38.12,147.13,r1i1p1,rcp45,CanESM2,2020-2039,56.68,51.63,57.97,62.09,54.98,52.92,60.41,50.49,51.38,54.08,56.55,63.28,65.88,62.86,57.53,57.64,55.26,52.02,53.2
ESPERANCE,9789,-33.83,121.89,r1i1p1,rcp45,CanESM2,2020-2039,57.27,57.29,57.37,58.86,55.68,57.15,57.45,56.33,57.8,58.25,56.87,57,60.31,59.68,56.61,56.31,54.79,55.96,57.4
GERALDTON-AIRPORT-COMPARISON,8051,-28.8,114.7,r1i1p1,rcp45,CanESM2,2020-2039,47.67,43.98,44.23,54.89,47.68,43.76,51.64,44.96,40.75,43.15,42.92,46.61,51.77,56.4,56.49,52.16,46.43,44.45,45.96
HOBART-ELLERSLIE-ROAD,94029,-42.89,147.33,r1i1p1,rcp45,CanESM2,2020-2039,55.49,51.74,56.7,60.38,53.24,53.01,58.03,51.67,51.11,53.15,56.67,60.29,63.27,61.23,56.64,54.26,52.48,52.99,52.09
KALGOORLIE-BOULDER-AIRPORT,12038,-30.78,121.45,r1i1p1,rcp45,CanESM2,2020-2039,32.29,25.06,37.44,42.57,24.19,27.69,36.81,22.22,29.19,31.92,36.56,42.96,47.23,43.76,36.72,27.64,22.54,22.39,23.18
LAUNCESTON-AIRPORT-COMPARISON,91104,-41.54,147.2,r1i1p1,rcp45,CanESM2,2020-2039,55.96,45.32,55.16,68.56,54.94,47.95,64.05,44.61,44.89,45.83,54.88,64.76,70.92,70.1,64.66,58.86,55.01,50.95,46.08
LAVERTON-RAAF,87031,-37.86,144.76,r1i1p1,rcp45,CanESM2,2020-2039,56.13,49.56,56.6,63.97,54.31,50.92,61.25,49.48,48.96,51.68,55.02,63.11,67.18,63.84,60.9,58.32,54.14,50.48,50.41
MACKAY-M.O,33119,-21.12,149.22,r1i1p1,rcp45,CanESM2,2020-2039,67.53,68.01,71.72,67.56,62.85,68.48,66.59,65.4,71.65,70.83,73.3,71.02,68.57,68.13,65.98,62.72,63.11,62.72,66.93
MEEKATHARRA-AIRPORT,7045,-26.61,118.54,r1i1p1,rcp45,CanESM2,2020-2039,25.04,19.56,28.51,35.42,16.5,21.12,28.86,17.27,25.18,23.95,29.63,31.94,40.95,36.25,29.07,19.43,15.53,14.53,16.25
MELBOURNE-AIRPORT,86282,-37.68,144.84,r1i1p1,rcp45,CanESM2,2020-2039,53.13,44.59,53.6,63.02,51.18,46.49,59.65,44.27,44.03,47.45,51.73,61.62,66.6,63.65,58.82,56.05,51.18,46.32,45.84
MILDURA-AIRPORT,76031,-34.23,142.08,r1i1p1,rcp45,CanESM2,2020-2039,37.1,26.71,38.7,51.21,31.77,28.88,45.34,25.26,28.58,31.07,35.91,49.11,55.9,52.54,45.2,38.74,30.53,26.04,26.33
MOREE-AERO,53115,-29.49,149.85,r1i1p1,rcp45,CanESM2,2020-2039,36.83,34.79,38.94,43.67,29.66,34.63,38.94,34.08,39.54,35.48,37.86,43.47,46.77,46.27,37.95,31.03,28.12,29.83,31.51
MOUNT-GAMBIER-AERO,26021,-37.75,140.77,r1i1p1,rcp45,CanESM2,2020-2039,57.38,44.98,56.32,70.64,57.74,47.95,66.91,43.79,42.6,47.41,54.31,67.25,74.33,71.46,66.12,62.92,59.35,50.93,48.14
MOUNT-ISA-AERO,29127,-20.68,139.49,r1i1p1,rcp45,CanESM2,2020-2039,24.65,32.33,26.62,22.37,17.22,28.47,20.8,29.39,39.34,29.18,24.51,26.18,26.66,23.12,17.34,15.41,16.07,20.18,28.48
NOWRA-RAN-AIR-STATION-AWS,68072,-34.95,150.54,r1i1p1,rcp45,CanESM2,2020-2039,57.9,62.45,61.83,53.73,53.23,61.4,54.36,62.62,65.7,63.14,61.31,61.03,56.86,54.75,49.58,49.62,54.12,56.25,59.42
PERTH-AIRPORT,9021,-31.93,115.98,r1i1p1,rcp45,CanESM2,2020-2039,44.97,35.11,42.76,56.26,45.92,37.62,52.45,34.8,33.06,37.58,42.02,48.68,56.85,57.7,54.22,51.49,45.75,40.52,37.01
PORT-HEDLAND-AIRPORT,4032,-20.37,118.63,r1i1p1,rcp45,CanESM2,2020-2039,38.11,50.43,37.22,31.19,33.73,44.31,32.01,51.69,53.18,43.44,34.22,33.99,35.04,29.8,28.73,30.1,34.38,36.71,46.04
RICHMOND-RAAF,67105,-33.6,150.78,r1i1p1,rcp45,CanESM2,2020-2039,47.82,49.77,54.3,47.18,39.89,49.87,45.77,48.58,54.63,54.1,52.67,56.12,52.26,48.47,40.8,37.7,39.27,42.69,46.49
ROCKHAMPTON-AERO,39083,-23.38,150.48,r1i1p1,rcp45,CanESM2,2020-2039,45.41,50.47,49.44,41.52,40.26,49.26,41.61,49.02,53.47,50.16,50.21,47.96,44.56,41.34,38.66,36.22,40.9,43.67,48.76
SYDNEY-AIRPORT-AMO,66037,-33.94,151.17,r1i1p1,rcp45,CanESM2,2020-2039,56.21,60.42,61.95,51.97,50.38,59.95,52.49,60.7,63.64,62.86,61.66,61.32,55.93,52.81,47.17,47.68,50.04,53.42,57.23
TENNANT-CREEK-AIRPORT,15135,-19.64,134.18,r1i1p1,rcp45,CanESM2,2020-2039,23.3,30.36,24.91,20.86,17.1,26.74,19.85,27.99,35.83,27,22.97,24.76,25.01,21.53,16.05,15.09,16.67,19.55,27.15
TOWNSVILLE-AERO,32040,-19.25,146.77,r1i1p1,rcp45,CanESM2,2020-2039,56.08,62.45,57.85,50.51,53.43,60.41,51.7,59.69,67.11,60.69,58.5,54.37,51.27,50.33,49.93,50.37,53.96,55.95,60.76
WAGGA-WAGGA-AMO,72150,-35.16,147.46,r1i1p1,rcp45,CanESM2,2020-2039,44.84,29.12,43.31,63.12,43.59,32.42,57.12,26.93,31.61,34.41,40.72,54.8,66.63,64.72,58.01,54.48,44.09,32.22,29.45
WILLIAMTOWN-RAAF,61078,-32.79,151.84,r1i1p1,rcp45,CanESM2,2020-2039,55.43,57.9,62.11,53.23,48.44,58.12,52.81,57.16,62.19,62.8,60.84,62.7,58.37,54.48,46.84,45.69,48.74,50.9,54.41
WOOMERA-AERODROME,16001,-31.16,136.81,r1i1p1,rcp45,CanESM2,2020-2039,28.83,21.43,30.36,39.98,23.5,22.91,34.76,19.8,23.08,24.56,28.36,38.16,45.5,39.73,34.71,27.15,23.31,20.03,21.55
ADELAIDE-KENT-TOWN,23090,-34.92,138.62,r1i1p1,rcp45,CanESM2,2040-2059,47.9,37.67,47.9,60.15,45.83,40.11,55.67,37.46,35.99,41.74,46.23,55.72,63.43,60.75,56.27,52.79,45.05,39.66,39.76
ALBANY-AIRPORT-COMPARISON,9741,-34.94,117.8,r1i1p1,rcp45,CanESM2,2040-2059,61.36,56.13,60.15,66.52,62.72,57.9,64.91,55.65,55.13,58.87,58.61,62.96,67.64,66.93,64.99,64.12,62.79,61.24,57.45
ALICE-SPRINGS-AIRPORT,15590,-23.8,133.89,r1i1p1,rcp45,CanESM2,2040-2059,22.91,20.98,24.85,29.01,16.88,20.54,25.31,18.09,23.68,20.65,22.65,31.24,34.87,29.08,23.1,16.46,17.12,17.05,20.91
AMBERLEY-AMO,40004,-27.63,152.71,r1i1p1,rcp45,CanESM2,2040-2059,43.84,48.8,48.89,39.51,38.19,47.81,39.9,46.19,51.92,50.02,47.78,48.88,43.41,39.81,35.32,33.17,38.83,42.58,48.21
BRISBANE-AERO,40842,-27.39,153.13,r1i1p1,rcp45,CanESM2,2040-2059,55.51,60.33,58.36,49.52,53.79,59.22,51.72,58.66,61.18,59.73,58.1,57.24,51.32,50,47.22,49.49,55.07,56.82,61.24
BROOME-AIRPORT,3003,-17.95,122.23,r1i1p1,rcp45,CanESM2,2040-2059,48.62,64.88,45.73,32.55,51.34,58.9,38.38,64.06,68.1,60.55,41.63,35,33.28,30.58,33.78,43.87,53.76,56.39,62.48
CAIRNS-AERO,31011,-16.87,145.75,r1i1p1,rcp45,CanESM2,2040-2059,62.24,66.99,65.69,58.5,57.75,65.71,58.79,64.82,71.02,67.6,65.11,64.35,61.03,58.19,56.28,55.15,57.75,60.35,65.25
CANBERRA-AIRPORT-COMPARISON,70014,-35.3,149.2,r1i1p1,rcp45,CanESM2,2040-2059,46.79,37.66,46.69,57.32,45.35,39.86,53.65,35.61,40.57,41.44,44.93,53.7,61.05,58.91,52.01,50.82,45.41,39.81,37.21
CARNARVON-AIRPORT,6011,-24.89,113.67,r1i1p1,rcp45,CanESM2,2040-2059,52.54,56.11,52.76,50.35,50.95,54.96,50.14,57.36,55.57,55.66,53.2,49.43,50.16,50.57,50.33,49.52,50.85,52.48,55.3
CEDUNA-AMO,18012,-32.13,133.7,r1i1p1,rcp45,CanESM2,2040-2059,46.3,44.93,45.83,50.75,43.69,44.29,48.31,44.4,44.83,44.58,44.85,48.06,52.58,50.92,48.75,46.2,43.34,41.52,45.54
CHARLEVILLE-AERO,44021,-26.42,146.25,r1i1p1,rcp45,CanESM2,2040-2059,28.19,28.1,30.3,32.3,21.9,27.26,28.99,25.32,34.59,27.32,28.97,34.62,36.78,33.41,26.71,21.66,20.76,23.29,24.85
COBAR-MO,48027,-31.49,145.83,r1i1p1,rcp45,CanESM2,2040-2059,34.47,25.99,36.8,46.1,28.91,28.1,40.81,23.52,30.79,31.36,33.85,45.18,50.55,47.93,39.82,33.11,28.29,25.32,23.88
COFFS-HARBOUR-MO,59040,-30.31,153.12,r1i1p1,rcp45,CanESM2,2040-2059,60.85,65.58,64.95,54.38,58.5,65.06,56.66,63.21,67.4,67.68,64.21,62.98,56.67,54.97,51.48,54.95,58.93,61.61,66.12
DARWIN-AIRPORT,14015,-12.42,130.89,r1i1p1,rcp45,CanESM2,2040-2059,53.11,70.05,53.07,37.58,51.84,64.18,42.14,70.18,73.73,66.4,50.69,42.12,36.32,36.86,39.55,46.49,51.47,57.57,65.98
DUBBO-AIRPORT-AWS,65070,-32.22,148.58,r1i1p1,rcp45,CanESM2,2040-2059,43.65,33.54,44,56.64,40.07,35.65,51.71,31.42,37.31,38.93,40.49,52.59,58.79,58.99,52.05,48.52,38.34,32.9,32.14
EAST-SALE-AIRPORT,85072,-38.12,147.13,r1i1p1,rcp45,CanESM2,2040-2059,56.58,51.16,57.01,62.56,55.53,52.39,60.74,50.02,51.01,53.79,55.01,62.25,65.96,64,57.73,59.44,55.07,52.08,52.62
ESPERANCE,9789,-33.83,121.89,r1i1p1,rcp45,CanESM2,2040-2059,57.43,56.89,57.49,59.3,56.17,56.99,57.92,56.36,57.02,57.98,57.11,57.38,60.63,60.29,56.97,57.22,55.02,56.26,56.94
GERALDTON-AIRPORT-COMPARISON,8051,-28.8,114.7,r1i1p1,rcp45,CanESM2,2040-2059,47.81,44.06,44.23,55.1,47.94,43.88,51.8,44.94,40.51,42.81,43.18,46.71,51.49,56.83,56.98,52.18,46.64,44.99,46.44
HOBART-ELLERSLIE-ROAD,94029,-42.89,147.33,r1i1p1,rcp45,CanESM2,2040-2059,55.33,51.86,56.35,60.09,53.15,52.97,57.77,52.15,50.99,53.01,56.48,59.57,62.92,61.33,56.04,54.38,52.37,52.68,52.08
KALGOORLIE-BOULDER-AIRPORT,12038,-30.78,121.45,r1i1p1,rcp45,CanESM2,2040-2059,32.56,24.83,37.54,43.34,24.62,27.6,37.43,22.24,29.05,31.67,36.51,43.51,47.56,44.5,37.96,28.42,22.61,22.82,22.64
LAUNCESTON-AIRPORT-COMPARISON,91104,-41.54,147.2,r1i1p1,rcp45,CanESM2,2040-2059,55.83,45.41,54.7,68.41,54.93,47.86,63.88,45.1,44.69,45.67,54.46,63.96,70.65,70.46,64.13,59.24,54.82,50.72,46.03
LAVERTON-RAAF,87031,-37.86,144.76,r1i1p1,rcp45,CanESM2,2040-2059,56.27,49.67,55.98,64.4,54.98,50.88,61.57,49.96,48.52,51.59,54.09,62.25,67.58,64.6,61.02,59.87,54.12,50.93,50.69
MACKAY-M.O,33119,-21.12,149.22,r1i1p1,rcp45,CanESM2,2040-2059,67.47,68.07,71.26,67.47,63.12,68.28,66.68,66.22,71.36,70.62,71.38,71.79,67.44,68.33,66.64,62.6,63.29,63.47,66.57
MEEKATHARRA-AIRPORT,7045,-26.61,118.54,r1i1p1,rcp45,CanESM2,2040-2059,24.95,19.18,28.04,35.7,16.69,20.87,28.93,17.2,24.47,24.08,28.59,31.46,40.38,36.84,29.89,19.47,15.52,15.09,15.9
MELBOURNE-AIRPORT,86282,-37.68,144.84,r1i1p1,rcp45,CanESM2,2040-2059,53.27,44.65,52.97,63.49,51.85,46.42,60,44.65,43.62,47.37,50.79,60.76,67.02,64.47,58.97,57.64,51.16,46.76,46.07
MILDURA-AIRPORT,76031,-34.23,142.08,r1i1p1,rcp45,CanESM2,2040-2059,37.34,26.78,38.36,51.89,32.35,28.85,45.85,25.2,28.51,31.04,35.36,48.67,56.55,53.55,45.56,40.3,30.48,26.27,26.65
MOREE-AERO,53115,-29.49,149.85,r1i1p1,rcp45,CanESM2,2040-2059,36.28,33.35,37.3,43.74,30.48,33.16,39.31,31.35,37.65,34.53,35.24,42.12,46.11,46.63,38.47,32.94,29.58,28.92,31.82
MOUNT-GAMBIER-AERO,26021,-37.75,140.77,r1i1p1,rcp45,CanESM2,2040-2059,57.64,45.31,56.23,70.94,58.22,48.18,67.19,44.64,42.11,47.44,54.42,66.83,74.79,71.68,66.35,64.01,59.47,51.18,48.77
MOUNT-ISA-AERO,29127,-20.68,139.49,r1i1p1,rcp45,CanESM2,2040-2059,24.5,31.55,26.6,22.39,17.39,28.04,20.92,29.48,37.35,29.45,23.86,26.49,26.65,22.98,17.54,15.29,16.55,20.31,28.04
NOWRA-RAN-AIR-STATION-AWS,68072,-34.95,150.54,r1i1p1,rcp45,CanESM2,2040-2059,57.46,60.95,60.54,54.26,53.77,60.1,54.81,60.05,65.07,62.02,59.5,60.09,56.8,55.68,50.31,51.45,54.3,55.82,58.13
PERTH-AIRPORT,9021,-31.93,115.98,r1i1p1,rcp45,CanESM2,2040-2059,45.05,35.24,42.86,56.13,46.1,37.75,52.47,34.95,32.89,37.41,42.24,48.94,56.59,57.46,54.35,51.6,45.89,40.82,37.41
PORT-HEDLAND-AIRPORT,4032,-20.37,118.63,r1i1p1,rcp45,CanESM2,2040-2059,37.95,49.59,37.04,31.4,33.92,43.94,32.07,51.24,52.15,43.44,33.8,33.87,34.76,30.21,29.24,29.72,34.62,37.41,44.99
RICHMOND-RAAF,67105,-33.6,150.78,r1i1p1,rcp45,CanESM2,2040-2059,47.27,48.08,52.75,47.67,40.45,48.36,46.19,45.48,53.33,52.95,50.51,54.8,52.07,49.49,41.45,39.55,39.77,42.03,45.81
ROCKHAMPTON-AERO,39083,-23.38,150.48,r1i1p1,rcp45,CanESM2,2040-2059,45.27,50.4,48.93,41.44,40.37,48.98,41.61,48.97,52.92,49.53,49.01,48.24,43.99,41.2,39.12,36.09,41.04,43.98,49.15
SYDNEY-AIRPORT-AMO,66037,-33.94,151.17,r1i1p1,rcp45,CanESM2,2040-2059,55.65,58.63,60.46,52.53,50.9,58.38,52.96,57.33,62.43,61.61,59.66,60.12,55.71,53.92,47.96,49.66,50.4,52.64,56.42
TENNANT-CREEK-AIRPORT,15135,-19.64,134.18,r1i1p1,rcp45,CanESM2,2040-2059,23.03,29.58,24.65,20.85,17.07,26.15,19.9,27.87,34.22,26.46,22.55,24.94,24.84,21.35,16.37,14.9,16.98,19.31,26.54
TOWNSVILLE-AERO,32040,-19.25,146.77,r1i1p1,rcp45,CanESM2,2040-2059,55.98,62.16,57.53,50.48,53.67,60.08,51.85,59.87,66.26,60.51,57.06,55.04,50.49,50.4,50.57,50.32,54.27,56.41,60.58
WAGGA-WAGGA-AMO,72150,-35.16,147.46,r1i1p1,rcp45,CanESM2,2040-2059,44.76,28.37,42.03,63.77,44.65,31.63,57.75,25.82,31.17,33.78,38.66,53.64,66.94,65.82,58.56,57.14,44.43,32.4,28.75
WILLIAMTOWN-RAAF,61078,-32.79,151.84,r1i1p1,rcp45,CanESM2,2040-2059,54.66,55.44,60.18,53.96,49.02,56.02,53.35,52.35,59.99,61.25,58.39,60.91,57.93,56.09,47.85,48.08,49.26,49.73,54.03
WOOMERA-AERODROME,16001,-31.16,136.81,r1i1p1,rcp45,CanESM2,2040-2059,28.9,21.35,30.02,40.46,23.71,22.71,35.1,20.09,22.4,24.21,27.89,37.97,45.61,40.59,35.16,27.83,23.46,19.83,21.72
ADELAIDE-KENT-TOWN,23090,-34.92,138.62,r1i1p1,rcp45,CanESM2,2060-2079,47.36,37.04,47.6,59.41,45.31,39.59,55.1,36.47,36.07,40.88,46.36,55.57,62.75,60.37,55.11,51.35,45.46,39.14,38.75
ALBANY-AIRPORT-COMPARISON,9741,-34.94,117.8,r1i1p1,rcp45,CanESM2,2060-2079,61.37,56.26,60.23,66.72,62.3,57.95,64.86,55.4,55.78,58.94,58.89,62.86,67.62,67.15,65.4,63.52,62.58,60.81,57.45
ALICE-SPRINGS-AIRPORT,15590,-23.8,133.89,r1i1p1,rcp45,CanESM2,2060-2079,23.03,21.16,25.25,28.63,17.13,20.85,25.23,17.45,25.32,20.57,24.02,31.17,35.09,28.73,22.08,16.44,17.87,17.08,20.48
AMBERLEY-AMO,40004,-27.63,152.71,r1i1p1,rcp45,CanESM2,2060-2079,43.87,48.83,49.01,39.41,38.28,47.95,39.83,47.21,52.8,50.42,47.92,48.69,44,39.24,34.99,32.6,39.46,42.77,46.4
BRISBANE-AERO,40842,-27.39,153.13,r1i1p1,rcp45,CanESM2,2060-2079,55.54,60.35,58.43,49.41,53.97,59.32,51.7,59.56,62.11,60.1,58.13,57.06,52.06,49.29,46.87,48.92,56.01,56.97,59.46
BROOME-AIRPORT,3003,-17.95,122.23,r1i1p1,rcp45,CanESM2,2060-2079,48.84,65.33,45.93,32.62,51.5,59.26,38.46,63.82,69.34,60.55,42.04,35.19,33.86,30.56,33.44,43.39,54.32,56.77,62.83
CAIRNS-AERO,31011,-16.87,145.75,r1i1p1,rcp45,CanESM2,2060-2079,62.3,66.76,65.8,58.77,57.83,65.66,58.95,64.52,70.84,68.06,65.4,63.95,61.64,58.06,56.6,55.18,58.3,60.02,65.04
CANBERRA-AIRPORT-COMPARISON,70014,-35.3,149.2,r1i1p1,rcp45,CanESM2,2060-2079,46.83,38.15,47.03,57.2,44.82,40.16,53.44,37.75,41.03,40.84,46.14,54.11,61.32,58.7,51.59,48.63,46.31,39.52,36.07
CARNARVON-AIRPORT,6011,-24.89,113.67,r1i1p1,rcp45,CanESM2,2060-2079,52.53,56.48,53.35,49.66,50.65,55.26,49.82,57.29,57.11,55.6,53.78,50.68,49.73,50.05,49.22,48.67,50.6,52.67,54.96
CEDUNA-AMO,18012,-32.13,133.7,r1i1p1,rcp45,CanESM2,2060-2079,45.97,44.57,45.71,50.35,43.27,43.99,47.96,43.81,45.02,44.02,45.13,47.97,52.2,50.62,48.23,45.28,43.44,41.08,44.87
CHARLEVILLE-AERO,44021,-26.42,146.25,r1i1p1,rcp45,CanESM2,2060-2079,28.36,28.38,31.08,32.37,21.44,27.64,28.95,26.04,36.05,28.01,30.3,34.95,37.93,33.11,26.08,20.74,20.87,22.71,23.49
COBAR-MO,48027,-31.49,145.83,r1i1p1,rcp45,CanESM2,2060-2079,34.56,26.47,36.82,46.34,28.56,28.37,40.73,24.99,31.91,30.47,34.97,45.01,51.01,48.17,39.84,31.7,28.67,25.32,22.7
COFFS-HARBOUR-MO,59040,-30.31,153.12,r1i1p1,rcp45,CanESM2,2060-2079,60.9,65.89,65.03,54.25,58.45,65.39,56.44,65.78,68.76,67.96,64.37,62.75,57.51,54.17,51.07,53.28,59.85,62.2,63.12
DARWIN-AIRPORT,14015,-12.42,130.89,r1i1p1,rcp45,CanESM2,2060-2079,52.89,69.68,52.82,37.53,51.6,63.82,42.04,69.91,73.45,65.78,50.66,42.02,36.38,36.77,39.44,46.3,51.31,57.18,65.43
DUBBO-AIRPORT-AWS,65070,-32.22,148.58,r1i1p1,rcp45,CanESM2,2060-2079,43.8,34.24,44.26,56.86,39.48,36.16,51.49,34.04,38.71,38.4,41.75,52.65,59.42,58.99,52.09,46.17,38.74,33.16,30.38
EAST-SALE-AIRPORT,85072,-38.12,147.13,r1i1p1,rcp45,CanESM2,2060-2079,56.29,50.89,57.22,62.26,54.71,52.08,60.46,50.56,51.33,52.84,55.73,63.09,65.85,63.9,57.03,57.19,55.7,51.23,50.98
ESPERANCE,9789,-33.83,121.89,r1i1p1,rcp45,CanESM2,2060-2079,57.26,56.92,57.44,59.12,55.69,56.97,57.6,56.18,57.27,57.61,57.38,57.33,60.22,60.16,56.98,56.04,54.89,56.14,56.95
GERALDTON-AIRPORT-COMPARISON,8051,-28.8,114.7,r1i1p1,rcp45,CanESM2,2060-2079,47.73,43.96,44.58,55,47.47,43.79,51.74,44.21,41.04,42.52,43.56,47.68,51.72,56.49,56.79,51.42,46.33,44.66,46.37
HOBART-ELLERSLIE-ROAD,94029,-42.89,147.33,r1i1p1,rcp45,CanESM2,2060-2079,54.98,51.44,56.2,59.76,52.66,52.61,57.43,51.76,50.42,52.96,56.07,59.56,62.58,60.89,55.82,53.71,52,52.26,51.78
KALGOORLIE-BOULDER-AIRPORT,12038,-30.78,121.45,r1i1p1,rcp45,CanESM2,2060-2079,32.19,24.64,37.51,42.73,23.98,27.32,36.98,21.81,28.94,30.75,36.84,43.95,46.98,44.23,36.98,27.23,22.48,22.22,22.6
LAUNCESTON-AIRPORT-COMPARISON,91104,-41.54,147.2,r1i1p1,rcp45,CanESM2,2060-2079,55.45,44.92,54.68,67.98,54.36,47.48,63.5,44.61,44.32,45.58,54.23,64.24,70.36,70.01,63.56,58.15,54.66,50.26,45.45
LAVERTON-RAAF,87031,-37.86,144.76,r1i1p1,rcp45,CanESM2,2060-2079,55.85,49.22,56.01,63.93,54.19,50.39,61.23,49.76,48.97,50.58,54.45,62.99,67.17,64.52,60.11,58.01,54.58,49.99,49.09
MACKAY-M.O,33119,-21.12,149.22,r1i1p1,rcp45,CanESM2,2060-2079,67.69,67.84,71.76,67.57,63.62,68.29,67.1,65.52,71.38,70.85,72.6,71.84,68.54,67.43,66.72,63.47,64.61,62.77,66.57
MEEKATHARRA-AIRPORT,7045,-26.61,118.54,r1i1p1,rcp45,CanESM2,2060-2079,24.8,19.23,28.62,34.96,16.2,20.79,28.71,16.93,25.17,23.42,29.22,33.24,40.11,36.28,28.49,18.71,15.42,14.48,15.63
MELBOURNE-AIRPORT,86282,-37.68,144.84,r1i1p1,rcp45,CanESM2,2060-2079,52.88,44.27,53.03,63.02,51.09,45.98,59.67,44.53,44.09,46.37,51.19,61.52,66.61,64.39,58.07,55.78,51.64,45.86,44.54
MILDURA-AIRPORT,76031,-34.23,142.08,r1i1p1,rcp45,CanESM2,2060-2079,37.07,26.7,38.22,51.42,31.92,28.64,45.51,25.52,28.98,29.95,35.77,48.94,56.15,53.34,44.76,38.85,31.04,25.89,25.61
MOREE-AERO,53115,-29.49,149.85,r1i1p1,rcp45,CanESM2,2060-2079,36.44,33.73,37.68,43.99,30.14,33.67,39.13,33.47,38.72,35.08,36.05,41.92,47.19,46.48,38.29,31.24,29.65,29.52,29.69
MOUNT-GAMBIER-AERO,26021,-37.75,140.77,r1i1p1,rcp45,CanESM2,2060-2079,57.24,44.96,56.17,70.32,57.64,47.9,66.66,43.81,42.29,47.29,54.24,66.97,74.17,71.55,65.23,62.58,59.47,50.88,48.38
MOUNT-ISA-AERO,29127,-20.68,139.49,r1i1p1,rcp45,CanESM2,2060-2079,24.46,31.47,26.89,22.14,17.29,28.1,20.8,29.48,38.28,29.17,25.15,26.33,26.48,22.57,17.39,15.48,16.53,19.85,26.86
NOWRA-RAN-AIR-STATION-AWS,68072,-34.95,150.54,r1i1p1,rcp45,CanESM2,2060-2079,57.59,61.63,60.77,54.06,53.55,60.53,54.62,63.16,65.4,61.43,60.53,60.35,57,55.38,49.81,49.72,55.33,55.96,56.7
PERTH-AIRPORT,9021,-31.93,115.98,r1i1p1,rcp45,CanESM2,2060-2079,45.04,35.2,42.97,56.34,45.79,37.7,52.5,34.67,32.96,37.37,42.31,49.24,56.85,57.64,54.53,51.09,45.68,40.62,37.51
PORT-HEDLAND-AIRPORT,4032,-20.37,118.63,r1i1p1,rcp45,CanESM2,2060-2079,37.82,49.85,36.79,31.21,33.55,43.81,31.92,50.68,53.42,42.26,34.01,34.11,35.4,29.77,28.45,29.03,34.78,36.83,45.08
RICHMOND-RAAF,67105,-33.6,150.78,r1i1p1,rcp45,CanESM2,2060-2079,47.36,48.73,52.92,47.5,40.17,48.8,45.94,48.54,54.26,52.49,51.37,54.91,52.47,49.05,41,37.78,40.42,42.32,43.76
ROCKHAMPTON-AERO,39083,-23.38,150.48,r1i1p1,rcp45,CanESM2,2060-2079,45.45,50.47,49.27,41.43,40.67,49.1,41.84,48.95,53.45,49.83,49.64,48.36,44.67,40.67,38.95,36.5,41.88,43.63,48.83
SYDNEY-AIRPORT-AMO,66037,-33.94,151.17,r1i1p1,rcp45,CanESM2,2060-2079,55.74,59.3,60.61,52.29,50.66,58.84,52.67,60.78,63.17,61.14,60.47,60.23,56.06,53.43,47.37,47.66,51.26,53.06,54.24
TENNANT-CREEK-AIRPORT,15135,-19.64,134.18,r1i1p1,rcp45,CanESM2,2060-2079,22.89,29.35,24.61,20.59,17.06,26.07,19.71,27.41,34.62,26.19,23.15,24.5,24.66,21.07,16.04,14.98,16.99,19.2,25.9
TOWNSVILLE-AERO,32040,-19.25,146.77,r1i1p1,rcp45,CanESM2,2060-2079,56.14,61.99,57.96,50.7,53.84,60.08,52.17,59.58,66.14,60.8,58.07,55.01,51.3,49.98,50.83,50.91,54.97,55.63,60.46
WAGGA-WAGGA-AMO,72150,-35.16,147.46,r1i1p1,rcp45,CanESM2,2060-2079,44.68,28.71,42.26,63.57,43.97,31.73,57.5,27.21,31.86,32.96,39.67,54.15,67.04,65.63,58.02,54.85,45.3,31.76,27.67
WILLIAMTOWN-RAAF,61078,-32.79,151.84,r1i1p1,rcp45,CanESM2,2060-2079,54.62,56.11,60.22,53.55,48.56,56.47,52.82,56.41,61.39,60.81,58.99,60.87,58.53,55.14,46.99,45.37,50.05,50.25,50.59
WOOMERA-AERODROME,16001,-31.16,136.81,r1i1p1,rcp45,CanESM2,2060-2079,28.6,21,29.86,40.09,23.4,22.41,34.8,19.58,22.65,23.34,28.44,37.79,45.32,40.32,34.62,26.92,23.84,19.44,20.93
ADELAIDE-KENT-TOWN,23090,-34.92,138.62,r1i1p1,rcp45,CanESM2,2080-2099,47.35,37.27,46.96,59.62,45.67,39.5,55.28,36.64,35.79,40.17,45.25,55.46,63.03,60.66,55.17,51.66,45.72,39.63,38.96
ALBANY-AIRPORT-COMPARISON,9741,-34.94,117.8,r1i1p1,rcp45,CanESM2,2080-2099,61.39,56.52,60.45,66.21,62.39,58.17,64.7,56.01,56.32,59.16,58.95,63.24,67.47,66.64,64.54,63.74,62.55,60.86,57.17
ALICE-SPRINGS-AIRPORT,15590,-23.8,133.89,r1i1p1,rcp45,CanESM2,2080-2099,22.81,21.37,24.31,28.4,16.93,20.61,24.91,18.04,24.75,19.98,22.66,30.27,34.64,29.45,21.11,16.65,17.33,16.82,21.96
AMBERLEY-AMO,40004,-27.63,152.71,r1i1p1,rcp45,CanESM2,2080-2099,43.52,48.54,48.14,39.51,37.99,47.58,39.54,47.07,51.49,49.68,47.2,47.56,44.47,39.76,34.31,32.67,38.46,42.84,46.78
BRISBANE-AERO,40842,-27.39,153.13,r1i1p1,rcp45,CanESM2,2080-2099,55.76,60.34,58.19,50.07,54.34,59.41,52,59.71,61.25,59.9,58.2,56.47,53.08,50.47,46.64,49.61,55.74,57.66,60.37
BROOME-AIRPORT,3003,-17.95,122.23,r1i1p1,rcp45,CanESM2,2080-2099,48.9,65.74,45.17,32.59,52.03,59.09,38.69,64.51,68.12,59.46,40.78,35.27,34.07,30.34,33.37,44.83,54.24,57.02,64.8
CAIRNS-AERO,31011,-16.87,145.75,r1i1p1,rcp45,CanESM2,2080-2099,62.34,67.25,65.22,59.09,57.9,65.71,59.09,65.47,71.34,66.87,65.37,63.41,62.31,58.78,56.17,55.74,58.14,59.82,64.62
CANBERRA-AIRPORT-COMPARISON,70014,-35.3,149.2,r1i1p1,rcp45,CanESM2,2080-2099,46.65,39.16,46.65,56.79,44.26,40.71,52.7,38,41.37,41.92,44.51,53.53,61.14,58.71,50.52,48.48,43.8,40.52,37.35
CARNARVON-AIRPORT,6011,-24.89,113.67,r1i1p1,rcp45,CanESM2,2080-2099,52.71,57.06,53.38,49.57,50.74,55.46,49.94,59.01,56.65,55.28,53.39,51.48,48.82,50.18,49.71,49.08,50.38,52.75,55.72
CEDUNA-AMO,18012,-32.13,133.7,r1i1p1,rcp45,CanESM2,2080-2099,46.06,44.71,45.34,50.52,43.79,43.97,48.23,43.93,44.58,43.18,44.72,48.13,52.29,51.19,48.09,46.49,43.2,41.67,45.21
CHARLEVILLE-AERO,44021,-26.42,146.25,r1i1p1,rcp45,CanESM2,2080-2099,28.1,28.83,30.08,32.57,21.05,27.7,28.7,26.11,35.62,27.36,28.89,33.99,38.34,33.97,25.41,20.42,20.1,22.64,24.39
COBAR-MO,48027,-31.49,145.83,r1i1p1,rcp45,CanESM2,2080-2099,34.02,26.61,36.64,45.65,27.44,28.49,39.82,24.57,31.45,31.28,33.98,44.66,50.7,48.31,37.94,30.99,26.32,25.01,23.02
COFFS-HARBOUR-MO,59040,-30.31,153.12,r1i1p1,rcp45,CanESM2,2080-2099,60.54,65.81,64.29,54.17,57.97,65.12,56,65.53,67.85,67.82,63.32,61.73,57.99,54.43,50.09,54.1,57.67,62.14,63.79
DARWIN-AIRPORT,14015,-12.42,130.89,r1i1p1,rcp45,CanESM2,2080-2099,52.93,69.97,52.4,37.4,51.84,63.86,41.97,70.48,73.35,66.22,49.48,41.5,36.86,36.97,38.37,46.53,51.59,57.41,66.42
DUBBO-AIRPORT-AWS,65070,-32.22,148.58,r1i1p1,rcp45,CanESM2,2080-2099,43.17,34.28,43.88,56.15,38.47,36.15,50.43,33.3,37.89,39.33,40.49,51.83,58.82,59.34,50.13,45.34,36.05,33.55,31.19
EAST-SALE-AIRPORT,85072,-38.12,147.13,r1i1p1,rcp45,CanESM2,2080-2099,55.97,51.63,56.3,62.2,54.08,52.27,59.98,50.59,50.95,52.81,53.98,62.11,65.65,63.66,57.3,57.55,53.61,51.09,52.4
ESPERANCE,9789,-33.83,121.89,r1i1p1,rcp45,CanESM2,2080-2099,57.46,57.57,57.4,58.89,55.94,57.34,57.58,57.57,57.63,57.55,56.7,57.94,60.58,59.8,56.3,55.92,54.92,56.98,57.58
GERALDTON-AIRPORT-COMPARISON,8051,-28.8,114.7,r1i1p1,rcp45,CanESM2,2080-2099,47.96,44.49,44.62,54.93,47.71,43.99,51.94,45.79,41.77,42.07,43.34,48.47,52.04,56.49,56.27,51.8,46.59,44.76,46.17
HOBART-ELLERSLIE-ROAD,94029,-42.89,147.33,r1i1p1,rcp45,CanESM2,2080-2099,54.85,51.31,55.69,59.91,52.83,52.4,57.5,51.6,50.5,52.59,55.25,59.22,62.77,60.99,55.98,53.76,52.26,52.46,50.8
KALGOORLIE-BOULDER-AIRPORT,12038,-30.78,121.45,r1i1p1,rcp45,CanESM2,2080-2099,32.29,25.19,37.14,42.51,24.46,27.58,36.99,23,28.64,30,36.34,44.07,47.44,43.68,36.42,27.69,22.63,23.04,23.32
LAUNCESTON-AIRPORT-COMPARISON,91104,-41.54,147.2,r1i1p1,rcp45,CanESM2,2080-2099,55.41,44.95,54.12,68.08,54.68,47.4,63.48,44.79,44.19,44.98,53.92,63.45,70.36,70.08,63.79,58.67,54.54,50.85,45.3
LAVERTON-RAAF,87031,-37.86,144.76,r1i1p1,rcp45,CanESM2,2080-2099,55.75,49.8,55.57,64.1,53.81,50.67,61.04,49.99,48.62,50.78,53.37,62.56,67.29,64.61,60.41,58.07,53.32,50.04,49.96
MACKAY-M.O,33119,-21.12,149.22,r1i1p1,rcp45,CanESM2,2080-2099,67.66,68.68,70.99,67.92,63.25,68.59,66.96,66.36,72.75,70.4,71.87,70.71,69.36,68.23,66.16,63.28,64,62.46,66.29
MEEKATHARRA-AIRPORT,7045,-26.61,118.54,r1i1p1,rcp45,CanESM2,2080-2099,24.81,19.79,27.8,34.94,16.48,20.83,28.72,18.47,24.79,22.28,28.02,33.11,39.76,36.57,28.5,18.93,15.43,15.06,16.29
MELBOURNE-AIRPORT,86282,-37.68,144.84,r1i1p1,rcp45,CanESM2,2080-2099,52.7,44.99,52.5,63.15,50.5,46.32,59.36,44.6,44.14,46.53,50.1,60.88,66.44,64.54,58.47,55.67,50.16,45.67,45.24
MILDURA-AIRPORT,76031,-34.23,142.08,r1i1p1,rcp45,CanESM2,2080-2099,36.9,26.65,37.66,51.53,31.9,28.46,45.48,25.16,28.21,29.66,34.68,48.64,56.47,53.67,44.46,39.14,30.47,26.1,26.15
MOREE-AERO,53115,-29.49,149.85,r1i1p1,rcp45,CanESM2,2080-2099,35.82,33.98,36.74,43.54,29.23,33.51,38.26,33.31,37.98,34.8,34.59,40.84,47.25,46.9,36.46,30.69,27.41,29.59,30
MOUNT-GAMBIER-AERO,26021,-37.75,140.77,r1i1p1,rcp45,CanESM2,2080-2099,57.16,45.11,55.62,70.41,57.75,47.72,66.81,44.31,42.75,46.77,53.15,66.93,74.15,71.66,65.41,62.74,59.96,50.56,47.56
MOUNT-ISA-AERO,29127,-20.68,139.49,r1i1p1,rcp45,CanESM2,2080-2099,24.55,32.64,25.88,22.29,17.32,28.38,20.68,30.26,38.64,28.24,23.65,25.77,26.95,22.92,17,15.3,16.15,20.51,29.18
NOWRA-RAN-AIR-STATION-AWS,68072,-34.95,150.54,r1i1p1,rcp45,CanESM2,2080-2099,57.28,62.26,60.63,53.54,52.66,60.88,53.79,62.62,65.4,62.92,59.02,59.96,57.04,54.96,48.61,49.39,52.53,56.26,58.27
PERTH-AIRPORT,9021,-31.93,115.98,r1i1p1,rcp45,CanESM2,2080-2099,45.08,35.2,43.08,55.96,46.02,37.69,52.48,34.91,33.54,37.56,41.9,49.78,56.84,57.31,53.72,51.4,45.83,40.83,37.33
PORT-HEDLAND-AIRPORT,4032,-20.37,118.63,r1i1p1,rcp45,CanESM2,2080-2099,37.98,50.56,36.52,30.93,33.73,43.96,31.96,52.59,52.53,41.74,32.99,34.83,34.26,29.87,28.67,30.07,34.09,37.02,47.1
RICHMOND-RAAF,67105,-33.6,150.78,r1i1p1,rcp45,CanESM2,2080-2099,46.85,49.24,52.65,46.62,39.06,49.05,44.75,48.43,53.87,53.92,50.01,54.02,52.19,48.32,39.35,37.34,37.32,42.53,44.86
ROCKHAMPTON-AERO,39083,-23.38,150.48,r1i1p1,rcp45,CanESM2,2080-2099,45.28,50.41,48.36,41.86,40.66,48.9,41.83,49.05,53.18,49.06,48.95,47.07,45.54,41.29,38.74,36.74,41.62,43.62,48.46
SYDNEY-AIRPORT-AMO,66037,-33.94,151.17,r1i1p1,rcp45,CanESM2,2080-2099,55.36,59.8,60.56,51.61,49.65,59.09,51.75,60.42,63,62.66,59.15,59.87,56.09,52.94,45.81,47.64,48.13,53.18,55.44
TENNANT-CREEK-AIRPORT,15135,-19.64,134.18,r1i1p1,rcp45,CanESM2,2080-2099,23.08,29.98,23.96,20.76,17.48,26.26,19.81,28.24,33.9,25.45,22.21,24.23,25.34,21.31,15.63,15.1,17.22,20.13,28.14
TOWNSVILLE-AERO,32040,-19.25,146.77,r1i1p1,rcp45,CanESM2,2080-2099,56.15,62.78,57.02,50.91,53.99,60.26,52.15,60.17,67.39,59.75,57.24,54.09,52.06,50.46,50.2,51.31,54.78,55.89,60.44
WAGGA-WAGGA-AMO,72150,-35.16,147.46,r1i1p1,rcp45,CanESM2,2080-2099,44.31,29.46,41.74,63.17,43.18,32.1,56.69,27.04,31.84,33.26,38.41,53.54,66.06,65.77,57.66,54.17,42.94,32.42,28.54
WILLIAMTOWN-RAAF,61078,-32.79,151.84,r1i1p1,rcp45,CanESM2,2080-2099,54.06,56.5,59.93,52.66,47.34,56.56,51.68,56.37,60.75,61.97,57.63,60.18,58.3,54.57,45.11,45.79,46.1,50.11,51.84
WOOMERA-AERODROME,16001,-31.16,136.81,r1i1p1,rcp45,CanESM2,2080-2099,28.48,21.25,29.28,40.06,23.39,22.3,34.72,19.66,22.55,22.71,27.42,37.72,45.77,40.53,33.88,27.56,22.87,19.73,21.3
ADELAIDE-KENT-TOWN,23090,-34.92,138.62,r1i1p1,rcp45,GFDL-ESM2M,2020-2039,43.9,35.25,43.62,56.37,40.32,37,50.78,33.58,35.66,36.89,42.79,51.16,60.07,57.47,51.55,45.47,38.96,36.53,36.68
ALBANY-AIRPORT-COMPARISON,9741,-34.94,117.8,r1i1p1,rcp45,GFDL-ESM2M,2020-2039,60.38,55.54,57.7,66.24,62.1,56.55,64.29,55.48,53.45,55.52,55.96,61.63,66.61,66.55,65.57,63.31,62.08,60.91,57.53
ALICE-SPRINGS-AIRPORT,15590,-23.8,133.89,r1i1p1,rcp45,GFDL-ESM2M,2020-2039,18.68,16.71,20.92,22.39,14.78,16.83,20.56,13.14,20.14,16.24,19.58,26.93,27.45,22.63,17.1,13.11,16.16,15.06,16.65
AMBERLEY-AMO,40004,-27.63,152.71,r1i1p1,rcp45,GFDL-ESM2M,2020-2039,43.49,49.05,48.86,37.83,38.27,48.49,38.52,46.76,52.78,51.8,47.65,47.13,41.7,38.57,33.22,31.49,39.03,44.28,47.5
BRISBANE-AERO,40842,-27.39,153.13,r1i1p1,rcp45,GFDL-ESM2M,2020-2039,55.09,60.39,58.3,47.78,53.86,59.72,50.39,58.98,61.68,61.45,57.72,55.73,49.69,48.75,44.88,47.75,55.52,58.3,60.6
BROOME-AIRPORT,3003,-17.95,122.23,r1i1p1,rcp45,GFDL-ESM2M,2020-2039,46.1,64.14,40.65,28.87,50.73,56.49,35.73,64.06,66.16,55.53,36.74,29.69,27.94,25.92,32.74,45.55,52.56,54.07,62.19
CAIRNS-AERO,31011,-16.87,145.75,r1i1p1,rcp45,GFDL-ESM2M,2020-2039,61.6,66.61,65.81,56.03,57.91,65.65,57.57,64.27,70.38,68.39,64.95,64.1,59.06,54.54,54.5,55.19,58.03,60.5,65.32
CANBERRA-AIRPORT-COMPARISON,70014,-35.3,149.2,r1i1p1,rcp45,GFDL-ESM2M,2020-2039,44.81,36.28,44.55,54.69,43.57,38.61,50.94,32.39,37.21,37.89,43.89,51.86,59.07,57.66,47.33,46.89,42.82,41,39.68
CARNARVON-AIRPORT,6011,-24.89,113.67,r1i1p1,rcp45,GFDL-ESM2M,2020-2039,49.29,54.79,46.52,46.54,49.34,51.42,47.19,58.34,50.23,47.24,46.24,46.07,46.58,46.08,46.95,48.34,49.12,50.57,55.72
CEDUNA-AMO,18012,-32.13,133.7,r1i1p1,rcp45,GFDL-ESM2M,2020-2039,42.4,41.96,40.59,45.93,41.14,40.72,44.09,40.98,43.31,37.84,40.45,43.49,47.8,46.31,43.69,42.47,40.8,40.16,41.57
CHARLEVILLE-AERO,44021,-26.42,146.25,r1i1p1,rcp45,GFDL-ESM2M,2020-2039,24.72,24.46,27.43,27,19.85,24.88,24.44,20.57,31.84,26.75,26.55,29.01,31.39,29.56,20.06,16.75,19.88,22.92,21.38
COBAR-MO,48027,-31.49,145.83,r1i1p1,rcp45,GFDL-ESM2M,2020-2039,30.2,23.01,32.55,40.45,24.71,25.41,34.97,19.46,26.72,27.63,31.11,38.91,44.52,44.66,32.18,25.28,24.26,24.59,23.07
COFFS-HARBOUR-MO,59040,-30.31,153.12,r1i1p1,rcp45,GFDL-ESM2M,2020-2039,61.07,66.47,64.53,53.26,60.04,66.29,55.88,65.01,68.12,69.18,63.26,61.15,55.41,54.69,49.67,54.72,59.65,65.76,66.29
DARWIN-AIRPORT,14015,-12.42,130.89,r1i1p1,rcp45,GFDL-ESM2M,2020-2039,52.37,69.77,51.35,35.26,53.19,64.24,40.59,69.59,74.37,65.92,49.07,39.07,33.13,33.79,38.86,46.15,52.57,60.84,65.1
DUBBO-AIRPORT-AWS,65070,-32.22,148.58,r1i1p1,rcp45,GFDL-ESM2M,2020-2039,40.4,32.15,40.45,51.53,37.21,34.51,46.35,28.33,35.18,36.48,38.61,46.25,53.77,56.4,44.14,41.6,34.98,34.61,33.01
EAST-SALE-AIRPORT,85072,-38.12,147.13,r1i1p1,rcp45,GFDL-ESM2M,2020-2039,54.48,49.15,55.32,60.67,52.72,50.62,58.31,47.38,48.54,50.24,54.78,60.96,64.62,62.18,55.21,54.19,52.7,51.26,51.72
ESPERANCE,9789,-33.83,121.89,r1i1p1,rcp45,GFDL-ESM2M,2020-2039,54.23,54.89,50.82,56.86,54.47,53.29,55.21,54.72,54.03,50.82,50.14,51.51,56.83,58.68,55.07,56.02,53.15,54.22,55.57
GERALDTON-AIRPORT-COMPARISON,8051,-28.8,114.7,r1i1p1,rcp45,GFDL-ESM2M,2020-2039,45.78,42.99,40.54,53.15,46.51,41.58,50.04,45.57,37.94,37.71,39.48,44.44,50.62,54.01,54.83,50.42,45.94,43.18,45.2
HOBART-ELLERSLIE-ROAD,94029,-42.89,147.33,r1i1p1,rcp45,GFDL-ESM2M,2020-2039,54.67,51.03,55.85,59.71,52.22,52.14,57.27,51.47,50.57,52.29,55.65,59.61,61.98,61.37,55.78,53.78,51.1,51.79,50.71
KALGOORLIE-BOULDER-AIRPORT,12038,-30.78,121.45,r1i1p1,rcp45,GFDL-ESM2M,2020-2039,27.96,22.09,28.8,38.87,22.1,22.61,33.21,21.51,23.3,21.65,27.2,36.66,41.4,41.12,34.07,24.78,21.24,20.27,21.12
LAUNCESTON-AIRPORT-COMPARISON,91104,-41.54,147.2,r1i1p1,rcp45,GFDL-ESM2M,2020-2039,54.59,43.77,53.79,67.78,53.13,46.34,62.9,43.87,43.5,44.44,53.38,63.55,70.05,69.98,63.29,57.62,52.9,48.88,43.55
LAVERTON-RAAF,87031,-37.86,144.76,r1i1p1,rcp45,GFDL-ESM2M,2020-2039,53.06,46.18,53.42,62.05,50.53,47.59,58.45,46.69,45.9,47.19,52.66,60.42,65.56,62.65,57.94,53.67,50.46,47.47,46.11
MACKAY-M.O,33119,-21.12,149.22,r1i1p1,rcp45,GFDL-ESM2M,2020-2039,66.23,68.68,70.62,63.4,62.25,68.48,64,65.61,72.31,70.78,70.53,70.55,65.54,63.45,61.2,60.93,62.3,63.5,68.08
MEEKATHARRA-AIRPORT,7045,-26.61,118.54,r1i1p1,rcp45,GFDL-ESM2M,2020-2039,19.86,16.17,20.81,29.42,12.91,16.06,23.57,17.45,17.76,15.2,21.11,26.12,33.77,31.2,23.28,14.04,13.01,11.67,13.29
MELBOURNE-AIRPORT,86282,-37.68,144.84,r1i1p1,rcp45,GFDL-ESM2M,2020-2039,50,41.17,50.39,61.02,47.31,43.12,56.77,41.37,40.96,42.95,49.35,58.88,64.96,62.36,55.76,51.21,47.46,43.24,41.53
MILDURA-AIRPORT,76031,-34.23,142.08,r1i1p1,rcp45,GFDL-ESM2M,2020-2039,32.47,22.55,33.36,47.31,26.65,24.49,40.46,20.45,24.6,23.85,32.48,43.74,52.28,49.81,39.83,31.98,25.1,22.86,22.63
MOREE-AERO,53115,-29.49,149.85,r1i1p1,rcp45,GFDL-ESM2M,2020-2039,34.44,32.53,35.77,39.69,29.54,33.25,35.55,30.77,36.76,35.79,33.91,37.62,42.37,43.35,33.35,28.77,27.86,31.99,30.78
MOUNT-GAMBIER-AERO,26021,-37.75,140.77,r1i1p1,rcp45,GFDL-ESM2M,2020-2039,55.54,44.91,54.1,68.8,54.5,46.93,64.25,43.96,42.69,45.64,52.49,64.17,72.68,69.7,64.02,59.19,55.72,48.58,47.7
MOUNT-ISA-AERO,29127,-20.68,139.49,r1i1p1,rcp45,GFDL-ESM2M,2020-2039,22.08,27.87,25.47,18.51,16.42,25.67,18.47,25.28,34.59,28.25,23.12,25.05,22.53,19.42,13.57,13.99,16.24,19.02,23.93
NOWRA-RAN-AIR-STATION-AWS,68072,-34.95,150.54,r1i1p1,rcp45,GFDL-ESM2M,2020-2039,55.89,59.73,58.48,52.43,52.6,59.09,52.66,57.14,61.62,59.31,57.82,58.29,55.19,54.72,47.36,48.2,51.94,57.82,60.83
PERTH-AIRPORT,9021,-31.93,115.98,r1i1p1,rcp45,GFDL-ESM2M,2020-2039,42.91,34.13,38.68,55.54,43.43,35.11,50.82,35.3,30.64,32.56,37.12,46.36,55.65,56.88,54.09,50.77,41.2,38.33,36.01
PORT-HEDLAND-AIRPORT,4032,-20.37,118.63,r1i1p1,rcp45,GFDL-ESM2M,2020-2039,35.12,48.77,32.26,26.38,33.18,41.69,28.64,50.31,49.95,38.42,29.31,29.06,29.53,24.05,25.56,28.68,34.95,35.89,45.67
RICHMOND-RAAF,67105,-33.6,150.78,r1i1p1,rcp45,GFDL-ESM2M,2020-2039,46.2,47.82,50.74,46.31,39.81,48.15,44.27,44.43,51.21,51.46,48.75,52.02,50.34,49.47,39.12,36.79,37.85,44.78,48.21
ROCKHAMPTON-AERO,39083,-23.38,150.48,r1i1p1,rcp45,GFDL-ESM2M,2020-2039,43.74,49.77,48,38.3,38.96,48.4,39.13,47.25,52.21,49.83,48.27,45.91,41.43,38.32,35.15,34.24,39.75,42.88,49.67
SYDNEY-AIRPORT-AMO,66037,-33.94,151.17,r1i1p1,rcp45,GFDL-ESM2M,2020-2039,54.73,58.52,58.66,51.39,50.25,58.34,51.15,56.44,60.13,60.36,57.84,57.77,54.19,53.96,46.02,46.6,48.34,55.79,59.29
TENNANT-CREEK-AIRPORT,15135,-19.64,134.18,r1i1p1,rcp45,GFDL-ESM2M,2020-2039,20.14,25.47,22.07,16.96,16.1,22.82,17.45,24.09,30.71,22.88,19.84,23.48,20.44,17.55,12.88,13.8,16.56,17.93,21.51
TOWNSVILLE-AERO,32040,-19.25,146.77,r1i1p1,rcp45,GFDL-ESM2M,2020-2039,55.36,62.84,57.9,46.91,53.7,60.84,49.84,59.45,67.45,62.64,57.19,53.87,47.7,45.55,47.47,49.94,54.48,56.69,61.85
WAGGA-WAGGA-AMO,72150,-35.16,147.46,r1i1p1,rcp45,GFDL-ESM2M,2020-2039,41.57,26.43,39.14,59.75,40.74,29.61,53.39,22.71,27.96,29.26,37.26,50.89,63.67,63.32,52.25,49.81,40.41,32,29.25
WILLIAMTOWN-RAAF,61078,-32.79,151.84,r1i1p1,rcp45,GFDL-ESM2M,2020-2039,54.89,56.81,59.24,53.31,50.17,57.45,52.4,54.26,59.44,61.52,57.21,58.98,56.99,56.8,46.15,46.72,48.75,55.05,56.78
WOOMERA-AERODROME,16001,-31.16,136.81,r1i1p1,rcp45,GFDL-ESM2M,2020-2039,23.75,16.77,24.04,35.54,18.61,17.72,29.8,15.48,18.6,16.63,22.79,32.7,41.31,36.28,29.05,21.18,18.28,16.36,16.35
ADELAIDE-KENT-TOWN,23090,-34.92,138.62,r1i1p1,rcp45,GFDL-ESM2M,2040-2059,46.01,37.97,47.72,57.07,41.23,40.23,51.77,37.13,38.54,42.57,47.2,53.39,60.45,58.06,52.7,46.41,39.6,37.68,38.4
ALBANY-AIRPORT-COMPARISON,9741,-34.94,117.8,r1i1p1,rcp45,GFDL-ESM2M,2040-2059,60.91,56.03,59.46,66.32,61.87,57.64,64.25,55.73,55.19,57.62,58.26,62.5,66.77,67.1,65.1,62.87,61.17,61.57,57
ALICE-SPRINGS-AIRPORT,15590,-23.8,133.89,r1i1p1,rcp45,GFDL-ESM2M,2040-2059,20.56,22.2,21.64,22.66,15.81,20.71,20.44,18.17,27.62,20.08,21.5,23.35,28.84,23.38,15.77,14.89,16.42,16.13,20.57
AMBERLEY-AMO,40004,-27.63,152.71,r1i1p1,rcp45,GFDL-ESM2M,2040-2059,43.12,49.04,48.24,37.27,37.94,48.18,38.09,47.26,53.66,51.16,47.21,46.36,41.84,37.49,32.48,31.07,39.28,43.48,46.12
BRISBANE-AERO,40842,-27.39,153.13,r1i1p1,rcp45,GFDL-ESM2M,2040-2059,54.84,60.55,57.76,47.26,53.78,59.55,50.08,59.66,62.91,60.88,57.42,54.97,49.94,47.43,44.4,47.66,56.05,57.63,59.16
BROOME-AIRPORT,3003,-17.95,122.23,r1i1p1,rcp45,GFDL-ESM2M,2040-2059,47.22,66.53,41.76,28.99,51.59,59.11,35.36,65.91,70.58,58.14,39.27,27.85,29.07,27.58,30.32,43.86,53.46,57.46,63.1
CAIRNS-AERO,31011,-16.87,145.75,r1i1p1,rcp45,GFDL-ESM2M,2040-2059,62.14,66.55,65.8,57.84,58.32,65.87,58.42,64.06,70.67,68.3,65.79,63.32,60.78,57.29,55.45,55.38,58.3,61.28,65.03
CANBERRA-AIRPORT-COMPARISON,70014,-35.3,149.2,r1i1p1,rcp45,GFDL-ESM2M,2040-2059,45.75,37.94,47.03,53.65,44.23,40.05,51.38,36.58,40.15,40.59,46.47,54.03,59.5,55.99,45.45,49.61,43.67,39.4,37.51
CARNARVON-AIRPORT,6011,-24.89,113.67,r1i1p1,rcp45,GFDL-ESM2M,2040-2059,51.86,58.26,51.67,48.22,49.33,55.26,48.49,60.52,58.36,53.81,52.42,48.78,47.12,49.32,48.21,48.37,49.11,50.5,55.81
CEDUNA-AMO,18012,-32.13,133.7,r1i1p1,rcp45,GFDL-ESM2M,2040-2059,44.02,43.96,43.01,47.09,42.02,43.04,45,43.05,45.85,42.18,42.78,44.08,49,48.57,43.71,42.96,41.71,41.39,42.97
CHARLEVILLE-AERO,44021,-26.42,146.25,r1i1p1,rcp45,GFDL-ESM2M,2040-2059,24.64,25.48,27.24,26.42,19.27,25.13,24.03,23.49,31.7,26.61,25.99,29.11,32.47,28.64,18.15,16.81,18.98,22.03,21.66
COBAR-MO,48027,-31.49,145.83,r1i1p1,rcp45,GFDL-ESM2M,2040-2059,30.7,23.92,33.58,40.92,24.32,26.13,35.25,22.49,26.04,28.75,32.84,39.16,45.45,45.42,31.9,25.5,24.08,23.37,23.44
COFFS-HARBOUR-MO,59040,-30.31,153.12,r1i1p1,rcp45,GFDL-ESM2M,2040-2059,61.02,67.27,64.61,52.56,59.64,66.47,55.58,66.84,69.11,68.51,63.77,61.54,55.85,52.91,48.93,53.75,60.53,64.64,65.86
DARWIN-AIRPORT,14015,-12.42,130.89,r1i1p1,rcp45,GFDL-ESM2M,2040-2059,52.15,70.01,51.3,35.63,51.75,63.93,40.46,70.12,75.08,66.14,49.26,38.5,33.27,35.44,38.18,45.76,51.62,57.87,64.58
DUBBO-AIRPORT-AWS,65070,-32.22,148.58,r1i1p1,rcp45,GFDL-ESM2M,2040-2059,40.85,32.88,42.36,51.11,36.75,35.06,46.7,32.19,34.71,36.89,41.1,49.07,54.36,54.82,43.85,42.06,34.97,32.8,31.95
EAST-SALE-AIRPORT,85072,-38.12,147.13,r1i1p1,rcp45,GFDL-ESM2M,2040-2059,55.5,50.83,57.91,60.01,53.19,52.28,58.7,50.21,52,53.34,57.59,62.8,64.88,61.64,53.51,56.69,52.66,50.23,50.47
ESPERANCE,9789,-33.83,121.89,r1i1p1,rcp45,GFDL-ESM2M,2040-2059,55.85,56.93,54.95,57.01,54.62,56.15,55.59,57.54,57.47,55.97,54.78,54.12,58.12,58.89,54.03,55.35,53.03,55.46,55.45
GERALDTON-AIRPORT-COMPARISON,8051,-28.8,114.7,r1i1p1,rcp45,GFDL-ESM2M,2040-2059,46.92,44.74,42.87,53.6,46.56,43.54,50.37,46.23,42.2,40.84,42.67,45.11,50.11,55.99,54.71,50.74,45.55,43.39,45.53
HOBART-ELLERSLIE-ROAD,94029,-42.89,147.33,r1i1p1,rcp45,GFDL-ESM2M,2040-2059,55.31,51.99,56.53,60.38,52.46,52.96,57.73,52.89,51.74,53.16,56.42,60.02,63.3,61.99,55.86,53.89,51.31,52.16,50.99
KALGOORLIE-BOULDER-AIRPORT,12038,-30.78,121.45,r1i1p1,rcp45,GFDL-ESM2M,2040-2059,30.56,25.86,34.54,39.36,22.59,26.9,34.15,25.41,30.53,29.58,33.1,40.12,41.97,42.09,34.03,25.29,21.41,21.06,21.25
LAUNCESTON-AIRPORT-COMPARISON,91104,-41.54,147.2,r1i1p1,rcp45,GFDL-ESM2M,2040-2059,55.76,45.22,55.22,68.88,53.84,47.66,63.92,46.01,45.65,46.18,54.77,64.71,71.63,71.4,63.59,58.48,53.72,49.32,43.62
LAVERTON-RAAF,87031,-37.86,144.76,r1i1p1,rcp45,GFDL-ESM2M,2040-2059,54.65,48.82,57.06,61.67,50.98,50.31,58.9,49.38,50.41,52.07,56.66,62.43,65.77,62.59,56.66,55.83,50.13,46.99,46.81
MACKAY-M.O,33119,-21.12,149.22,r1i1p1,rcp45,GFDL-ESM2M,2040-2059,66.64,68.45,71.8,64.8,61.52,68.77,64.51,65.52,72.56,71.9,72.63,70.86,66.72,64.72,62.96,60.88,60.93,62.74,67.21
MEEKATHARRA-AIRPORT,7045,-26.61,118.54,r1i1p1,rcp45,GFDL-ESM2M,2040-2059,22.7,20.77,25.82,30.21,13.89,20.51,24.82,20.9,27.73,21.81,26.48,29.18,34.12,32.83,23.68,15.47,13.6,12.6,13.51
MELBOURNE-AIRPORT,86282,-37.68,144.84,r1i1p1,rcp45,GFDL-ESM2M,2040-2059,51.52,43.73,54,60.49,47.76,45.77,57.16,43.98,45.38,47.76,53.35,60.88,65.01,62.15,54.33,53.5,47.1,42.67,42.16
MILDURA-AIRPORT,76031,-34.23,142.08,r1i1p1,rcp45,GFDL-ESM2M,2040-2059,34.31,25.22,37.06,47.49,27.45,27.38,41.25,23.75,27.47,28.9,36.29,46,52.57,49.81,40.1,32.94,26.09,23.33,24.46
MOREE-AERO,53115,-29.49,149.85,r1i1p1,rcp45,GFDL-ESM2M,2040-2059,34.22,33.49,35.54,39.04,28.58,33.4,34.97,33.34,36.94,34.47,34.22,37.94,43.42,42.49,31.21,27.59,27.14,31,30.91
MOUNT-GAMBIER-AERO,26021,-37.75,140.77,r1i1p1,rcp45,GFDL-ESM2M,2040-2059,56.81,46.05,56.77,69.73,54.83,48.58,65.14,45.36,44.31,48.23,55.72,66.37,73.54,70.72,64.93,60.37,54.88,49.24,48.09
MOUNT-ISA-AERO,29127,-20.68,139.49,r1i1p1,rcp45,GFDL-ESM2M,2040-2059,24,32.34,26.91,19.75,16.95,28.72,19.25,28.21,40.94,31.5,23.94,25.27,24.41,20.67,14.18,15.15,15.83,19.88,28.07
NOWRA-RAN-AIR-STATION-AWS,68072,-34.95,150.54,r1i1p1,rcp45,GFDL-ESM2M,2040-2059,56.55,60.86,60.15,51.83,53.01,60.06,53,60.84,63.57,60.67,60.15,59.64,55.6,53.77,46.12,49.54,53.19,56.54,58.57
PERTH-AIRPORT,9021,-31.93,115.98,r1i1p1,rcp45,GFDL-ESM2M,2040-2059,43.68,35.02,41.27,55.85,42.74,36.66,50.82,35.17,33.28,35.52,40.83,47.45,55.52,57.85,54.19,49.85,40.08,38.28,36.18
PORT-HEDLAND-AIRPORT,4032,-20.37,118.63,r1i1p1,rcp45,GFDL-ESM2M,2040-2059,36.95,52.76,34.9,26.62,33.64,45.44,28.56,53.22,57.52,42.56,33.44,28.7,29.54,25.5,24.82,28.33,34.47,38.12,47.14
RICHMOND-RAAF,67105,-33.6,150.78,r1i1p1,rcp45,GFDL-ESM2M,2040-2059,46.5,48.43,52.29,45.29,39.85,48.69,44.31,47.83,51.43,52.04,50.83,53.98,50.46,47.77,37.65,37.06,38.95,43.55,46.4
ROCKHAMPTON-AERO,39083,-23.38,150.48,r1i1p1,rcp45,GFDL-ESM2M,2040-2059,44.36,50.27,49.01,39,39.22,49.28,39.49,47.89,54.46,52.04,49.07,45.91,42.14,38.93,35.94,34.66,39.35,43.64,48.28
SYDNEY-AIRPORT-AMO,66037,-33.94,151.17,r1i1p1,rcp45,GFDL-ESM2M,2040-2059,54.95,58.99,59.91,50.4,50.4,58.73,51.2,59.61,60.54,60.62,59.79,59.32,54.33,52.43,44.43,46.92,49.75,54.52,57.11
TENNANT-CREEK-AIRPORT,15135,-19.64,134.18,r1i1p1,rcp45,GFDL-ESM2M,2040-2059,21.98,30.26,24.12,17.09,16.48,26.61,17.33,27.61,36.73,27.22,23.3,21.83,21.1,17.87,12.29,14.76,16.12,18.56,26.32
TOWNSVILLE-AERO,32040,-19.25,146.77,r1i1p1,rcp45,GFDL-ESM2M,2040-2059,55.35,61.97,57.84,47.62,53.9,60.65,50.01,58.38,66.73,63.28,57.32,52.9,48.23,46.7,47.92,50.28,54.03,57.39,61.04
WAGGA-WAGGA-AMO,72150,-35.16,147.46,r1i1p1,rcp45,GFDL-ESM2M,2040-2059,42.62,27.98,41.97,58.84,41.49,31.09,54.02,25.96,30.98,32.59,39.85,53.47,64.32,62.13,50.06,53.13,41.01,30.33,27.58
WILLIAMTOWN-RAAF,61078,-32.79,151.84,r1i1p1,rcp45,GFDL-ESM2M,2040-2059,54.88,57.38,60.06,52.18,49.9,57.66,52.18,57.2,59.83,61.09,58.78,60.32,57.27,54.69,44.58,46.42,49.8,53.47,55.17
WOOMERA-AERODROME,16001,-31.16,136.81,r1i1p1,rcp45,GFDL-ESM2M,2040-2059,25.78,19.55,26.97,36.68,19.87,20.83,30.74,18.18,21.15,21.81,25.75,33.35,42.21,38.37,29.45,22.49,18.58,18.54,19.44
ADELAIDE-KENT-TOWN,23090,-34.92,138.62,r1i1p1,rcp45,GFDL-ESM2M,2060-2079,44.35,36.74,45.38,56.29,38.93,38.5,50.18,35.8,37.28,37.64,45.76,52.75,61.21,57.83,49.84,42.54,36.93,37.33,37.32
ALBANY-AIRPORT-COMPARISON,9741,-34.94,117.8,r1i1p1,rcp45,GFDL-ESM2M,2060-2079,60.63,55.82,59.16,66.16,61.43,57.24,64.09,55.05,54.32,56.49,58.38,62.62,66.63,66.92,64.92,62.79,60.63,60.86,57.92
ALICE-SPRINGS-AIRPORT,15590,-23.8,133.89,r1i1p1,rcp45,GFDL-ESM2M,2060-2079,17.57,16.27,19.98,21.09,13,16.55,18.62,12.73,20.47,16.01,19.65,24.28,25.09,22.14,16.04,10.68,13.46,14.86,15.43
AMBERLEY-AMO,40004,-27.63,152.71,r1i1p1,rcp45,GFDL-ESM2M,2060-2079,42.28,47.52,47.25,37.61,36.77,46.89,37.71,45.69,50.91,49.5,45.98,46.26,40.7,37.96,34.18,29.84,37.31,43.16,45.89
BRISBANE-AERO,40842,-27.39,153.13,r1i1p1,rcp45,GFDL-ESM2M,2060-2079,54.04,59.07,56.85,47.72,52.48,58.29,49.73,57.98,60.5,59.42,56.37,54.76,48.57,48.17,46.43,46.24,54.18,57.03,58.82
BROOME-AIRPORT,3003,-17.95,122.23,r1i1p1,rcp45,GFDL-ESM2M,2060-2079,45.88,63.55,41.1,28.43,50.42,56.44,35.35,62.17,67.74,55.71,37.77,29.83,28,26.11,31.18,43.76,53.19,54.3,60.74
CAIRNS-AERO,31011,-16.87,145.75,r1i1p1,rcp45,GFDL-ESM2M,2060-2079,60.28,63.9,63.51,56.32,57.33,63.54,57.02,61.11,68.25,66.84,62.89,60.81,58.88,55.75,54.33,54.26,58.11,59.63,62.45
CANBERRA-AIRPORT-COMPARISON,70014,-35.3,149.2,r1i1p1,rcp45,GFDL-ESM2M,2060-2079,42.92,33.98,43.76,52.92,40.87,36.95,48.82,33.3,33.8,36.34,42.44,52.49,58.71,56.08,43.98,41.41,40.25,40.95,35.25
CARNARVON-AIRPORT,6011,-24.89,113.67,r1i1p1,rcp45,GFDL-ESM2M,2060-2079,49.8,53.69,50.2,45.87,49.47,52.47,47.15,54.56,52.59,51.05,51.57,47.97,45.05,46.37,46.21,48.1,49.22,51.08,53.85
CEDUNA-AMO,18012,-32.13,133.7,r1i1p1,rcp45,GFDL-ESM2M,2060-2079,42.94,43.18,42.12,46.16,40.3,42.15,43.72,42.53,44.69,40.02,42.66,43.69,49.24,47.74,41.49,40.46,39.72,40.72,42.31
CHARLEVILLE-AERO,44021,-26.42,146.25,r1i1p1,rcp45,GFDL-ESM2M,2060-2079,22.03,22.25,24.6,24.89,16.26,22.1,21.85,21.16,27.62,23.32,23.35,27.12,29.02,26.95,18.68,13.03,16.3,19.46,18.32
COBAR-MO,48027,-31.49,145.83,r1i1p1,rcp45,GFDL-ESM2M,2060-2079,27.31,20.26,29.66,38.5,20.75,22.54,32.06,20.31,21.03,23.61,28.32,37.05,43.11,42.54,29.85,19.75,20.03,22.47,19.62
COFFS-HARBOUR-MO,59040,-30.31,153.12,r1i1p1,rcp45,GFDL-ESM2M,2060-2079,59.86,64.85,63.15,53.18,58.25,64.53,55.21,64.82,64.8,65.77,62.27,61.4,55.16,53.38,51.01,51.86,58.43,64.47,64.9
DARWIN-AIRPORT,14015,-12.42,130.89,r1i1p1,rcp45,GFDL-ESM2M,2060-2079,51.36,68.39,50.6,34.54,52,63.18,39.63,67.77,72.76,66.16,48.85,36.8,31.87,33.95,37.8,45.91,51.45,58.64,64.39
DUBBO-AIRPORT-AWS,65070,-32.22,148.58,r1i1p1,rcp45,GFDL-ESM2M,2060-2079,37.41,28.76,38.32,50.02,32.28,31.27,43.62,29.52,28.19,30.61,37.01,47.33,53.23,53.65,42.91,34.07,29.5,32.82,28.71
EAST-SALE-AIRPORT,85072,-38.12,147.13,r1i1p1,rcp45,GFDL-ESM2M,2060-2079,53.19,48.16,54.64,58.96,50.94,49.78,56.57,48.48,48.12,49.57,54.12,60.24,64.28,61.67,50.95,51.41,50.89,50.5,48.07
ESPERANCE,9789,-33.83,121.89,r1i1p1,rcp45,GFDL-ESM2M,2060-2079,55.31,54.95,55.17,56.9,54.35,55.22,55.45,53.06,55.83,55.24,55.71,54.57,58.24,58.41,54.05,54.62,52.83,55.6,55.61
GERALDTON-AIRPORT-COMPARISON,8051,-28.8,114.7,r1i1p1,rcp45,GFDL-ESM2M,2060-2079,45.9,42.71,42.66,51.93,46.39,42.45,49.42,42.74,40.42,39.88,43,45.12,49.77,53.51,52.5,50.47,45.14,43.57,44.72
HOBART-ELLERSLIE-ROAD,94029,-42.89,147.33,r1i1p1,rcp45,GFDL-ESM2M,2060-2079,54.94,51.78,56.16,60.08,51.87,52.61,57.34,52.54,51.55,52.53,56.24,59.72,62.89,62.07,55.28,53.05,51.05,51.5,50.91
KALGOORLIE-BOULDER-AIRPORT,12038,-30.78,121.45,r1i1p1,rcp45,GFDL-ESM2M,2060-2079,29.73,22.72,35.49,38.45,22.37,25.92,33.47,19.75,27.76,28.97,35.96,40.59,42.47,40.13,32.74,24.39,20.5,22.21,20.1
LAUNCESTON-AIRPORT-COMPARISON,91104,-41.54,147.2,r1i1p1,rcp45,GFDL-ESM2M,2060-2079,54.87,44.62,54.3,68.25,52.43,46.84,62.98,45.02,45.11,44.8,54.2,63.91,71.18,71.15,62.41,56.61,52.6,48.1,43.37
LAVERTON-RAAF,87031,-37.86,144.76,r1i1p1,rcp45,GFDL-ESM2M,2060-2079,52.13,46.29,53.27,60.43,48.47,47.44,56.74,48.02,47.24,47.46,52.73,59.62,65.24,62.16,53.9,51.23,48.31,45.86,43.77
MACKAY-M.O,33119,-21.12,149.22,r1i1p1,rcp45,GFDL-ESM2M,2060-2079,64.32,66.09,67.63,62.9,60.68,65.86,62.79,63.44,69.93,68.56,67.85,66.48,63.78,63.53,61.38,59.67,61.9,60.47,64.86
MEEKATHARRA-AIRPORT,7045,-26.61,118.54,r1i1p1,rcp45,GFDL-ESM2M,2060-2079,20.79,16.31,25.24,28.29,13.2,18.23,23.27,14.41,23.07,21.02,26.67,28.02,32.48,30.39,21.99,14.02,12.75,12.82,11.36
MELBOURNE-AIRPORT,86282,-37.68,144.84,r1i1p1,rcp45,GFDL-ESM2M,2060-2079,48.94,41.13,50.11,59.24,45.17,42.84,54.93,42.7,42.06,43.12,49.27,57.95,64.51,61.72,51.48,48.75,45.19,41.58,38.96
MILDURA-AIRPORT,76031,-34.23,142.08,r1i1p1,rcp45,GFDL-ESM2M,2060-2079,31.6,23.18,33.26,45.35,24.6,24.82,38.4,23.16,24.74,24.38,32.35,43.06,50.82,48.87,36.38,28.04,23.21,22.55,21.68
MOREE-AERO,53115,-29.49,149.85,r1i1p1,rcp45,GFDL-ESM2M,2060-2079,31.66,29.62,32.49,38.54,25.76,30.04,33.2,30.92,30.14,29.65,31.43,36.4,41.55,41.06,33.01,23.43,23.78,30.07,28.46
MOUNT-GAMBIER-AERO,26021,-37.75,140.77,r1i1p1,rcp45,GFDL-ESM2M,2060-2079,55.78,45.94,55.06,68.92,53.35,47.8,63.86,44.68,44.23,45.85,54.25,65.07,73.66,69.89,63.2,57.46,53.87,48.71,48.51
MOUNT-ISA-AERO,29127,-20.68,139.49,r1i1p1,rcp45,GFDL-ESM2M,2060-2079,19.62,26,21.62,16.06,14.72,23.46,15.74,23.68,31.06,25.54,19.74,19.58,18.99,16.95,12.23,12.19,14.51,17.46,23.44
NOWRA-RAN-AIR-STATION-AWS,68072,-34.95,150.54,r1i1p1,rcp45,GFDL-ESM2M,2060-2079,54.65,57.66,57.76,51.76,51.12,57.65,51.64,57.69,58.21,56.6,57.52,59.15,55.39,53.84,46.05,44.2,50.97,58.37,57.47
PERTH-AIRPORT,9021,-31.93,115.98,r1i1p1,rcp45,GFDL-ESM2M,2060-2079,42.93,33.7,41.21,55.31,41.64,35.83,50.14,32.94,31.84,34.25,41.91,47.46,55.67,57.03,53.23,48.98,38.46,37.48,35.88
PORT-HEDLAND-AIRPORT,4032,-20.37,118.63,r1i1p1,rcp45,GFDL-ESM2M,2060-2079,34.85,48.36,33.2,25.52,32.46,42.02,27.78,47.87,52.59,39.95,31.14,28.52,27.69,24.01,24.86,27.65,33.98,35.77,44.23
RICHMOND-RAAF,67105,-33.6,150.78,r1i1p1,rcp45,GFDL-ESM2M,2060-2079,44.79,45.46,49.8,45.7,38.06,46.23,43.36,45.15,46.59,47.49,48.28,53.63,50.53,47.91,38.65,32.79,36.63,44.77,45
ROCKHAMPTON-AERO,39083,-23.38,150.48,r1i1p1,rcp45,GFDL-ESM2M,2060-2079,42.57,48.44,46.01,37.96,37.92,46.84,38.35,46.37,51.66,48.17,46.05,43.83,40.18,38.15,35.56,33.14,39.22,41.38,47.11
SYDNEY-AIRPORT-AMO,66037,-33.94,151.17,r1i1p1,rcp45,GFDL-ESM2M,2060-2079,53.5,56.34,57.81,50.94,48.8,56.64,50.39,56.95,56.16,56.46,57.63,59.34,54.52,52.72,45.59,42.43,47.76,56.19,56.2
TENNANT-CREEK-AIRPORT,15135,-19.64,134.18,r1i1p1,rcp45,GFDL-ESM2M,2060-2079,19.12,25.37,20.84,15.09,15.2,22.89,15.34,23.17,31.19,23.22,20.04,19.27,17.49,15.89,11.89,12.46,15.06,18.09,21.67
TOWNSVILLE-AERO,32040,-19.25,146.77,r1i1p1,rcp45,GFDL-ESM2M,2060-2079,53.07,58.81,53.93,46.74,52.73,57.14,48.97,55.07,62.6,57.56,53.77,50.45,47.39,45.57,47.25,48.78,54.34,55.07,58.97
WAGGA-WAGGA-AMO,72150,-35.16,147.46,r1i1p1,rcp45,GFDL-ESM2M,2060-2079,39.46,24.55,38.25,57.61,37.23,28.03,50.76,23.66,25.21,28.38,35.48,50.89,63.06,61.98,47.79,43.85,36.99,30.84,25.35
WILLIAMTOWN-RAAF,61078,-32.79,151.84,r1i1p1,rcp45,GFDL-ESM2M,2060-2079,53.36,54.4,57.98,52.86,48.16,55.31,51.47,54.68,54.69,56.82,56.95,60.19,57.09,55.16,46.32,42.58,47.48,54.4,53.9
WOOMERA-AERODROME,16001,-31.16,136.81,r1i1p1,rcp45,GFDL-ESM2M,2060-2079,23.67,17.52,24.71,34.91,17.51,18.6,28.76,17.89,18.95,18.29,23.67,32.15,41.3,36.77,26.65,19.34,16.32,16.87,15.83
ADELAIDE-KENT-TOWN,23090,-34.92,138.62,r1i1p1,rcp45,GFDL-ESM2M,2080-2099,45.94,38.87,46.03,57.15,41.85,40.32,51.65,38.6,38.89,40.74,45.32,52.03,62.31,58.37,50.79,44.82,41.6,39.11,38.71
ALBANY-AIRPORT-COMPARISON,9741,-34.94,117.8,r1i1p1,rcp45,GFDL-ESM2M,2080-2099,61.08,56.67,59.98,65.84,61.87,58.03,64.23,56.22,55.33,58.57,58.17,63.19,66.86,66.11,64.57,62.78,61.87,60.96,58.4
ALICE-SPRINGS-AIRPORT,15590,-23.8,133.89,r1i1p1,rcp45,GFDL-ESM2M,2080-2099,21.19,21.87,20.42,24.99,17.26,20.18,22.1,19.69,24.77,18.66,18.43,24.17,28.52,27.36,19.1,15.44,18.03,18.29,21.79
AMBERLEY-AMO,40004,-27.63,152.71,r1i1p1,rcp45,GFDL-ESM2M,2080-2099,42.69,48.75,45.97,38.46,37.67,47.15,38.3,47.23,51.6,48.03,45.01,44.86,41.41,39.37,34.59,31.53,38.06,43.43,47.13
BRISBANE-AERO,40842,-27.39,153.13,r1i1p1,rcp45,GFDL-ESM2M,2080-2099,55.07,60.43,56.22,49.24,54.29,58.91,51.12,59.72,61.22,58.39,56.13,54.15,50.01,50.39,47.31,48.88,55.97,58.01,60.66
BROOME-AIRPORT,3003,-17.95,122.23,r1i1p1,rcp45,GFDL-ESM2M,2080-2099,47.62,66.19,41.44,30.44,52.33,58.8,36.41,65.8,69.87,58.39,37.66,28.28,30.1,28.91,32.29,44.04,54.83,58.13,63.11
CAIRNS-AERO,31011,-16.87,145.75,r1i1p1,rcp45,GFDL-ESM2M,2080-2099,62.25,66.72,65.34,57.29,59.76,66.17,58.46,63.76,69.94,68.25,65.23,62.54,59.47,56.93,55.47,57.21,59.14,62.93,66.12
CANBERRA-AIRPORT-COMPARISON,70014,-35.3,149.2,r1i1p1,rcp45,GFDL-ESM2M,2080-2099,44.07,37.43,42.35,55.04,41.7,38.21,50.03,35.68,38.16,36.54,41.1,49.41,60.11,58.49,46.54,45.08,40.56,39.47,37.65
CARNARVON-AIRPORT,6011,-24.89,113.67,r1i1p1,rcp45,GFDL-ESM2M,2080-2099,51.73,58.6,52.01,47.02,49.22,55.35,48.09,60.47,57.27,54.52,51.86,49.64,47.51,47.59,45.96,48.34,49.53,49.81,58.25
CEDUNA-AMO,18012,-32.13,133.7,r1i1p1,rcp45,GFDL-ESM2M,2080-2099,44.58,44.95,43.26,47.68,42.56,43.7,45.54,44.13,46.9,41.65,43.93,44.19,50.79,49.03,43.21,42.77,43.28,41.63,43.44
CHARLEVILLE-AERO,44021,-26.42,146.25,r1i1p1,rcp45,GFDL-ESM2M,2080-2099,24.8,26.87,25.12,27.89,19.46,25.46,24.34,24.11,31.03,23.89,24.15,27.33,31.75,30.05,21.87,16.88,18.18,23.31,25.08
COBAR-MO,48027,-31.49,145.83,r1i1p1,rcp45,GFDL-ESM2M,2080-2099,29.55,24.11,30.26,41.63,22.45,24.99,34.37,23.3,25.46,25.41,28.8,36.58,45.93,46.14,32.82,23.66,21.08,22.62,22.8
COFFS-HARBOUR-MO,59040,-30.31,153.12,r1i1p1,rcp45,GFDL-ESM2M,2080-2099,60.4,66.25,62.26,54.12,59.05,65.19,55.65,65.58,67.43,66.16,61.28,59.36,56.08,55.37,50.91,53.94,58.26,64.95,65.46
DARWIN-AIRPORT,14015,-12.42,130.89,r1i1p1,rcp45,GFDL-ESM2M,2080-2099,53.33,71.49,51.98,35.89,53.83,65.75,40.87,70.98,74.87,66.63,50.26,39.06,33.64,36.37,37.65,46.21,52.28,62.99,68.95
DUBBO-AIRPORT-AWS,65070,-32.22,148.58,r1i1p1,rcp45,GFDL-ESM2M,2080-2099,39.11,31.79,37.83,52.93,34.05,32.88,45.57,31,32.85,32.55,36.55,44.4,54.66,57.98,45.9,39.26,30.14,32.2,30.9
EAST-SALE-AIRPORT,85072,-38.12,147.13,r1i1p1,rcp45,GFDL-ESM2M,2080-2099,54.13,50.87,54.44,59.91,51.62,51.3,57.26,50.3,50.34,50.2,53.93,59.2,64.73,61.54,53.47,52.85,51.79,50.22,51.04
ESPERANCE,9789,-33.83,121.89,r1i1p1,rcp45,GFDL-ESM2M,2080-2099,56.47,57.86,55.96,56.69,55.33,56.98,55.96,57.4,58.57,56.73,55.43,55.71,57.84,58.58,53.66,54.85,55.1,56.03,57.7
GERALDTON-AIRPORT-COMPARISON,8051,-28.8,114.7,r1i1p1,rcp45,GFDL-ESM2M,2080-2099,47.14,45.16,44.3,52.37,46.63,44.06,50.22,45.66,42.75,42.21,43.39,47.31,50.83,53.58,52.7,50.77,46.13,42.99,47.35
HOBART-ELLERSLIE-ROAD,94029,-42.89,147.33,r1i1p1,rcp45,GFDL-ESM2M,2080-2099,55.42,52.16,56.52,60.5,52.86,53.07,57.97,53.09,52.26,53.32,56.53,59.7,63.68,61.66,56.15,54.4,52.23,51.96,50.1
KALGOORLIE-BOULDER-AIRPORT,12038,-30.78,121.45,r1i1p1,rcp45,GFDL-ESM2M,2080-2099,30.89,26.38,35.69,38.73,22.9,27.77,34.02,25.04,30.45,29.29,35.59,41.27,42.98,40.58,32.64,24.25,22.38,22.08,23.09
LAUNCESTON-AIRPORT-COMPARISON,91104,-41.54,147.2,r1i1p1,rcp45,GFDL-ESM2M,2080-2099,55.76,45.26,54.97,68.81,54.18,47.63,63.95,45.99,45.91,45.67,55.31,63.92,71.66,71.14,63.62,59.05,54.28,49.19,43.35
LAVERTON-RAAF,87031,-37.86,144.76,r1i1p1,rcp45,GFDL-ESM2M,2080-2099,53.85,49.57,54.11,61.59,50.39,49.89,58.01,50.94,49.56,49.19,53.57,59.58,66.14,62.32,56.3,52.5,51.2,47.48,47.42
MACKAY-M.O,33119,-21.12,149.22,r1i1p1,rcp45,GFDL-ESM2M,2080-2099,65.01,67.66,68,62.49,62.1,67.2,63.05,65.53,69.36,67.97,68.78,67.26,62.84,63.28,61.34,61.37,62.2,62.74,67.42
MEEKATHARRA-AIRPORT,7045,-26.61,118.54,r1i1p1,rcp45,GFDL-ESM2M,2080-2099,22.53,19.95,26.51,29.84,13.64,20.49,24.52,19,25.38,22.33,26.75,30.44,35.99,31.45,22.09,13.6,13.57,13.77,15.58
MELBOURNE-AIRPORT,86282,-37.68,144.84,r1i1p1,rcp45,GFDL-ESM2M,2080-2099,50.62,44.59,50.88,60.38,46.93,45.39,56.11,45.41,44.76,44.79,50.13,57.73,65.18,61.95,54.02,49.83,47.95,43.02,42.66
MILDURA-AIRPORT,76031,-34.23,142.08,r1i1p1,rcp45,GFDL-ESM2M,2080-2099,34.22,26.16,34.62,48.37,27.87,27.2,41.36,25.6,27.19,27.19,32.88,43.78,54.64,51.21,39.25,31.86,27.42,24.32,25.27
MOREE-AERO,53115,-29.49,149.85,r1i1p1,rcp45,GFDL-ESM2M,2080-2099,32.91,32.86,32.03,40.24,26.71,31.69,34.26,32.81,35.21,30.12,30.68,35.28,42.64,44.14,33.94,25.92,23.63,30.59,29.91
MOUNT-GAMBIER-AERO,26021,-37.75,140.77,r1i1p1,rcp45,GFDL-ESM2M,2080-2099,56.47,46.92,55.09,69.53,54.56,48.47,64.66,46.37,45.6,47.08,53.65,64.53,74.05,70.19,64.36,57.84,56.98,48.86,48.08
MOUNT-ISA-AERO,29127,-20.68,139.49,r1i1p1,rcp45,GFDL-ESM2M,2080-2099,23.72,33.39,24.29,18.71,18.43,29.28,18.13,31.04,38.44,29.84,21.61,21.42,21.35,20.71,14.08,14.32,16.91,24.05,30.87
NOWRA-RAN-AIR-STATION-AWS,68072,-34.95,150.54,r1i1p1,rcp45,GFDL-ESM2M,2080-2099,55.18,59.83,56.91,52.95,51,58.46,52.01,59.13,60.92,58.02,56.43,56.29,56.58,55.01,47.26,46.86,49.73,56.53,58.94
PERTH-AIRPORT,9021,-31.93,115.98,r1i1p1,rcp45,GFDL-ESM2M,2080-2099,43.79,35.57,41.98,55.26,42.29,37.06,50.53,35.32,34.3,36.94,40.76,48.24,55.27,56.63,53.88,49.26,39.93,37.69,37.29
PORT-HEDLAND-AIRPORT,4032,-20.37,118.63,r1i1p1,rcp45,GFDL-ESM2M,2080-2099,36.77,50.73,34.87,27.45,33.86,44.19,29.32,51.74,54.01,42.35,32.04,30.22,31.11,26.23,25.02,28.22,35.13,38.23,46.95
RICHMOND-RAAF,67105,-33.6,150.78,r1i1p1,rcp45,GFDL-ESM2M,2080-2099,45.23,47.36,49.14,46.77,37.85,47.23,43.35,45.89,49.55,50.07,47.64,49.7,51.63,49.09,39.59,35.37,34.72,43.46,46.05
ROCKHAMPTON-AERO,39083,-23.38,150.48,r1i1p1,rcp45,GFDL-ESM2M,2080-2099,43.22,49.82,45.78,38.39,39.07,47.81,38.8,48.1,51.76,47.77,46.18,43.39,40.56,38.12,36.49,34.88,39.37,42.96,49.07
SYDNEY-AIRPORT-AMO,66037,-33.94,151.17,r1i1p1,rcp45,GFDL-ESM2M,2080-2099,53.9,57.84,57.25,52.18,48.54,57.38,50.55,57.38,58.54,59.08,56.8,55.85,55.86,53.92,46.76,45.45,45.47,54.69,57.04
TENNANT-CREEK-AIRPORT,15135,-19.64,134.18,r1i1p1,rcp45,GFDL-ESM2M,2080-2099,22.34,31.53,21.51,17.49,18.71,27.09,17.49,31.3,35.38,25.91,19.15,19.47,19.31,19.43,13.74,14.8,18.17,23.15,28.24
TOWNSVILLE-AERO,32040,-19.25,146.77,r1i1p1,rcp45,GFDL-ESM2M,2080-2099,54.08,61.1,53.76,46.59,54.99,58.8,49.48,58.31,63.25,58.05,52.62,50.62,45.73,46.38,47.67,51.34,55.16,58.47,61.4
WAGGA-WAGGA-AMO,72150,-35.16,147.46,r1i1p1,rcp45,GFDL-ESM2M,2080-2099,41.02,27.95,37.59,59.78,39.06,29.85,52.37,25.67,29.28,29.2,35.25,48.32,64.04,63.86,51.42,47.89,38.66,30.62,27.98
WILLIAMTOWN-RAAF,61078,-32.79,151.84,r1i1p1,rcp45,GFDL-ESM2M,2080-2099,53.78,56.04,57.28,53.92,48.07,56.11,51.57,55.39,57.74,58.95,55.83,57.06,58.09,56.72,46.97,45,45.59,53.61,54.41
WOOMERA-AERODROME,16001,-31.16,136.81,r1i1p1,rcp45,GFDL-ESM2M,2080-2099,26.06,20.49,26.47,37.4,19.96,21.13,31.06,19.46,21.83,21.16,25.29,32.97,44.65,39.21,28.36,21.36,19.84,18.67,19.96
ADELAIDE-KENT-TOWN,23090,-34.92,138.62,r1i1p1,rcp45,HadGEM2-CC,2020-2039,47.66,37.62,47.25,59.54,46.19,40.08,55.23,36.42,36.45,40.92,45.88,54.94,61.53,60.51,56.58,51.73,46.07,40.76,40.18
ALBANY-AIRPORT-COMPARISON,9741,-34.94,117.8,r1i1p1,rcp45,HadGEM2-CC,2020-2039,61.78,56.56,60.1,66.88,63.65,58.15,65.5,55.74,55.68,57.49,58.79,64.03,67.16,67.71,65.75,65.09,63.22,62.64,58.11
ALICE-SPRINGS-AIRPORT,15590,-23.8,133.89,r1i1p1,rcp45,HadGEM2-CC,2020-2039,23.05,21.57,24.42,29.06,17.22,20.17,25.96,17.35,25.95,19.32,20.61,33.33,35.53,30.27,21.38,17.11,18.13,16.41,21.17
AMBERLEY-AMO,40004,-27.63,152.71,r1i1p1,rcp45,HadGEM2-CC,2020-2039,43.35,48.93,47.97,38.96,37.56,47.34,39.39,47.35,51.38,49.43,45.74,48.75,43.92,39.01,33.96,33.02,37.68,41.97,47.96
BRISBANE-AERO,40842,-27.39,153.13,r1i1p1,rcp45,HadGEM2-CC,2020-2039,55.13,60.38,57.79,49.04,53.27,58.77,51.43,59.82,60.89,59.48,56.07,57.82,52.11,49.38,45.65,49.65,53.95,56.21,60.52
BROOME-AIRPORT,3003,-17.95,122.23,r1i1p1,rcp45,HadGEM2-CC,2020-2039,49.3,65.12,44.81,33.32,53.96,58.47,40.17,64.28,68.77,57.37,40.7,36.38,34.82,32.36,32.78,49.44,55.27,57.19,62.3
CAIRNS-AERO,31011,-16.87,145.75,r1i1p1,rcp45,HadGEM2-CC,2020-2039,62.76,67.25,66.38,58.95,58.44,66.01,59.53,65.71,70.09,67.13,66.36,65.65,61.84,56.84,58.17,55.81,58.9,60.63,66.06
CANBERRA-AIRPORT-COMPARISON,70014,-35.3,149.2,r1i1p1,rcp45,HadGEM2-CC,2020-2039,45.1,36.15,44.07,55.15,44.88,38.4,51.73,34.16,37.48,39.11,42.25,50.85,58.41,56.86,50.17,49.02,45.06,40.57,37.22
CARNARVON-AIRPORT,6011,-24.89,113.67,r1i1p1,rcp45,HadGEM2-CC,2020-2039,52.14,54.74,51.94,50.58,51.33,53.74,50.57,54.8,55.27,52.82,53.24,49.78,49.47,52.33,49.94,51.03,50.85,52.1,54.07
CEDUNA-AMO,18012,-32.13,133.7,r1i1p1,rcp45,HadGEM2-CC,2020-2039,46.23,44.85,45.44,50.56,44.06,44.27,48.18,43.89,45.14,43.94,44.64,47.75,51.79,50.71,49.19,46.06,43.59,42.53,45.5
CHARLEVILLE-AERO,44021,-26.42,146.25,r1i1p1,rcp45,HadGEM2-CC,2020-2039,28.13,29.8,28.86,31.83,21.84,27.73,28.38,27.48,33.64,26.56,27.74,32.28,36.77,33.31,25.41,21.23,21.29,23,28.83
COBAR-MO,48027,-31.49,145.83,r1i1p1,rcp45,HadGEM2-CC,2020-2039,34.16,25.64,35.8,45.86,29.28,27.88,40.43,23.58,28.29,30.75,33.8,42.85,49.19,49.07,39.3,32.12,30.02,25.71,25.27
COFFS-HARBOUR-MO,59040,-30.31,153.12,r1i1p1,rcp45,HadGEM2-CC,2020-2039,61.08,66.82,64.36,53.98,59.18,65.77,56.42,65.82,67.07,68.3,61.98,62.79,56.87,54.41,50.66,55.21,58.57,63.77,67.56
DARWIN-AIRPORT,14015,-12.42,130.89,r1i1p1,rcp45,HadGEM2-CC,2020-2039,53.97,70.91,53.43,38.61,53,64.59,43.43,71.5,74.42,65.85,51.18,43.27,37.57,38.02,40.25,48.55,52.95,57.51,66.56
DUBBO-AIRPORT-AWS,65070,-32.22,148.58,r1i1p1,rcp45,HadGEM2-CC,2020-2039,42.25,32.83,41.51,54.62,39.74,34.94,49.62,30.87,33.93,37.34,38.99,48.21,55.77,57.54,50.52,46.07,38.83,33.94,33.76
EAST-SALE-AIRPORT,85072,-38.12,147.13,r1i1p1,rcp45,HadGEM2-CC,2020-2039,56.12,50.69,56.38,61.62,55.73,52.09,60.12,49.24,49.55,52.23,54.89,62.02,64.48,63.23,57.16,58.6,55.25,53.34,53.47
ESPERANCE,9789,-33.83,121.89,r1i1p1,rcp45,HadGEM2-CC,2020-2039,57.41,57.48,56.78,59.06,56.44,56.77,58.09,56.56,58.18,55.69,56.2,58.45,59.34,60.55,57.29,58.62,54.32,56.39,57.37
GERALDTON-AIRPORT-COMPARISON,8051,-28.8,114.7,r1i1p1,rcp45,HadGEM2-CC,2020-2039,48.02,42.78,44.23,56.27,48.88,42.98,53.11,42.71,40.76,40.88,43.67,48.15,52.06,58.71,58.03,54.08,47.64,44.9,44.6
HOBART-ELLERSLIE-ROAD,94029,-42.89,147.33,r1i1p1,rcp45,HadGEM2-CC,2020-2039,55.78,51.98,56.88,60.88,53.49,53.11,58.51,52.19,50.96,53.51,56.31,60.82,64.11,62.14,56.4,54.46,53.14,52.86,52.43
KALGOORLIE-BOULDER-AIRPORT,12038,-30.78,121.45,r1i1p1,rcp45,HadGEM2-CC,2020-2039,32.1,23.73,36.97,42.82,24.92,26.38,37.7,20.21,27.38,30.19,34.38,45.38,45.68,45.59,37.2,29.5,22.83,22.44,23
LAUNCESTON-AIRPORT-COMPARISON,91104,-41.54,147.2,r1i1p1,rcp45,HadGEM2-CC,2020-2039,56.43,45.74,55.44,69.13,55.55,48.24,64.7,45.14,44.95,46.33,54.58,65.42,71.81,71.18,64.41,59.69,55.72,51.24,46.73
LAVERTON-RAAF,87031,-37.86,144.76,r1i1p1,rcp45,HadGEM2-CC,2020-2039,55.81,49.23,55.15,63.71,55.1,50.69,60.84,49.05,47.82,50.44,54.19,60.8,65.76,64.48,60.89,58.66,54.45,52.19,50.98
MACKAY-M.O,33119,-21.12,149.22,r1i1p1,rcp45,HadGEM2-CC,2020-2039,67.76,69.22,70.88,67.77,63.19,68.14,67.4,68.81,71.28,69.15,69.73,73.76,69.47,65.91,67.94,63.99,63.31,62.27,67.51
MEEKATHARRA-AIRPORT,7045,-26.61,118.54,r1i1p1,rcp45,HadGEM2-CC,2020-2039,24.63,17.24,27.43,36.53,17.12,19.22,29.93,14.05,22.53,22.71,27.01,32.57,39.29,40.23,30.07,21.39,16.05,13.91,15.24
MELBOURNE-AIRPORT,86282,-37.68,144.84,r1i1p1,rcp45,HadGEM2-CC,2020-2039,52.62,43.94,51.92,62.66,51.85,46.02,59.1,43.44,42.77,46.1,50.77,58.9,65,64.23,58.76,56.25,51.49,47.81,46
MILDURA-AIRPORT,76031,-34.23,142.08,r1i1p1,rcp45,HadGEM2-CC,2020-2039,36.52,25.87,36.68,50.77,32.74,28.13,44.93,23.87,28.05,29.46,34.6,45.99,53.87,53.52,44.93,39.98,31.27,26.97,25.72
MOREE-AERO,53115,-29.49,149.85,r1i1p1,rcp45,HadGEM2-CC,2020-2039,36.08,34.94,36.27,42.83,30,34.04,38.02,33.62,37.22,35.58,34.29,38.94,45.08,45.68,37.74,31.25,29.41,29.34,34.82
MOUNT-GAMBIER-AERO,26021,-37.75,140.77,r1i1p1,rcp45,HadGEM2-CC,2020-2039,57.89,46.14,56.04,71.03,58.49,48.71,67.16,45.18,42.97,47.27,54.15,66.69,73.89,72.2,66.99,63.41,59.79,52.27,49.85
MOUNT-ISA-AERO,29127,-20.68,139.49,r1i1p1,rcp45,HadGEM2-CC,2020-2039,24.93,33.98,25.77,22.53,17.35,28.48,21.34,32.8,42.02,29.01,21.01,27.31,27.34,23.36,16.88,16.41,16.72,18.93,27.34
NOWRA-RAN-AIR-STATION-AWS,68072,-34.95,150.54,r1i1p1,rcp45,HadGEM2-CC,2020-2039,55.94,59.28,57.97,52.42,53.77,58.52,53.34,58.47,61.56,59.74,55.98,58.2,54.63,54,48.63,50.66,53.75,57.13,58.2
PERTH-AIRPORT,9021,-31.93,115.98,r1i1p1,rcp45,HadGEM2-CC,2020-2039,44.39,33.21,41.44,56.35,46.72,35.87,53.04,32.41,31.49,34.55,40.77,49.01,56.46,58.15,54.43,53.33,46.87,39.97,35.3
PORT-HEDLAND-AIRPORT,4032,-20.37,118.63,r1i1p1,rcp45,HadGEM2-CC,2020-2039,38.73,50.87,36.75,31.99,35.44,44.42,33.15,50.7,54.67,41.62,33.91,34.73,35.46,31.63,28.89,32.05,36.12,38.16,46.86
RICHMOND-RAAF,67105,-33.6,150.78,r1i1p1,rcp45,HadGEM2-CC,2020-2039,46.23,47.41,50.58,46.03,40.77,47.55,44.92,45.72,50.81,51.09,47.62,53.01,50.04,47.86,40.17,38.88,39.53,43.89,46.08
ROCKHAMPTON-AERO,39083,-23.38,150.48,r1i1p1,rcp45,HadGEM2-CC,2020-2039,44.76,50.77,47.55,40.77,39.99,48.29,41.27,50.55,52.07,47.42,46.9,48.32,44.91,39.32,38.08,36.46,40.53,42.98,49.52
SYDNEY-AIRPORT-AMO,66037,-33.94,151.17,r1i1p1,rcp45,HadGEM2-CC,2020-2039,55.05,58.37,58.8,51.17,51.78,57.93,52.21,58.03,60.28,60,56.78,59.63,54.07,52.55,46.89,49.65,50.49,55.19,57.08
TENNANT-CREEK-AIRPORT,15135,-19.64,134.18,r1i1p1,rcp45,HadGEM2-CC,2020-2039,24.36,33.15,24.6,21.61,18.12,27.81,20.9,29.14,42.39,28.08,20.43,25.3,25.85,22.74,16.25,16.86,18.41,19.08,27.78
TOWNSVILLE-AERO,32040,-19.25,146.77,r1i1p1,rcp45,HadGEM2-CC,2020-2039,56.56,63.42,57.53,50.86,54.34,60.47,52.6,62.56,65.92,59.26,56.49,56.85,51.49,48.86,52.22,51.5,54.7,56.83,62.01
WAGGA-WAGGA-AMO,72150,-35.16,147.46,r1i1p1,rcp45,HadGEM2-CC,2020-2039,42.96,26.75,39.39,61.61,43.88,30.03,55.76,24.23,28.24,31.55,36.73,49.9,63.82,64.01,57,54.71,45.13,31.8,28.4
WILLIAMTOWN-RAAF,61078,-32.79,151.84,r1i1p1,rcp45,HadGEM2-CC,2020-2039,54.82,57.15,58.94,52.74,50.45,57.1,52.62,55.9,59.18,60.06,56.49,60.27,56.55,54.45,47.22,47.58,49.65,54.11,56.42
WOOMERA-AERODROME,16001,-31.16,136.81,r1i1p1,rcp45,HadGEM2-CC,2020-2039,28.65,21.21,29.03,40.05,24.27,22.39,34.93,18.42,23.82,22.35,27.28,37.47,45.03,40.76,34.36,27.98,23.97,20.85,21.54
ADELAIDE-KENT-TOWN,23090,-34.92,138.62,r1i1p1,rcp45,HadGEM2-CC,2040-2059,46.85,36.92,46.53,58.69,45.19,39.52,54.15,36.12,35.32,39.88,46.97,52.73,60.7,59.91,55.45,50.62,45.49,39.46,39.51
ALBANY-AIRPORT-COMPARISON,9741,-34.94,117.8,r1i1p1,rcp45,HadGEM2-CC,2040-2059,62.19,56.77,60.65,67.2,64.18,58.48,65.97,56.16,55.63,58.65,58.92,64.38,67.7,68,65.89,65.7,64.12,62.73,58.34
ALICE-SPRINGS-AIRPORT,15590,-23.8,133.89,r1i1p1,rcp45,HadGEM2-CC,2040-2059,23.41,23.86,23.92,28.06,17.88,21.8,25.05,18.53,27.79,18.16,22.99,30.6,35.04,28.84,20.3,16.16,19.37,18.12,24.98
AMBERLEY-AMO,40004,-27.63,152.71,r1i1p1,rcp45,HadGEM2-CC,2040-2059,44.59,50.31,50.22,39.63,38.24,48.83,40.39,48.93,53.34,50.19,48.67,51.81,44.54,39.26,35.08,33.09,38.54,43.08,48.56
BRISBANE-AERO,40842,-27.39,153.13,r1i1p1,rcp45,HadGEM2-CC,2040-2059,56.08,61.18,59.83,49.51,53.78,59.81,52.29,60.59,62.26,59.99,58.77,60.72,52.45,49.32,46.77,49.44,55.03,56.87,60.77
BROOME-AIRPORT,3003,-17.95,122.23,r1i1p1,rcp45,HadGEM2-CC,2040-2059,49.44,65.19,45.72,32.56,54.3,59.12,39.8,65.57,67.86,59.97,41.59,35.6,33.47,30.46,33.76,48.27,57.26,57.37,62.14
CAIRNS-AERO,31011,-16.87,145.75,r1i1p1,rcp45,HadGEM2-CC,2040-2059,62.81,67.26,66.02,58.74,59.2,65.8,59.85,66.31,69.34,65.86,65.74,66.45,61.65,56.65,57.94,56.85,59.55,61.19,66.25
CANBERRA-AIRPORT-COMPARISON,70014,-35.3,149.2,r1i1p1,rcp45,HadGEM2-CC,2040-2059,46.46,38.81,45.78,55.5,45.61,40.78,52.07,36.46,39.45,39.47,45.88,51.98,59.02,57.44,50.03,48.9,45.02,42.9,40.98
CARNARVON-AIRPORT,6011,-24.89,113.67,r1i1p1,rcp45,HadGEM2-CC,2040-2059,52.28,56.24,52.45,49.41,51.06,54.8,49.8,57.29,55.35,55.04,52.96,49.35,48.31,50.86,49.07,50.27,50.91,52,55.98
CEDUNA-AMO,18012,-32.13,133.7,r1i1p1,rcp45,HadGEM2-CC,2040-2059,46.04,45.09,45.47,49.77,43.85,44.52,47.57,44.2,44.77,44.36,45.4,46.65,50.92,50.23,48.16,45.71,43.73,42.1,46.28
CHARLEVILLE-AERO,44021,-26.42,146.25,r1i1p1,rcp45,HadGEM2-CC,2040-2059,30.04,32.77,30.86,32.61,23.72,30.43,29.5,30.28,39.22,25.43,31.81,35.33,38.55,33.52,25.77,22.6,21.21,27.37,29.38
COBAR-MO,48027,-31.49,145.83,r1i1p1,rcp45,HadGEM2-CC,2040-2059,34.74,27.82,35.27,45.87,29.91,29.31,40.14,25.02,31.77,27.88,35.13,42.8,50.14,48.84,38.63,31.56,28.84,29.33,26.9
COFFS-HARBOUR-MO,59040,-30.31,153.12,r1i1p1,rcp45,HadGEM2-CC,2040-2059,62.7,68.75,67.45,54.86,59.75,67.92,57.51,67.8,69.71,69.54,66.46,66.36,57.74,55.3,51.55,54.56,59.56,65.13,68.74
DARWIN-AIRPORT,14015,-12.42,130.89,r1i1p1,rcp45,HadGEM2-CC,2040-2059,53.87,70.79,53.57,37.91,53.3,64.79,43.04,72.03,74.43,66.39,50.92,43.41,36.81,36.59,40.33,48.34,52.74,58.83,65.64
DUBBO-AIRPORT-AWS,65070,-32.22,148.58,r1i1p1,rcp45,HadGEM2-CC,2040-2059,43.91,36.24,42.63,55.33,41.21,37.85,50.05,33.72,37.5,35.91,42.17,49.8,57.7,58.16,50.01,45.72,37.97,39.37,37.56
EAST-SALE-AIRPORT,85072,-38.12,147.13,r1i1p1,rcp45,HadGEM2-CC,2040-2059,55.81,51.18,56.31,60.61,55.07,52.43,59.15,50.17,49.62,52.03,56,60.92,63.55,62.42,55.86,57.54,54.63,53.05,53.93
ESPERANCE,9789,-33.83,121.89,r1i1p1,rcp45,HadGEM2-CC,2040-2059,57.82,57.97,57.4,59.17,56.87,57.42,58.27,57.2,57.96,57.33,56.4,58.45,59.42,60.48,57.6,58.67,55.03,56.91,58.4
GERALDTON-AIRPORT-COMPARISON,8051,-28.8,114.7,r1i1p1,rcp45,HadGEM2-CC,2040-2059,48.25,43.35,44.86,55.99,48.9,43.6,52.97,43.48,40.71,42.86,43.58,48.12,52.07,58.52,57.39,53.57,48.15,44.99,45.61
HOBART-ELLERSLIE-ROAD,94029,-42.89,147.33,r1i1p1,rcp45,HadGEM2-CC,2040-2059,54.25,50.26,55.16,59.29,52.42,51.51,57.06,50.77,49.18,51.77,54.49,59.22,62.11,60.69,55.07,53.53,51.74,51.98,50.49
KALGOORLIE-BOULDER-AIRPORT,12038,-30.78,121.45,r1i1p1,rcp45,HadGEM2-CC,2040-2059,32.22,25.93,36.88,41.84,24.33,27.89,36.47,22.84,29.68,32,34.86,42.94,44.87,44.05,36.6,28.15,22.18,22.65,24.67
LAUNCESTON-AIRPORT-COMPARISON,91104,-41.54,147.2,r1i1p1,rcp45,HadGEM2-CC,2040-2059,55.06,44.65,53.82,67.16,54.74,47.16,63.04,44.52,43.63,45.21,52.88,63.37,69.08,69.5,62.9,58.66,54.72,50.84,45.42
LAVERTON-RAAF,87031,-37.86,144.76,r1i1p1,rcp45,HadGEM2-CC,2040-2059,54.87,49.06,54.08,62.52,53.76,50.19,59.46,49.47,47.41,48.7,54.49,59.05,64.8,63.47,59.27,57.29,52.88,51.12,50.46
MACKAY-M.O,33119,-21.12,149.22,r1i1p1,rcp45,HadGEM2-CC,2040-2059,68.01,69.12,71.54,67.63,63.76,68.29,67.73,68.82,70.85,67.81,71.56,75.25,68.53,66.15,68.21,64.39,63.88,63.02,67.64
MEEKATHARRA-AIRPORT,7045,-26.61,118.54,r1i1p1,rcp45,HadGEM2-CC,2040-2059,24.3,18.87,27.39,34.02,16.73,20.64,27.86,15.67,24.56,25.23,27.02,29.92,37.43,36.43,28.19,19.79,15.39,15.02,16.47
MELBOURNE-AIRPORT,86282,-37.68,144.84,r1i1p1,rcp45,HadGEM2-CC,2040-2059,51.72,43.88,50.91,61.58,50.39,45.6,57.72,43.92,42.46,44.21,51.32,57.2,64.27,63.31,57.15,54.78,49.63,46.77,45.63
MILDURA-AIRPORT,76031,-34.23,142.08,r1i1p1,rcp45,HadGEM2-CC,2040-2059,36.2,26.16,36.35,50.26,32.01,28.26,44.15,24.05,27.71,28.15,36.03,44.86,53.1,53.21,44.46,38.65,30.59,26.78,26.75
MOREE-AERO,53115,-29.49,149.85,r1i1p1,rcp45,HadGEM2-CC,2040-2059,38.45,38.87,39.24,43.62,31.77,37.45,39.34,38.31,42.12,34.96,39.3,43.46,47.33,45.81,37.72,32.64,29.09,33.59,37.05
MOUNT-GAMBIER-AERO,26021,-37.75,140.77,r1i1p1,rcp45,HadGEM2-CC,2040-2059,57.28,45.78,55.76,69.94,57.78,48.32,66.33,45.16,42.59,46.98,54.29,66.02,72.76,71.3,65.76,62.72,59.44,51.16,49.18
MOUNT-ISA-AERO,29127,-20.68,139.49,r1i1p1,rcp45,HadGEM2-CC,2040-2059,24.91,33.72,26.3,21.29,18.26,28.96,20.82,32.89,40.12,27.34,24.66,26.89,26.46,21.42,15.98,16.43,17.71,20.64,28.35
NOWRA-RAN-AIR-STATION-AWS,68072,-34.95,150.54,r1i1p1,rcp45,HadGEM2-CC,2040-2059,57.45,62.03,59.9,53.16,54.38,60.91,53.95,60.77,63.34,60.33,59.6,59.77,55.31,55.1,49.06,50.37,53.93,59.04,62.4
PERTH-AIRPORT,9021,-31.93,115.98,r1i1p1,rcp45,HadGEM2-CC,2040-2059,44.79,33.93,42.47,56.27,46.62,36.8,52.89,33.36,32.6,36.76,41.15,49.49,56.35,58.18,54.29,52.59,46.47,40.79,35.41
PORT-HEDLAND-AIRPORT,4032,-20.37,118.63,r1i1p1,rcp45,HadGEM2-CC,2040-2059,38.68,51.05,37.05,31.25,35.51,44.98,32.48,52.37,53.7,43.1,34.62,33.45,34.22,30.29,29.24,31.14,36.56,38.82,46.69
RICHMOND-RAAF,67105,-33.6,150.78,r1i1p1,rcp45,HadGEM2-CC,2040-2059,47.54,49.77,52.14,46.79,41.34,49.54,45.56,47.92,52.2,51.11,50.61,54.69,50.88,48.94,40.55,38.59,39.7,45.74,49.59
ROCKHAMPTON-AERO,39083,-23.38,150.48,r1i1p1,rcp45,HadGEM2-CC,2040-2059,45.61,51.3,49.18,41.31,40.73,49.12,42.16,50.98,52.99,47.8,49.23,50.52,44.85,39.83,39.25,36.99,41.5,43.69,49.74
SYDNEY-AIRPORT-AMO,66037,-33.94,151.17,r1i1p1,rcp45,HadGEM2-CC,2040-2059,56,60.17,60.11,51.57,52.06,59.48,52.55,59.66,60.96,60.17,59.41,60.75,54.4,53.36,46.94,49.14,50.72,56.32,60.2
TENNANT-CREEK-AIRPORT,15135,-19.64,134.18,r1i1p1,rcp45,HadGEM2-CC,2040-2059,23.95,32.83,24.27,19.88,18.86,28.03,19.86,29.07,39.67,26.48,22.03,24.29,25.12,20.01,14.51,16,19.21,21.38,29.64
TOWNSVILLE-AERO,32040,-19.25,146.77,r1i1p1,rcp45,HadGEM2-CC,2040-2059,56.73,63.41,57.16,50.75,55.52,60.37,53.06,63.44,65.08,56.94,57.16,57.4,51.09,48.81,52.35,52.34,56.35,57.88,61.93
WAGGA-WAGGA-AMO,72150,-35.16,147.46,r1i1p1,rcp45,HadGEM2-CC,2040-2059,43.97,29.51,40.51,61.34,44.28,32.38,55.41,26.68,30.41,31.32,39.96,50.26,64.29,63.9,55.82,54.18,43.98,34.67,32.14
WILLIAMTOWN-RAAF,61078,-32.79,151.84,r1i1p1,rcp45,HadGEM2-CC,2040-2059,55.97,58.67,60.73,53.82,50.62,58.51,53.5,57.62,60.18,60.33,59.3,62.57,57.7,55.74,48.02,47.1,49.84,54.93,58.26
WOOMERA-AERODROME,16001,-31.16,136.81,r1i1p1,rcp45,HadGEM2-CC,2040-2059,28.3,21.34,28.87,38.91,24.02,22.64,33.97,19.07,22.07,21.74,29.4,35.45,43.86,39.92,32.95,27.46,24.15,20.43,23.03
ADELAIDE-KENT-TOWN,23090,-34.92,138.62,r1i1p1,rcp45,HadGEM2-CC,2060-2079,47.29,37.16,46.97,59.07,45.91,39.46,55.09,36.32,36.1,39.54,46.58,54.77,61.44,58.94,56.83,52.73,45.85,39.15,39.24
ALBANY-AIRPORT-COMPARISON,9741,-34.94,117.8,r1i1p1,rcp45,HadGEM2-CC,2060-2079,62.29,56.95,61.06,66.99,64.21,58.73,65.92,56.03,56.01,59.33,59.32,64.55,67.19,67.93,65.85,65.86,64.14,62.62,58.64
ALICE-SPRINGS-AIRPORT,15590,-23.8,133.89,r1i1p1,rcp45,HadGEM2-CC,2060-2079,22.8,21.54,24.67,27.71,17.37,20.71,24.93,19.02,25.91,19.74,23.74,30.54,33.83,27.17,22.13,17.49,18.4,16.22,19.48
AMBERLEY-AMO,40004,-27.63,152.71,r1i1p1,rcp45,HadGEM2-CC,2060-2079,43.64,49.42,48.74,38.25,38.19,48.19,39.13,48.29,52.19,50.02,47.71,48.5,43.4,37.48,33.88,33.11,38.42,43.05,47.68
BRISBANE-AERO,40842,-27.39,153.13,r1i1p1,rcp45,HadGEM2-CC,2060-2079,55.36,60.71,58.65,48.34,53.73,59.51,51.15,60.48,61.57,60.17,58.3,57.46,51.62,47.53,45.87,49.69,54.73,56.76,60.17
BROOME-AIRPORT,3003,-17.95,122.23,r1i1p1,rcp45,HadGEM2-CC,2060-2079,50.01,66.49,46.01,32.98,54.57,59.87,40.19,66.22,70.4,59.58,42.13,36.32,32.62,31,35.32,48.92,56.96,57.83,62.86
CAIRNS-AERO,31011,-16.87,145.75,r1i1p1,rcp45,HadGEM2-CC,2060-2079,62.5,67.39,65.08,58.76,58.73,65.77,59.25,66.33,69.59,65.37,65.93,63.94,60.73,56.4,59.16,56.64,58.64,60.92,66.38
CANBERRA-AIRPORT-COMPARISON,70014,-35.3,149.2,r1i1p1,rcp45,HadGEM2-CC,2060-2079,46.39,38.48,45.7,55.3,45.93,40.33,52.38,37.53,39.3,40.44,44.41,52.24,59,55.8,51.09,50.27,45.86,41.68,39.03
CARNARVON-AIRPORT,6011,-24.89,113.67,r1i1p1,rcp45,HadGEM2-CC,2060-2079,52.42,56.58,52.67,48.84,51.62,55.11,49.76,56.45,57.33,54.14,53.86,50.01,47.91,49.47,49.14,51.27,50.72,52.86,55.85
CEDUNA-AMO,18012,-32.13,133.7,r1i1p1,rcp45,HadGEM2-CC,2060-2079,46.13,45.16,45.55,50.16,43.67,44.37,47.89,44.39,45.7,44.03,45.5,47.11,50.92,49.9,49.67,46.44,43.3,41.26,45.36
CHARLEVILLE-AERO,44021,-26.42,146.25,r1i1p1,rcp45,HadGEM2-CC,2060-2079,28.05,29.72,29.02,30.53,22.76,28.14,27.83,29.54,33.42,25.38,28.76,32.93,35.7,30.71,25.2,21.99,20.44,25.84,26.72
COBAR-MO,48027,-31.49,145.83,r1i1p1,rcp45,HadGEM2-CC,2060-2079,34.32,27.19,35.66,44.5,29.86,28.82,39.8,27.88,29.5,30.2,34.23,42.54,48.6,45.4,39.5,33.48,29.28,26.83,24.4
COFFS-HARBOUR-MO,59040,-30.31,153.12,r1i1p1,rcp45,HadGEM2-CC,2060-2079,61.92,68.4,65.84,53.58,59.87,67.44,56.43,67.94,68.74,69.49,64.81,63.21,56.94,53.15,50.67,54.57,60.03,65.01,68.51
DARWIN-AIRPORT,14015,-12.42,130.89,r1i1p1,rcp45,HadGEM2-CC,2060-2079,53.57,70.29,53.03,38.42,52.63,64.34,42.89,71.15,73.83,66.26,51.02,41.81,36.31,37.13,41.84,48.89,51.38,57.64,65.63
DUBBO-AIRPORT-AWS,65070,-32.22,148.58,r1i1p1,rcp45,HadGEM2-CC,2060-2079,44.06,36.3,43.1,54.43,42.14,37.8,50.38,36.29,36.9,38.59,41.22,49.48,56.5,55.26,51.57,48.17,40.61,37.21,35.91
EAST-SALE-AIRPORT,85072,-38.12,147.13,r1i1p1,rcp45,HadGEM2-CC,2060-2079,55.86,50.72,56.42,60.91,55.32,52.1,59.58,50.22,49.56,51.85,55.56,61.85,64.13,61.54,57.07,58.19,54.69,53.08,52.56
ESPERANCE,9789,-33.83,121.89,r1i1p1,rcp45,HadGEM2-CC,2060-2079,57.91,57.91,57.52,59.1,57.23,57.54,58.33,57.11,58.13,57.22,57.35,57.98,59.47,60.38,57.45,58.92,55.77,57.01,58.14
GERALDTON-AIRPORT-COMPARISON,8051,-28.8,114.7,r1i1p1,rcp45,HadGEM2-CC,2060-2079,48.18,43.75,45.09,55.21,48.74,43.89,52.53,43.3,41.35,42.94,44.31,48.01,51.83,57.26,56.54,54.06,47.46,44.71,46.32
HOBART-ELLERSLIE-ROAD,94029,-42.89,147.33,r1i1p1,rcp45,HadGEM2-CC,2060-2079,54.63,50.49,55.68,59.91,52.56,51.8,57.53,50.92,49.49,52.16,55.37,59.51,63.28,60.56,55.9,53.95,51.97,51.77,50.72
KALGOORLIE-BOULDER-AIRPORT,12038,-30.78,121.45,r1i1p1,rcp45,HadGEM2-CC,2060-2079,32.5,25.95,36.68,42.45,25.04,27.78,37.13,23.12,31.28,30.74,34.81,43.56,46.42,43.32,37.59,29.61,22.28,23.21,22.85
LAUNCESTON-AIRPORT-COMPARISON,91104,-41.54,147.2,r1i1p1,rcp45,HadGEM2-CC,2060-2079,55.33,44.79,54.36,67.78,54.52,47.35,63.39,44.62,43.98,45.35,53.99,63.75,70.46,69.1,63.78,58.73,54.51,50.33,45.38
LAVERTON-RAAF,87031,-37.86,144.76,r1i1p1,rcp45,HadGEM2-CC,2060-2079,55.23,48.9,54.47,63,54.49,50.04,60.33,49.75,47.7,48.51,54.24,60.65,65.5,62.62,60.86,58.84,53.52,51.1,49.42
MACKAY-M.O,33119,-21.12,149.22,r1i1p1,rcp45,HadGEM2-CC,2060-2079,67.28,68.62,70.39,66.89,63.21,67.98,66.59,67.81,70.54,67.81,71.45,71.91,66.92,64.56,69.2,64,62.93,62.71,67.48
MEEKATHARRA-AIRPORT,7045,-26.61,118.54,r1i1p1,rcp45,HadGEM2-CC,2060-2079,24.56,19.55,27.07,34.55,16.91,20.7,28.32,16.62,26.92,24.02,26.47,30.71,38.37,35.28,30.01,21.12,14.47,15.13,15.1
MELBOURNE-AIRPORT,86282,-37.68,144.84,r1i1p1,rcp45,HadGEM2-CC,2060-2079,52.08,43.67,51.29,62.05,51.18,45.38,58.66,44.16,42.74,44.08,50.91,58.88,64.91,62.46,58.78,56.56,50.37,46.63,44.46
MILDURA-AIRPORT,76031,-34.23,142.08,r1i1p1,rcp45,HadGEM2-CC,2060-2079,36.28,26.35,36.55,49.95,32.28,28.11,44.47,25.26,28.09,28.29,35.51,45.86,53.33,50.82,45.69,40.7,30.44,25.7,25.71
MOREE-AERO,53115,-29.49,149.85,r1i1p1,rcp45,HadGEM2-CC,2060-2079,37.22,36.95,37.82,41.8,32.04,36.29,38.06,37.22,39.03,36.12,36.58,40.78,45.24,42.95,37.2,32.29,29.9,33.93,35.44
MOUNT-GAMBIER-AERO,26021,-37.75,140.77,r1i1p1,rcp45,HadGEM2-CC,2060-2079,57.57,45.77,56.29,70.06,58.29,48.43,66.79,45.03,42.95,46.92,54.93,67,73.46,70.45,66.27,63.54,60.02,51.3,48.92
MOUNT-ISA-AERO,29127,-20.68,139.49,r1i1p1,rcp45,HadGEM2-CC,2060-2079,23.44,30.76,25.47,20.7,16.76,26.94,19.9,31.59,36.09,27.47,23.61,25.34,24.79,20.15,17.14,16.2,15.75,18.32,24.78
NOWRA-RAN-AIR-STATION-AWS,68072,-34.95,150.54,r1i1p1,rcp45,HadGEM2-CC,2060-2079,57.4,62.17,59.93,52.71,54.45,60.9,53.86,62.35,63.99,61.91,58.39,59.51,55.52,53.31,49.29,50.77,54.61,58.21,60.57
PERTH-AIRPORT,9021,-31.93,115.98,r1i1p1,rcp45,HadGEM2-CC,2060-2079,44.42,33.75,42.5,55.69,45.9,36.63,52.33,32.43,32.9,36.82,42.14,48.55,56.18,57.53,53.37,53.06,45.31,39.32,35.48
PORT-HEDLAND-AIRPORT,4032,-20.37,118.63,r1i1p1,rcp45,HadGEM2-CC,2060-2079,39.1,52.17,37.46,31.26,35.66,45.44,32.87,52.2,56.44,42.71,34.71,34.95,33.6,30.41,29.78,31.63,36.87,38.47,47.47
RICHMOND-RAAF,67105,-33.6,150.78,r1i1p1,rcp45,HadGEM2-CC,2060-2079,47.72,50.27,52.3,46.37,41.83,49.95,45.51,49.57,52.92,53.02,49.95,53.94,50.92,47.16,41.02,39.06,40.98,45.45,48.71
ROCKHAMPTON-AERO,39083,-23.38,150.48,r1i1p1,rcp45,HadGEM2-CC,2060-2079,44.38,49.94,47.67,40.07,39.92,48.02,40.8,49.33,51.64,46.93,48.34,47.73,43.55,38.02,38.64,36.47,40.38,42.9,48.67
SYDNEY-AIRPORT-AMO,66037,-33.94,151.17,r1i1p1,rcp45,HadGEM2-CC,2060-2079,56.14,60.62,60.26,51.21,52.35,59.88,52.42,61.15,61.84,61.8,58.92,60.05,54.68,51.54,47.42,49.23,51.61,56.2,59.18
TENNANT-CREEK-AIRPORT,15135,-19.64,134.18,r1i1p1,rcp45,HadGEM2-CC,2060-2079,23.23,31.24,24.95,19.48,17.28,27.26,19.19,30.65,37.3,28.71,23.07,23.06,23.08,18.87,16.47,16.02,17.64,18.19,25.66
TOWNSVILLE-AERO,32040,-19.25,146.77,r1i1p1,rcp45,HadGEM2-CC,2060-2079,55.89,63.01,56.03,49.9,54.54,59.97,51.77,62.64,64.65,57,56.69,54.41,49.37,47.83,52.5,51.72,54.8,57.09,61.97
WAGGA-WAGGA-AMO,72150,-35.16,147.46,r1i1p1,rcp45,HadGEM2-CC,2060-2079,44.1,28.85,40.62,61.49,45.22,31.64,56.42,27.8,29.63,31.91,38.84,51.12,63.96,62.37,58.13,57.71,45.22,32.73,29.76
WILLIAMTOWN-RAAF,61078,-32.79,151.84,r1i1p1,rcp45,HadGEM2-CC,2060-2079,56.06,59.4,60.49,53.17,51.17,59.07,53.13,58.8,60.91,62,58.75,60.72,57.8,54.01,47.69,47.34,51.25,54.93,58.57
WOOMERA-AERODROME,16001,-31.16,136.81,r1i1p1,rcp45,HadGEM2-CC,2060-2079,28.05,21.02,28.68,38.87,23.58,22.02,34.09,18.66,23.41,21.37,28.2,36.48,43.32,38.13,35.17,28.46,23,19.28,21.12
ADELAIDE-KENT-TOWN,23090,-34.92,138.62,r1i1p1,rcp45,HadGEM2-CC,2080-2099,46.92,37.17,47.08,58.49,45.08,39.68,54.26,36.49,36.96,41.43,45.99,53.82,59.76,60.55,55.17,50.98,45.26,39.01,37.66
ALBANY-AIRPORT-COMPARISON,9741,-34.94,117.8,r1i1p1,rcp45,HadGEM2-CC,2080-2099,61.95,56.46,61.05,66.4,63.93,58.31,65.68,56.13,54.93,58.54,59.37,65.24,67.67,66.31,65.22,65.48,64.18,62.12,58.23
ALICE-SPRINGS-AIRPORT,15590,-23.8,133.89,r1i1p1,rcp45,HadGEM2-CC,2080-2099,22.63,20.84,24.15,28.25,17.07,19.98,25.19,17.6,25.27,18.45,23.37,30.65,34.2,29.55,20.98,16.64,19.1,15.47,20.26
AMBERLEY-AMO,40004,-27.63,152.71,r1i1p1,rcp45,HadGEM2-CC,2080-2099,44.1,50.02,48.74,39.31,38.44,48.45,39.83,48.79,52.22,49.11,48.34,48.78,43.66,39.27,35,34.05,38.25,43.02,48.76
BRISBANE-AERO,40842,-27.39,153.13,r1i1p1,rcp45,HadGEM2-CC,2080-2099,56.28,61.43,59.02,49.93,54.65,60.06,52.4,61.07,62.09,59.67,59.31,58.09,52.21,49.98,47.6,51.3,55.21,57.44,61.45
BROOME-AIRPORT,3003,-17.95,122.23,r1i1p1,rcp45,HadGEM2-CC,2080-2099,50.02,65.73,45.57,33.73,55,59.51,40.52,64.74,68.92,59.63,42.24,34.85,35.72,30.33,35.15,50.47,56.6,57.94,63.72
CAIRNS-AERO,31011,-16.87,145.75,r1i1p1,rcp45,HadGEM2-CC,2080-2099,62.6,67.37,65.04,59.02,59.07,65.66,59.67,67.06,68.53,65.34,65.67,64.11,61.32,56.08,59.66,57.77,59.06,60.39,66.18
CANBERRA-AIRPORT-COMPARISON,70014,-35.3,149.2,r1i1p1,rcp45,HadGEM2-CC,2080-2099,45.74,38.28,44.72,55.44,44.77,39.88,51.7,37.76,38.87,38.83,44.39,50.95,58.54,58.15,49.63,48.91,44.02,41.37,37.42
CARNARVON-AIRPORT,6011,-24.89,113.67,r1i1p1,rcp45,HadGEM2-CC,2080-2099,52.34,55.4,52.96,49.8,51.12,54.62,50.05,54.49,56.16,53.82,54.42,50.65,49.59,49.68,50.13,50.63,49.6,53.13,55.76
CEDUNA-AMO,18012,-32.13,133.7,r1i1p1,rcp45,HadGEM2-CC,2080-2099,46.01,44.52,45.8,49.96,43.89,44.17,47.94,43.99,45.04,44.51,45.36,47.53,50.74,50.58,48.57,46.51,43.69,41.47,44.16
CHARLEVILLE-AERO,44021,-26.42,146.25,r1i1p1,rcp45,HadGEM2-CC,2080-2099,27.8,29.44,28.44,30.95,22.52,27.8,28.02,28.42,33.57,24.5,29.13,31.71,36.2,32.5,24.14,22.53,21.01,24.02,25.93
COBAR-MO,48027,-31.49,145.83,r1i1p1,rcp45,HadGEM2-CC,2080-2099,33.56,26.96,35.03,44.23,28.3,28.54,38.87,27.1,29.24,29.38,34.37,41.35,47.57,48.23,36.91,31.89,27.3,25.73,23.72
COFFS-HARBOUR-MO,59040,-30.31,153.12,r1i1p1,rcp45,HadGEM2-CC,2080-2099,62.2,68.35,65.41,54.59,60.54,67.39,57.07,67.4,68.32,67.73,65.71,62.8,57.28,55.18,51.32,56.27,59.54,65.82,69.04
DARWIN-AIRPORT,14015,-12.42,130.89,r1i1p1,rcp45,HadGEM2-CC,2080-2099,53.1,69.23,52.23,37.99,52.84,63.45,42.71,70.11,72.11,65.37,50.21,41.11,37.45,36.35,40.17,49.01,52.18,57.32,65.79
DUBBO-AIRPORT-AWS,65070,-32.22,148.58,r1i1p1,rcp45,HadGEM2-CC,2080-2099,42.7,34.99,41.41,54.32,40.28,36.41,49.23,35.03,34.55,35.6,40.71,47.93,55.3,58.13,49.43,46.85,36.84,36.57,34.56
EAST-SALE-AIRPORT,85072,-38.12,147.13,r1i1p1,rcp45,HadGEM2-CC,2080-2099,55.35,50.92,55.39,60.92,54.5,51.82,59.19,50.19,49.91,50.59,54.73,60.86,63.87,63.2,55.69,57.44,54.08,51.99,51.71
ESPERANCE,9789,-33.83,121.89,r1i1p1,rcp45,HadGEM2-CC,2080-2099,57.55,57.66,57.66,58.37,56.48,57.14,57.96,57.3,57.86,57.16,56.7,59.12,59.25,59.13,56.73,58.09,55.44,55.91,57.88
GERALDTON-AIRPORT-COMPARISON,8051,-28.8,114.7,r1i1p1,rcp45,HadGEM2-CC,2080-2099,48.23,43.46,45.43,55.26,48.66,43.76,52.69,42.31,41.7,42.28,44.63,49.37,53.02,56.2,56.56,53.45,47.53,45.01,46.63
HOBART-ELLERSLIE-ROAD,94029,-42.89,147.33,r1i1p1,rcp45,HadGEM2-CC,2080-2099,54.16,50.03,54.87,59.72,52.38,51.34,57.18,50.08,49.21,51.4,54.68,58.52,63.15,60.76,55.25,53.43,52,51.7,49.79
KALGOORLIE-BOULDER-AIRPORT,12038,-30.78,121.45,r1i1p1,rcp45,HadGEM2-CC,2080-2099,31.88,25.29,36.73,41.23,24.38,27.29,36.45,22.46,29.22,30.98,34.97,43.36,45.25,42.36,36.09,29.56,22.05,21.51,23.54
LAUNCESTON-AIRPORT-COMPARISON,91104,-41.54,147.2,r1i1p1,rcp45,HadGEM2-CC,2080-2099,55.1,44.57,53.61,67.61,54.8,47.14,63.12,43.87,43.98,44.3,54.13,62.39,70.22,69.55,63.08,58.73,54.76,50.9,45.31
LAVERTON-RAAF,87031,-37.86,144.76,r1i1p1,rcp45,HadGEM2-CC,2080-2099,54.65,48.75,54.22,62.67,53.21,49.84,59.66,49.84,47.8,48.95,53.44,60.28,64.98,64.31,58.73,57.24,52.44,49.96,47.84
MACKAY-M.O,33119,-21.12,149.22,r1i1p1,rcp45,HadGEM2-CC,2080-2099,67.28,68.7,69.95,67.11,63.58,67.78,67,68.91,69.46,67.11,70.99,71.75,67.05,65.11,69.15,65.72,63.23,61.79,67.07
MEEKATHARRA-AIRPORT,7045,-26.61,118.54,r1i1p1,rcp45,HadGEM2-CC,2080-2099,24.34,18.97,27.5,34.56,16.13,20.48,28.14,15.41,25.29,24.87,27.1,30.52,38.81,35.72,29.15,20.13,14.54,13.72,16.44
MELBOURNE-AIRPORT,86282,-37.68,144.84,r1i1p1,rcp45,HadGEM2-CC,2080-2099,51.4,43.65,50.99,61.67,49.61,45.22,57.85,44.31,43.15,44.54,50.01,58.4,64.03,64.31,56.67,54.63,49.05,45.16,42.56
MILDURA-AIRPORT,76031,-34.23,142.08,r1i1p1,rcp45,HadGEM2-CC,2080-2099,35.99,26.18,36.31,50.15,31.43,27.96,44.13,25.48,28.85,29.18,34.64,45.1,52.87,54.11,43.48,38.6,30.61,25.07,23.83
MOREE-AERO,53115,-29.49,149.85,r1i1p1,rcp45,HadGEM2-CC,2080-2099,36.72,37.04,36.54,42.12,31.43,35.65,37.93,36.3,38.41,32.86,37.11,39.64,45.14,45.21,36.01,33.2,28.41,32.68,35.63
MOUNT-GAMBIER-AERO,26021,-37.75,140.77,r1i1p1,rcp45,HadGEM2-CC,2080-2099,57.28,45.72,55.85,70.27,57.52,48.27,66.49,44.99,43.59,47.24,53.99,66.33,73.19,71.78,65.84,62.56,59.23,50.78,47.85
MOUNT-ISA-AERO,29127,-20.68,139.49,r1i1p1,rcp45,HadGEM2-CC,2080-2099,23.54,30.36,25.05,21.21,17.5,26.93,20.13,29.83,36.22,27.54,23.71,23.88,25.62,21.74,16.28,16.36,16.9,19.23,25.18
NOWRA-RAN-AIR-STATION-AWS,68072,-34.95,150.54,r1i1p1,rcp45,HadGEM2-CC,2080-2099,56.57,61.1,59.1,52.85,53.22,60.07,53.18,61.4,62.27,59.93,59.07,58.32,55.31,54.98,48.27,49.7,52.28,57.8,59.14
PERTH-AIRPORT,9021,-31.93,115.98,r1i1p1,rcp45,HadGEM2-CC,2080-2099,44.18,33.37,42.33,55.39,45.59,36.09,52.29,32.09,32.23,36.31,40.77,49.9,56.65,56.31,53.21,52.03,45.66,39.08,35.96
PORT-HEDLAND-AIRPORT,4032,-20.37,118.63,r1i1p1,rcp45,HadGEM2-CC,2080-2099,39,50.75,37.46,32,35.61,44.85,33.12,50.39,54.27,43.55,35.24,33.61,35.48,30.39,30.12,32.38,36.76,37.7,48.13
RICHMOND-RAAF,67105,-33.6,150.78,r1i1p1,rcp45,HadGEM2-CC,2080-2099,46.94,49.51,51.56,46.16,40.72,49.35,44.65,48.93,51.37,51.44,50.41,52.85,50.4,48.39,39.69,38.38,38.19,45.61,47.62
ROCKHAMPTON-AERO,39083,-23.38,150.48,r1i1p1,rcp45,HadGEM2-CC,2080-2099,44.57,50.37,47.09,40.79,40.19,48.05,41.26,50.39,51.5,46.29,47.91,47.06,43.98,39.28,39.13,37.44,40.66,42.48,48.68
SYDNEY-AIRPORT-AMO,66037,-33.94,151.17,r1i1p1,rcp45,HadGEM2-CC,2080-2099,55.61,59.89,59.91,51.3,51.54,59.46,51.89,60.29,60.6,60.82,59.66,59.24,54.39,53.2,46.32,48.92,49.29,56.41,58.21
TENNANT-CREEK-AIRPORT,15135,-19.64,134.18,r1i1p1,rcp45,HadGEM2-CC,2080-2099,23.11,30.28,23.67,20.32,18.05,26.34,19.78,28.6,36.79,25.93,22.41,22.66,24.38,20.92,15.67,16.53,18.55,19.07,25.77
TOWNSVILLE-AERO,32040,-19.25,146.77,r1i1p1,rcp45,HadGEM2-CC,2080-2099,56.09,63.1,56.06,50.29,55,59.98,52.3,63.31,63.87,57.28,56.49,54.41,50.11,47.54,53.23,53.44,55.07,56.5,61.78
WAGGA-WAGGA-AMO,72150,-35.16,147.46,r1i1p1,rcp45,HadGEM2-CC,2080-2099,43.14,28.86,39.63,61.07,43.31,31.26,55.2,27.94,29.75,30.52,38.29,50.07,62.51,64.79,55.92,54.59,43.34,31.98,27.97
WILLIAMTOWN-RAAF,61078,-32.79,151.84,r1i1p1,rcp45,HadGEM2-CC,2080-2099,55.44,58.26,60.13,53.02,50.54,58.31,52.69,57.86,59.27,60.19,59.67,60.51,57.04,55.08,46.94,47.64,48.91,55.07,57.05
WOOMERA-AERODROME,16001,-31.16,136.81,r1i1p1,rcp45,HadGEM2-CC,2080-2099,27.94,20.85,28.81,39,23.18,22.01,33.94,19.06,23.56,22.57,28.02,35.84,43.52,40.48,32.98,27.29,23.53,18.73,19.71
ADELAIDE-KENT-TOWN,23090,-34.92,138.62,r1i1p1,rcp45,MIROC5,2020-2039,48.02,38.31,47.87,59.74,46.1,40.71,55.3,37.5,36.66,40.68,46.86,56.08,61.97,61.17,56.07,51.14,45.39,41.78,40.95
ALBANY-AIRPORT-COMPARISON,9741,-34.94,117.8,r1i1p1,rcp45,MIROC5,2020-2039,62.03,56.49,60.31,67.08,64.32,58.3,65.85,55.48,56.09,59.04,57.9,63.98,67.6,67.81,65.83,65.76,64.1,63.1,57.72
ALICE-SPRINGS-AIRPORT,15590,-23.8,133.89,r1i1p1,rcp45,MIROC5,2020-2039,24.18,23.01,25.78,29.62,18.4,22.63,25.77,19.84,24.48,22.41,23.96,30.98,35.01,30.62,23.24,15.64,19.13,20.44,24.43
AMBERLEY-AMO,40004,-27.63,152.71,r1i1p1,rcp45,MIROC5,2020-2039,44.89,49.82,50.36,40.52,38.91,48.94,40.88,48.1,54.29,51.3,49.34,50.43,44.74,39.95,36.87,33.83,39.46,43.43,46.96
BRISBANE-AERO,40842,-27.39,153.13,r1i1p1,rcp45,MIROC5,2020-2039,56.6,61.19,59.87,50.72,54.6,60.24,52.89,60.6,63.64,60.93,59.77,58.9,52.96,50.01,49.2,50.52,55.78,57.49,59.39
BROOME-AIRPORT,3003,-17.95,122.23,r1i1p1,rcp45,MIROC5,2020-2039,49.85,65.34,46.69,33,54.37,60.42,39.32,64.85,69.23,61.49,42.78,35.81,34.02,31.93,33.04,44.35,56.77,62,61.92
CAIRNS-AERO,31011,-16.87,145.75,r1i1p1,rcp45,MIROC5,2020-2039,63.35,67.23,67.91,59.92,58.29,66.79,59.92,65.25,71.08,69.73,68.96,65.03,61.89,59.75,58.12,55.86,58.87,60.14,65.48
CANBERRA-AIRPORT-COMPARISON,70014,-35.3,149.2,r1i1p1,rcp45,MIROC5,2020-2039,47.27,38.72,47.02,57.05,46.13,40.87,53.59,37.73,41.23,40.69,45.54,54.84,61.05,58.23,51.87,49.38,46.17,42.84,37.62
CARNARVON-AIRPORT,6011,-24.89,113.67,r1i1p1,rcp45,MIROC5,2020-2039,53.26,57.67,53.89,50.34,51.19,56.15,50.4,56.52,59.99,57,53.5,51.17,50.65,51.67,48.7,49.84,50.39,53.32,56.41
CEDUNA-AMO,18012,-32.13,133.7,r1i1p1,rcp45,MIROC5,2020-2039,46.47,45.58,45.51,50.47,44.33,44.82,48.13,44.73,45.51,43.48,45.01,48.04,51.51,51.31,48.58,45.41,43.9,43.69,46.49
CHARLEVILLE-AERO,44021,-26.42,146.25,r1i1p1,rcp45,MIROC5,2020-2039,29.11,29.22,31.84,33.15,22.09,28.77,29.33,26.97,35.67,29.5,31.07,34.96,37.34,34.78,27.32,20.75,20.81,24.7,25.5
COBAR-MO,48027,-31.49,145.83,r1i1p1,rcp45,MIROC5,2020-2039,35.15,27.64,36.95,45.89,30.05,29.44,40.84,26.04,32.91,30.54,34.68,45.62,49.85,47.85,39.97,31.69,30.07,28.39,24.17
COFFS-HARBOUR-MO,59040,-30.31,153.12,r1i1p1,rcp45,MIROC5,2020-2039,62.04,67.07,66.02,54.99,60.07,66.45,57.64,65.86,69.59,68.17,65.52,64.38,57.66,54.12,53.19,55.89,60.58,63.72,65.74
DARWIN-AIRPORT,14015,-12.42,130.89,r1i1p1,rcp45,MIROC5,2020-2039,53.48,69.67,54.6,37.78,51.95,64.72,42.32,69.66,73.06,67.45,53.11,43.23,36.49,37.36,39.49,45.56,51.81,58.49,66.04
DUBBO-AIRPORT-AWS,65070,-32.22,148.58,r1i1p1,rcp45,MIROC5,2020-2039,44.63,35.36,44.76,56.42,41.64,37.56,51.76,34.38,39.21,38.81,42.17,53.3,58.76,58.02,52.44,46.89,40.3,37.29,32.81
EAST-SALE-AIRPORT,85072,-38.12,147.13,r1i1p1,rcp45,MIROC5,2020-2039,56.29,51.6,56.03,61.7,55.75,52.63,59.91,51.02,51.01,51.15,54.73,62.22,65.03,63.23,56.85,57.23,54.9,55.12,52.95
ESPERANCE,9789,-33.83,121.89,r1i1p1,rcp45,MIROC5,2020-2039,57.76,57.13,57.33,59.2,57.5,57.34,58.23,56.53,57.27,57.82,56.73,57.43,59.85,60.17,57.59,57.93,56.4,58.16,57.24
GERALDTON-AIRPORT-COMPARISON,8051,-28.8,114.7,r1i1p1,rcp45,MIROC5,2020-2039,48.4,44.33,44.75,56.1,48.53,43.99,52.88,43.25,42.98,43.43,42.1,48.72,53.33,58.42,56.56,53.1,47.17,45.32,46.47
HOBART-ELLERSLIE-ROAD,94029,-42.89,147.33,r1i1p1,rcp45,MIROC5,2020-2039,55.88,52.46,56.59,60.97,53.61,53.37,58.46,53.2,51.34,52.84,56.49,60.45,63.81,62.1,57,54.84,52.54,53.45,52.47
KALGOORLIE-BOULDER-AIRPORT,12038,-30.78,121.45,r1i1p1,rcp45,MIROC5,2020-2039,32.77,25,37.87,42.63,25.66,28.29,37.15,22.06,28.93,31.7,37.17,43.78,45.94,44.25,37.69,27.8,23.46,25.72,23.43
LAUNCESTON-AIRPORT-COMPARISON,91104,-41.54,147.2,r1i1p1,rcp45,MIROC5,2020-2039,55.83,45.86,54.59,68.29,54.7,48.07,63.66,46.04,44.99,44.89,54.45,64.42,70.43,70.45,63.99,58.59,54.07,51.44,46.16
LAVERTON-RAAF,87031,-37.86,144.76,r1i1p1,rcp45,MIROC5,2020-2039,56.11,50.15,55.79,63.55,54.9,51.43,60.71,50.28,48.82,50.23,54.56,62.59,66.42,64.13,60.11,57.68,53.32,53.7,51.53
MACKAY-M.O,33119,-21.12,149.22,r1i1p1,rcp45,MIROC5,2020-2039,68.84,69.68,73.63,68.95,63.13,69.99,67.71,68.69,73.46,74.68,73.29,72.93,68.49,68.67,69.7,62.26,64.22,62.91,66.83
MEEKATHARRA-AIRPORT,7045,-26.61,118.54,r1i1p1,rcp45,MIROC5,2020-2039,25.48,19.46,28.85,35.72,17.7,21.78,29.07,16.52,25.61,23.85,29.8,32.88,39.81,38.03,29.33,18.91,15.46,18.73,16.3
MELBOURNE-AIRPORT,86282,-37.68,144.84,r1i1p1,rcp45,MIROC5,2020-2039,53.07,45.06,52.72,62.57,51.79,46.9,59.11,44.88,43.84,45.91,51.19,61.05,65.75,63.91,58.04,55.43,50.46,49.47,46.85
MILDURA-AIRPORT,76031,-34.23,142.08,r1i1p1,rcp45,MIROC5,2020-2039,37.24,27.06,37.88,51.35,32.66,29.03,45.47,25.22,28.55,29.39,35.35,48.89,54.76,53.71,45.59,38.61,31.24,28.14,27.45
MOREE-AERO,53115,-29.49,149.85,r1i1p1,rcp45,MIROC5,2020-2039,37.49,35.05,38.7,44.42,31.53,35.02,39.87,33.9,39.93,36.06,36.97,43.06,46.74,46.54,39.98,32.35,30.53,31.7,32.09
MOUNT-GAMBIER-AERO,26021,-37.75,140.77,r1i1p1,rcp45,MIROC5,2020-2039,58.16,46.27,56.67,71.24,58.59,49.02,67.39,45.4,43.41,47.26,54.87,67.87,74.48,72.69,66.56,63.62,59.14,53,49.6
MOUNT-ISA-AERO,29127,-20.68,139.49,r1i1p1,rcp45,MIROC5,2020-2039,25.57,32.51,28.95,22.34,18.4,30.37,20.73,30.72,36.33,33.3,27.24,26.31,26.27,23.54,17.2,14.55,16.51,24.15,30.73
NOWRA-RAN-AIR-STATION-AWS,68072,-34.95,150.54,r1i1p1,rcp45,MIROC5,2020-2039,58.04,61.88,60.35,54.51,55.09,60.87,55.18,61.84,65.5,60.65,59.35,61.06,57.34,55.33,50.84,50.81,55.51,59.19,58.69
PERTH-AIRPORT,9021,-31.93,115.98,r1i1p1,rcp45,MIROC5,2020-2039,45.19,34.89,42.55,56.86,46.61,37.3,53.2,33.77,33.24,36.74,41.06,49.86,57.74,58.26,54.58,52.52,46.24,41.05,37.19
PORT-HEDLAND-AIRPORT,4032,-20.37,118.63,r1i1p1,rcp45,MIROC5,2020-2039,38.47,50.56,37.44,30.79,35.19,45.42,31.61,50.75,54.78,43.52,35.39,33.43,34.45,30.36,27.55,28.4,35.5,41.69,45.77
RICHMOND-RAAF,67105,-33.6,150.78,r1i1p1,rcp45,MIROC5,2020-2039,48.42,49.88,53.16,48.11,42.4,49.96,46.89,48.28,55,52.35,51.12,56.01,52.8,49.12,42.42,39.41,41.6,46.19,46.74
ROCKHAMPTON-AERO,39083,-23.38,150.48,r1i1p1,rcp45,MIROC5,2020-2039,46.22,51.44,50.9,42.18,40.42,50.32,42.16,50.59,55.03,52.61,50.86,49.23,44.94,41.43,40.15,35.9,41.33,44.02,48.52
SYDNEY-AIRPORT-AMO,66037,-33.94,151.17,r1i1p1,rcp45,MIROC5,2020-2039,56.73,60.15,60.74,53.06,52.88,59.75,53.74,59.86,63.72,60.9,59.94,61.38,56.54,53.65,48.99,49.68,52.23,56.72,57.17
TENNANT-CREEK-AIRPORT,15135,-19.64,134.18,r1i1p1,rcp45,MIROC5,2020-2039,23.97,30.98,25.98,20.68,18.28,28.11,19.81,29.65,33.44,29.03,24.14,24.76,24.66,21.83,15.55,13.79,18.3,22.76,29.74
TOWNSVILLE-AERO,32040,-19.25,146.77,r1i1p1,rcp45,MIROC5,2020-2039,57.46,63.21,59.71,51.87,54.99,61.63,53.26,61.9,66.82,62.95,59.75,56.43,51.79,51.13,52.68,51.06,56.44,57.47,61.15
WAGGA-WAGGA-AMO,72150,-35.16,147.46,r1i1p1,rcp45,MIROC5,2020-2039,44.88,29.4,42.15,62.87,44.87,32.48,57.14,27.56,31.92,32.73,39.37,54.34,65.88,64.85,57.88,54.61,45.26,34.74,29.36
WILLIAMTOWN-RAAF,61078,-32.79,151.84,r1i1p1,rcp45,MIROC5,2020-2039,56.84,58.43,61.31,55.13,52.46,58.73,55.02,57.01,62.5,61.14,59.78,63.02,59.49,55.96,49.95,49.16,52.53,55.67,55.85
WOOMERA-AERODROME,16001,-31.16,136.81,r1i1p1,rcp45,MIROC5,2020-2039,28.97,22.24,29.17,39.97,24.45,23.18,34.77,20.73,23.18,22.39,27.71,37.42,43.93,40.88,35.08,27,24.31,22.02,22.95
ADELAIDE-KENT-TOWN,23090,-34.92,138.62,r1i1p1,rcp45,MIROC5,2040-2059,48.19,38.11,48.28,60,46.28,40.75,55.6,37,37.17,41.33,47.15,56.38,62.82,61.06,56.12,51.82,45.38,41.66,40.34
ALBANY-AIRPORT-COMPARISON,9741,-34.94,117.8,r1i1p1,rcp45,MIROC5,2040-2059,62.06,56.52,60.44,67.33,64,58.33,65.87,56,55.56,59.19,58.06,64.08,68.5,68.28,65.22,65.26,63.87,62.88,57.83
ALICE-SPRINGS-AIRPORT,15590,-23.8,133.89,r1i1p1,rcp45,MIROC5,2040-2059,24.74,23.7,27.39,29.94,18.03,23.23,26.28,20.27,25.98,23.14,25.65,33.37,35.14,30.44,24.24,16.38,18.14,19.58,24.55
AMBERLEY-AMO,40004,-27.63,152.71,r1i1p1,rcp45,MIROC5,2040-2059,43.81,48.46,49.35,39.97,37.5,47.73,39.93,46.51,53.42,50.86,48.03,49.15,44.52,39.89,35.5,32.86,37.64,42,45.36
BRISBANE-AERO,40842,-27.39,153.13,r1i1p1,rcp45,MIROC5,2040-2059,55.23,59.41,58.75,49.98,52.75,58.74,51.66,58.52,62.4,60.44,58.24,57.58,52.59,49.93,47.42,48.99,53.43,55.83,57.39
BROOME-AIRPORT,3003,-17.95,122.23,r1i1p1,rcp45,MIROC5,2040-2059,50.01,66.13,48.17,33.02,52.74,61.19,38.87,66.18,69.25,63.11,44.64,36.74,33.83,31.79,33.45,43.86,53.56,60.79,62.96
CAIRNS-AERO,31011,-16.87,145.75,r1i1p1,rcp45,MIROC5,2040-2059,62.96,66.5,67.36,60.02,57.94,66.14,59.8,66.01,70.3,69.15,68.36,64.57,62.59,58.88,58.6,56.05,58.12,59.63,63.3
CANBERRA-AIRPORT-COMPARISON,70014,-35.3,149.2,r1i1p1,rcp45,MIROC5,2040-2059,46.25,37.62,46.22,56.48,44.55,39.77,52.66,36.97,40.06,40.04,44.36,54.27,61.2,57.63,50.63,48.52,43.74,41.39,36.23
CARNARVON-AIRPORT,6011,-24.89,113.67,r1i1p1,rcp45,MIROC5,2040-2059,53.17,57.07,54.33,50.42,50.91,55.87,50.5,55.62,58.74,56.91,53.36,52.72,50.55,51.45,49.25,49.96,49.08,53.69,56.77
CEDUNA-AMO,18012,-32.13,133.7,r1i1p1,rcp45,MIROC5,2040-2059,46.6,45.74,46.01,50.5,44.17,45.08,48.13,44.7,46.84,44.49,45.52,48.02,51.77,51.06,48.66,45.99,43.26,43.27,45.67
CHARLEVILLE-AERO,44021,-26.42,146.25,r1i1p1,rcp45,MIROC5,2040-2059,28.87,29.22,31.77,33.19,21.13,28.39,29.22,26.91,37.33,29.71,30.57,35.02,37.36,34.57,27.63,20.92,19.81,22.67,23.88
COBAR-MO,48027,-31.49,145.83,r1i1p1,rcp45,MIROC5,2040-2059,34.99,27.74,37.31,46.12,28.74,29.3,40.67,26.96,32.81,30.81,35.24,45.89,50.9,47.87,39.58,31.59,28.16,26.46,23.65
COFFS-HARBOUR-MO,59040,-30.31,153.12,r1i1p1,rcp45,MIROC5,2040-2059,61.47,66.79,65.44,54.91,58.75,66.05,56.91,65.67,69.79,68.17,64.36,63.79,58.47,54.6,51.67,54.83,58.1,63.31,64.89
DARWIN-AIRPORT,14015,-12.42,130.89,r1i1p1,rcp45,MIROC5,2040-2059,53.26,69.35,54.29,37.73,51.77,64.38,42.23,69.85,72.65,67.38,52.77,42.73,36.42,36.75,40.02,45.61,51.86,57.83,65.3
DUBBO-AIRPORT-AWS,65070,-32.22,148.58,r1i1p1,rcp45,MIROC5,2040-2059,43.96,34.94,44.28,56.45,39.86,36.86,51.13,34.34,39.09,38.43,41.51,52.91,59.69,58,51.56,46.29,37.36,35.43,31.75
EAST-SALE-AIRPORT,85072,-38.12,147.13,r1i1p1,rcp45,MIROC5,2040-2059,55.99,50.97,56.28,61.68,54.99,52.05,59.91,50.31,50.91,51.84,54.29,62.71,65.98,62.72,56.33,57.27,54.42,53.28,51.88
ESPERANCE,9789,-33.83,121.89,r1i1p1,rcp45,MIROC5,2040-2059,57.6,56.81,57.21,59.43,57.07,56.99,58.26,56.52,56.84,57.82,56.33,57.49,60.62,60.53,57.13,57.98,55.78,57.44,56.73
GERALDTON-AIRPORT-COMPARISON,8051,-28.8,114.7,r1i1p1,rcp45,MIROC5,2040-2059,48.45,44.3,45.27,56.36,47.97,44.05,52.92,43.64,42.29,43.85,41.99,49.98,53.47,58.68,56.91,52.88,45.57,45.47,46.71
HOBART-ELLERSLIE-ROAD,94029,-42.89,147.33,r1i1p1,rcp45,MIROC5,2040-2059,55.86,52.28,56.91,61.07,53.31,53.23,58.56,52.71,51.4,53.39,56.18,61.15,64.37,62.22,56.63,54.57,52.42,52.93,52.37
KALGOORLIE-BOULDER-AIRPORT,12038,-30.78,121.45,r1i1p1,rcp45,MIROC5,2040-2059,32.38,24.81,37.27,42.63,24.9,27.77,36.91,21.87,28.96,31.12,36.6,43.14,46.33,43.68,37.89,27.89,22.52,24.3,23.01
LAUNCESTON-AIRPORT-COMPARISON,91104,-41.54,147.2,r1i1p1,rcp45,MIROC5,2040-2059,56.28,45.97,55.26,69.06,54.94,48.22,64.41,46.03,45.31,45.93,54.42,65.42,72.01,70.79,64.39,59.13,54.73,50.97,46.18
LAVERTON-RAAF,87031,-37.86,144.76,r1i1p1,rcp45,MIROC5,2040-2059,56.44,50.08,56.29,64.04,55.28,51.37,61.42,49.95,49.34,51.14,54.36,63.38,67.51,64.26,60.34,58.8,54.23,52.82,51.13
MACKAY-M.O,33119,-21.12,149.22,r1i1p1,rcp45,MIROC5,2040-2059,68.98,69.14,73.7,70.11,62.98,69.87,68.1,69.33,73.55,75.32,73.27,72.5,69.75,69.9,70.7,62.44,63.32,63.17,64.5
MEEKATHARRA-AIRPORT,7045,-26.61,118.54,r1i1p1,rcp45,MIROC5,2040-2059,25.66,19.98,29.34,35.67,17.49,21.99,29.24,17.24,25.9,24.07,30.14,33.81,40.14,37.68,29.17,19.04,15.6,17.83,16.87
MELBOURNE-AIRPORT,86282,-37.68,144.84,r1i1p1,rcp45,MIROC5,2040-2059,53.34,44.93,53.2,63.02,52.09,46.8,59.76,44.54,44.24,46.73,51.03,61.83,66.81,64.04,58.21,56.44,51.24,48.6,46.4
MILDURA-AIRPORT,76031,-34.23,142.08,r1i1p1,rcp45,MIROC5,2040-2059,37.42,27.31,38.56,51.41,32.39,29.35,45.51,25.76,29.05,30.08,36.18,49.42,55.35,53.65,45.23,38.71,30.66,27.79,27.14
MOREE-AERO,53115,-29.49,149.85,r1i1p1,rcp45,MIROC5,2040-2059,36.58,34.28,37.75,44.15,29.91,33.95,39.13,33.32,39.7,35.36,35.66,42.23,47.11,46.31,39.03,31.79,28.29,29.66,30.53
MOUNT-GAMBIER-AERO,26021,-37.75,140.77,r1i1p1,rcp45,MIROC5,2040-2059,58.17,45.96,56.87,71.57,58.42,48.76,67.68,44.67,43.41,47.54,54.62,68.46,75.65,72.94,66.13,63.68,59.22,52.37,49.39
MOUNT-ISA-AERO,29127,-20.68,139.49,r1i1p1,rcp45,MIROC5,2040-2059,26.05,32.84,30.27,23.47,17.56,30.45,21.62,32.2,38.11,34.38,28.53,27.89,27.37,24.13,18.9,14.95,16.44,21.31,28.42
NOWRA-RAN-AIR-STATION-AWS,68072,-34.95,150.54,r1i1p1,rcp45,MIROC5,2040-2059,56.9,60.68,59.58,53.82,53.21,59.74,54.04,60.71,64.55,60.06,58.21,60.48,57.29,54.72,49.43,49.66,52.35,57.78,57.14
PERTH-AIRPORT,9021,-31.93,115.98,r1i1p1,rcp45,MIROC5,2040-2059,45.24,35.01,42.97,56.86,46.25,37.46,53.13,34.13,33.15,37.29,41.27,50.34,57.86,58.38,54.35,52.37,45.49,40.9,37.29
PORT-HEDLAND-AIRPORT,4032,-20.37,118.63,r1i1p1,rcp45,MIROC5,2040-2059,39.59,51.48,39.62,31.7,35.68,46.75,32.53,51.24,55.21,45.95,37.63,35.29,35.05,31.37,28.67,29.35,35.45,42.23,47.6
RICHMOND-RAAF,67105,-33.6,150.78,r1i1p1,rcp45,MIROC5,2040-2059,47.69,49.34,52.66,47.73,40.92,49.35,46.05,47.58,54.96,52.09,50.36,55.51,53.04,48.85,41.29,38.74,38.86,45.15,45.85
ROCKHAMPTON-AERO,39083,-23.38,150.48,r1i1p1,rcp45,MIROC5,2040-2059,46,51,50.5,42.33,40.23,49.97,42.08,50.37,54.93,52.85,50.28,48.36,44.86,42.04,40.09,36.08,41.07,43.55,47.55
SYDNEY-AIRPORT-AMO,66037,-33.94,151.17,r1i1p1,rcp45,MIROC5,2040-2059,55.93,59.6,60.12,52.62,51.28,59.1,52.8,59.18,63.58,60.48,59,60.88,56.76,53.35,47.76,48.77,49.26,55.81,56.33
TENNANT-CREEK-AIRPORT,15135,-19.64,134.18,r1i1p1,rcp45,MIROC5,2040-2059,24.56,31.99,27.39,21.47,17.41,28.69,20.41,30.69,36.24,30.3,25.73,26.16,25.16,22.01,17.25,14.74,17.15,20.32,28.93
TOWNSVILLE-AERO,32040,-19.25,146.77,r1i1p1,rcp45,MIROC5,2040-2059,57.48,62.59,59.81,52.48,54.98,61.37,53.56,62.4,66.31,63.47,59.84,56.13,52.21,51.56,53.66,51.81,55.96,57.16,59.28
WAGGA-WAGGA-AMO,72150,-35.16,147.46,r1i1p1,rcp45,MIROC5,2040-2059,44.23,28.49,41.96,62.57,43.71,31.7,56.64,27.06,30.78,32.62,38.97,54.29,66.21,64.31,57.2,54.41,43.4,33.31,28.24
WILLIAMTOWN-RAAF,61078,-32.79,151.84,r1i1p1,rcp45,MIROC5,2040-2059,56.22,58.31,60.69,54.73,51.12,58.38,54.13,56.58,63,61.04,58.73,62.31,59.96,55.77,48.47,48.47,49.8,55.07,55.42
WOOMERA-AERODROME,16001,-31.16,136.81,r1i1p1,rcp45,MIROC5,2040-2059,29.37,22.62,30.2,40.28,24.34,23.73,35.03,21.2,23.9,23.64,28.97,37.97,44.93,40.65,35.27,27.5,23.86,21.66,22.91
ADELAIDE-KENT-TOWN,23090,-34.92,138.62,r1i1p1,rcp45,MIROC5,2060-2079,48.21,38.16,48.47,59.43,46.73,40.92,55.48,36.6,37.39,41.57,47.62,56.21,62.38,60.39,55.54,52.12,46.26,41.81,40.69
ALBANY-AIRPORT-COMPARISON,9741,-34.94,117.8,r1i1p1,rcp45,MIROC5,2060-2079,62.19,56.76,60.6,67.25,64.19,58.48,65.97,56.31,55.7,58.89,58.43,64.5,68.41,67.88,65.46,65.15,64.43,62.99,58.09
ALICE-SPRINGS-AIRPORT,15590,-23.8,133.89,r1i1p1,rcp45,MIROC5,2060-2079,24.07,22.18,25.8,29.26,19.13,22.18,26,18.3,26.02,21.92,23.5,31.98,34.7,29.41,23.68,17.07,19.15,21.17,21.95
AMBERLEY-AMO,40004,-27.63,152.71,r1i1p1,rcp45,MIROC5,2060-2079,45.29,50.42,50.38,40.49,39.91,49.48,41.14,48.6,54.81,51.73,48.61,50.79,45.18,39.82,36.47,34.33,40.23,45.18,47.74
BRISBANE-AERO,40842,-27.39,153.13,r1i1p1,rcp45,MIROC5,2060-2079,57.01,61.78,59.82,50.66,55.75,60.81,53.15,61.02,64.17,61.38,58.97,59.1,53.34,49.92,48.73,50.96,56.82,59.47,60.23
BROOME-AIRPORT,3003,-17.95,122.23,r1i1p1,rcp45,MIROC5,2060-2079,50.65,66.66,48.28,33.15,54.52,61.49,39.85,66.92,69.9,62.85,44.41,37.59,34.49,31.14,33.81,45.7,56.36,61.5,63.17
CAIRNS-AERO,31011,-16.87,145.75,r1i1p1,rcp45,MIROC5,2060-2079,62.86,66.49,67.06,58.52,59.33,66.34,59.4,64.83,69.56,69.6,67.33,64.26,61.17,57,57.4,57.21,59.37,61.4,65.21
CANBERRA-AIRPORT-COMPARISON,70014,-35.3,149.2,r1i1p1,rcp45,MIROC5,2060-2079,47.54,38.97,47.13,56.65,47.27,41.32,53.7,37.12,41.7,40.34,45.68,55.36,61.51,57.16,51.28,50.09,46.78,44.94,38.52
CARNARVON-AIRPORT,6011,-24.89,113.67,r1i1p1,rcp45,MIROC5,2060-2079,53.14,57.11,54.09,50.28,51.11,55.77,50.53,56.49,58.01,54.83,54.64,52.81,50.77,50.95,49.13,49.28,50.27,53.77,56.73
CEDUNA-AMO,18012,-32.13,133.7,r1i1p1,rcp45,MIROC5,2060-2079,46.92,45.88,46.19,50.62,45.01,45.38,48.47,44.29,46.47,44.57,46.13,47.88,52.14,51.34,48.39,46.75,44.3,43.98,46.86
CHARLEVILLE-AERO,44021,-26.42,146.25,r1i1p1,rcp45,MIROC5,2060-2079,29.46,29.51,31.91,33.04,23.22,28.97,29.81,27.23,37.26,30.25,29.43,36.04,37.75,33.84,27.55,22.11,21.59,25.95,24.52
COBAR-MO,48027,-31.49,145.83,r1i1p1,rcp45,MIROC5,2060-2079,36.63,28.92,38.98,46.85,31.69,31.15,42.09,27.34,34.15,32.9,36.49,47.57,51.9,48.07,40.59,33.85,30.57,30.64,25.49
COFFS-HARBOUR-MO,59040,-30.31,153.12,r1i1p1,rcp45,MIROC5,2060-2079,62.95,68.32,66.48,55.4,61.62,67.62,58.3,67.2,70.6,68.73,65.39,65.32,59.16,54.07,52.96,57.21,61.11,66.55,67.13
DARWIN-AIRPORT,14015,-12.42,130.89,r1i1p1,rcp45,MIROC5,2060-2079,53.75,69.89,54.85,37.57,52.78,65.05,42.54,70.46,72.77,67.75,53.2,43.61,36.44,36.46,39.82,46.77,52.17,59.39,66.19
DUBBO-AIRPORT-AWS,65070,-32.22,148.58,r1i1p1,rcp45,MIROC5,2060-2079,45.59,36.12,45.8,56.87,43.24,38.58,52.67,35.1,39.98,39.84,42.74,54.82,60.09,57.8,52.69,48.94,40.76,39.49,33.63
EAST-SALE-AIRPORT,85072,-38.12,147.13,r1i1p1,rcp45,MIROC5,2060-2079,56.53,51.27,56.73,61.36,56.7,52.78,60.25,49.47,51.58,51.98,55.46,62.76,65.03,62.53,56.51,58.5,56.15,55.45,52.94
ESPERANCE,9789,-33.83,121.89,r1i1p1,rcp45,MIROC5,2060-2079,57.78,57.02,57.51,59.24,57.46,57.25,58.36,56.71,56.91,57.55,56.97,58.02,60.44,60.31,56.98,57.94,56.45,57.99,57.08
GERALDTON-AIRPORT-COMPARISON,8051,-28.8,114.7,r1i1p1,rcp45,MIROC5,2060-2079,48.29,43.88,45.27,56.14,47.95,43.85,52.8,43.26,41.24,42.63,43.27,49.92,53.53,58.32,56.58,51.9,46.52,45.43,46.88
HOBART-ELLERSLIE-ROAD,94029,-42.89,147.33,r1i1p1,rcp45,MIROC5,2060-2079,55.73,52.07,56.52,60.7,53.75,53.08,58.45,52.36,51.69,52.52,56.26,60.79,63.85,61.71,56.54,54.97,52.83,53.46,51.81
KALGOORLIE-BOULDER-AIRPORT,12038,-30.78,121.45,r1i1p1,rcp45,MIROC5,2060-2079,32.75,25.75,37.53,42.47,25.37,28.61,36.82,22.63,29.94,30.85,37.3,43.44,46.19,44.18,37.05,27.63,22.44,26.05,24.07
LAUNCESTON-AIRPORT-COMPARISON,91104,-41.54,147.2,r1i1p1,rcp45,MIROC5,2060-2079,55.98,45.54,54.74,68.31,55.47,47.92,64.12,44.99,45.59,44.65,54.58,64.98,71.05,70.16,63.71,59.71,55.1,51.6,45.66
LAVERTON-RAAF,87031,-37.86,144.76,r1i1p1,rcp45,MIROC5,2060-2079,56.32,49.59,56.12,63.6,55.91,51.22,61.33,48.64,49.23,50.39,55,62.97,66.27,64.02,60.52,59.18,55.04,53.51,51.09
MACKAY-M.O,33119,-21.12,149.22,r1i1p1,rcp45,MIROC5,2060-2079,69.15,69.38,73.5,68.27,65.49,70.06,68.26,68.55,72.83,74.64,72.51,73.34,68.9,66.8,69.11,65.26,66.14,65.06,66.7
MEEKATHARRA-AIRPORT,7045,-26.61,118.54,r1i1p1,rcp45,MIROC5,2060-2079,25.98,21.61,28.9,35.45,17.79,22.95,28.91,18.74,27.43,23.67,30.07,32.96,40.56,37.3,28.5,18.56,15.59,19.23,18.76
MELBOURNE-AIRPORT,86282,-37.68,144.84,r1i1p1,rcp45,MIROC5,2060-2079,53.3,44.55,53.1,62.65,52.78,46.73,59.74,43.34,44.21,46.15,51.67,61.47,65.62,63.88,58.46,56.9,52.15,49.29,46.49
MILDURA-AIRPORT,76031,-34.23,142.08,r1i1p1,rcp45,MIROC5,2060-2079,38.09,27.72,39.71,51.35,33.57,30.2,46,25.16,30.17,31.79,37.18,50.17,55.55,53.24,45.26,39.74,32.06,28.92,27.87
MOREE-AERO,53115,-29.49,149.85,r1i1p1,rcp45,MIROC5,2060-2079,37.95,35.5,39.03,44.4,32.6,35.55,40.26,34.49,40.46,36.67,36.62,43.82,47.59,46,39.62,33.59,30.92,33.28,32.29
MOUNT-GAMBIER-AERO,26021,-37.75,140.77,r1i1p1,rcp45,MIROC5,2060-2079,58.28,45.91,57.09,71.13,59.11,49,67.65,44.29,43.84,47.28,55.33,68.65,75.04,71.78,66.57,63.94,59.9,53.47,49.2
MOUNT-ISA-AERO,29127,-20.68,139.49,r1i1p1,rcp45,MIROC5,2060-2079,25.06,30.97,28.72,21.33,19.15,29.51,20.57,29.68,36.09,32.78,26.31,27.06,25.05,21.6,17.35,14.99,17.39,25.07,27.36
NOWRA-RAN-AIR-STATION-AWS,68072,-34.95,150.54,r1i1p1,rcp45,MIROC5,2060-2079,58.38,62.29,60.43,54.12,56.4,61.47,55.27,61.47,65.99,60.32,59.31,61.66,57.69,54.34,50.34,51.58,55.86,61.93,59.79
PERTH-AIRPORT,9021,-31.93,115.98,r1i1p1,rcp45,MIROC5,2060-2079,45.18,34.6,43.13,56.93,46.19,37.27,53.21,33.96,31.96,36.95,41.76,50.7,57.97,58.31,54.52,51.79,45.98,40.81,37.42
PORT-HEDLAND-AIRPORT,4032,-20.37,118.63,r1i1p1,rcp45,MIROC5,2060-2079,40.48,53.02,39.89,31.86,37.28,47.74,33.33,53.42,56.55,46.13,37.47,36.07,35.74,30.88,28.96,30.99,37.33,43.53,48.67
RICHMOND-RAAF,67105,-33.6,150.78,r1i1p1,rcp45,MIROC5,2060-2079,48.95,50.64,53.49,48,43.56,50.78,47.15,48.6,55.86,52.43,51.18,56.86,53.47,48.38,42.16,40.34,41.68,48.65,47.85
ROCKHAMPTON-AERO,39083,-23.38,150.48,r1i1p1,rcp45,MIROC5,2060-2079,46.1,51.37,50.14,41.69,41.25,50.06,42.19,50.54,55.02,51.96,49.53,48.94,44.93,40.45,39.71,36.75,42.39,44.63,48.37
SYDNEY-AIRPORT-AMO,66037,-33.94,151.17,r1i1p1,rcp45,MIROC5,2060-2079,57.19,60.77,60.94,52.92,54.02,60.45,53.97,60.05,64.37,60.71,59.89,62.23,57.11,52.91,48.75,50.43,52.36,59.29,58.2
TENNANT-CREEK-AIRPORT,15135,-19.64,134.18,r1i1p1,rcp45,MIROC5,2060-2079,23.45,29.94,25.66,19.69,18.57,27.46,19.44,27.99,34.74,28.39,23.58,25.01,22.97,19.7,16.4,14.65,17.89,23.16,26.97
TOWNSVILLE-AERO,32040,-19.25,146.77,r1i1p1,rcp45,MIROC5,2060-2079,57.06,62.53,59.25,50.73,55.68,61.31,52.78,60.94,65.95,62.86,58.91,55.96,51.39,48.99,51.8,52.11,56.44,58.48,60.92
WAGGA-WAGGA-AMO,72150,-35.16,147.46,r1i1p1,rcp45,MIROC5,2060-2079,45.15,29.37,42.52,62.75,45.76,32.75,57.41,26.8,32.23,32.92,39.78,54.87,66.26,64.26,57.72,55.45,45.93,35.9,29.72
WILLIAMTOWN-RAAF,61078,-32.79,151.84,r1i1p1,rcp45,MIROC5,2060-2079,57.65,59.47,61.73,55.38,53.98,59.73,55.63,57.88,63.47,61.4,59.68,64.1,60.91,55.33,49.9,50.58,52.99,58.38,57.13
WOOMERA-AERODROME,16001,-31.16,136.81,r1i1p1,rcp45,MIROC5,2060-2079,29.92,22.98,30.85,40.49,25.31,24.38,35.48,20.65,24.29,24.8,29.5,38.25,45.54,40.96,34.96,28.35,24.8,22.76,24.16
ADELAIDE-KENT-TOWN,23090,-34.92,138.62,r1i1p1,rcp45,MIROC5,2080-2099,47.81,38.05,47.5,59.25,46.58,40.47,55.24,37.65,36.7,40.88,46.68,54.93,62.03,60.85,54.87,52.35,46.43,40.97,39.39
ALBANY-AIRPORT-COMPARISON,9741,-34.94,117.8,r1i1p1,rcp45,MIROC5,2080-2099,62.22,56.49,61.36,67,64.05,58.58,65.95,55.64,55.6,59.64,59.61,64.84,68.27,67.81,64.92,65.37,64.49,62.28,58.15
ALICE-SPRINGS-AIRPORT,15590,-23.8,133.89,r1i1p1,rcp45,MIROC5,2080-2099,23.99,22.71,24.9,30.11,17.97,21.99,25.88,19.14,24.34,21.31,23.42,29.98,35.53,31.26,23.55,16.49,18.48,18.94,25.4
AMBERLEY-AMO,40004,-27.63,152.71,r1i1p1,rcp45,MIROC5,2080-2099,44.8,49.78,49.53,40.77,39.22,48.74,40.95,47.9,54.22,50.46,48.46,49.68,45.92,39.9,36.5,33.81,39.87,43.99,46.93
BRISBANE-AERO,40842,-27.39,153.13,r1i1p1,rcp45,MIROC5,2080-2099,57.07,61.52,59.62,51.5,55.55,60.51,53.53,60.66,64.15,60.67,59.53,58.65,54.78,50.48,49.24,50.96,57.08,58.61,60.07
BROOME-AIRPORT,3003,-17.95,122.23,r1i1p1,rcp45,MIROC5,2080-2099,49.77,65.14,47.3,33.11,53.47,60.07,39.45,64.68,68.85,62.63,42.89,36.37,34.93,31.41,32.98,45.43,55.55,59.44,62.08
CAIRNS-AERO,31011,-16.87,145.75,r1i1p1,rcp45,MIROC5,2080-2099,61.71,65.3,65.18,59.02,57.43,64.85,58.69,65.17,67.51,66.95,66.29,62.31,62.08,58.03,56.94,55.11,57.66,59.5,62.91
CANBERRA-AIRPORT-COMPARISON,70014,-35.3,149.2,r1i1p1,rcp45,MIROC5,2080-2099,46.31,38.11,45.57,56.04,45.79,39.96,52.77,37.33,39.32,39.49,43.75,53.46,60.54,57.29,50.3,49.35,45.68,42.34,36.91
CARNARVON-AIRPORT,6011,-24.89,113.67,r1i1p1,rcp45,MIROC5,2080-2099,53.83,57.79,55.98,50.43,51.04,56.56,51.1,56.65,59.63,57.59,55.51,54.86,51.01,51.6,48.69,49.91,50.5,52.72,57.3
CEDUNA-AMO,18012,-32.13,133.7,r1i1p1,rcp45,MIROC5,2080-2099,46.7,45.39,45.9,50.51,45.15,44.87,48.62,45.16,45,44.19,45.79,47.71,52.06,51.39,48.08,47.43,45.06,42.95,45.59
CHARLEVILLE-AERO,44021,-26.42,146.25,r1i1p1,rcp45,MIROC5,2080-2099,28.35,28.32,29.8,33.46,21.93,27.53,29.37,25.32,35.9,27.29,28.34,33.76,38.24,34.41,27.73,21.73,20.36,23.69,23.39
COBAR-MO,48027,-31.49,145.83,r1i1p1,rcp45,MIROC5,2080-2099,33.88,26.02,35.14,45.64,28.96,27.77,40.26,25.34,29.63,28.78,32.62,44.01,50.03,47.89,39.01,32.21,28.42,26.25,22.34
COFFS-HARBOUR-MO,59040,-30.31,153.12,r1i1p1,rcp45,MIROC5,2080-2099,62.36,67.57,65.65,55.61,60.72,66.74,58.03,66.76,69.31,67.94,65.05,63.95,59.44,54.25,53.15,56.47,60.95,64.75,66.35
DARWIN-AIRPORT,14015,-12.42,130.89,r1i1p1,rcp45,MIROC5,2080-2099,53.27,69.35,53.92,37.78,51.94,64.24,42.28,70.72,72.58,67.12,52.03,42.61,37.3,37.24,38.79,45.92,51.79,58.1,65.07
DUBBO-AIRPORT-AWS,65070,-32.22,148.58,r1i1p1,rcp45,MIROC5,2080-2099,43.56,34.06,42.83,56.38,41.12,35.92,51.45,33.43,36.77,36.83,39.79,51.87,58.9,58.38,51.79,47.49,39.41,36.03,31.45
EAST-SALE-AIRPORT,85072,-38.12,147.13,r1i1p1,rcp45,MIROC5,2080-2099,55.35,50.14,55.18,61.04,55.36,51.56,59.45,49.23,48.99,50.76,53.86,60.91,64.53,62.25,56.35,57.43,55.23,53.43,51.26
ESPERANCE,9789,-33.83,121.89,r1i1p1,rcp45,MIROC5,2080-2099,57.97,57.01,58.36,59.2,57.27,57.44,58.5,56.7,56.79,58.81,57.51,58.76,60.64,60.1,56.86,57.84,56.82,57.15,57.62
GERALDTON-AIRPORT-COMPARISON,8051,-28.8,114.7,r1i1p1,rcp45,MIROC5,2080-2099,48.82,44.5,46.89,55.86,47.95,44.53,53.12,43.42,43.42,44.63,44.23,51.82,53.51,58.23,55.85,52.27,47.04,44.52,46.93
HOBART-ELLERSLIE-ROAD,94029,-42.89,147.33,r1i1p1,rcp45,MIROC5,2080-2099,55.36,51.73,55.97,60.71,53.39,52.82,58.11,52.18,51.04,52.54,55.84,59.55,63.89,61.78,56.45,54.06,52.91,53.19,50.92
KALGOORLIE-BOULDER-AIRPORT,12038,-30.78,121.45,r1i1p1,rcp45,MIROC5,2080-2099,32.73,24.8,38.37,42.59,25.3,27.86,37.59,22.55,28.09,31.56,37.07,45.48,47.37,43.46,36.93,28.7,23.56,23.63,23.14
LAUNCESTON-AIRPORT-COMPARISON,91104,-41.54,147.2,r1i1p1,rcp45,MIROC5,2080-2099,55.46,44.87,53.86,68.19,55.09,47.41,63.57,44.92,44.11,44.14,54.31,63.13,70.44,70.31,63.82,58.62,55.09,51.56,45.04
LAVERTON-RAAF,87031,-37.86,144.76,r1i1p1,rcp45,MIROC5,2080-2099,55.64,49.05,55.62,63.3,54.88,50.83,60.67,49.28,47.66,50.53,54.46,61.87,66.27,63.75,59.87,58.13,54.15,52.35,49.41
MACKAY-M.O,33119,-21.12,149.22,r1i1p1,rcp45,MIROC5,2080-2099,67.03,67.52,69.87,68.64,62.29,67.75,66.53,67.24,70.63,70.14,70.35,69.12,70.13,68.07,67.72,61.65,62.47,62.73,64.07
MEEKATHARRA-AIRPORT,7045,-26.61,118.54,r1i1p1,rcp45,MIROC5,2080-2099,26.01,20.05,30.17,36,17.59,22.12,29.84,17.62,25.75,25.47,30.13,34.9,41.55,37.9,28.55,19.71,16.42,16.64,16.98
MELBOURNE-AIRPORT,86282,-37.68,144.84,r1i1p1,rcp45,MIROC5,2080-2099,52.52,44.13,52.47,62.29,51.52,46.37,58.95,43.81,43.02,46.13,51.11,60.18,65.36,63.62,57.9,55.67,50.99,47.9,44.59
MILDURA-AIRPORT,76031,-34.23,142.08,r1i1p1,rcp45,MIROC5,2080-2099,36.73,25.85,37.38,50.98,32.85,28.27,45.32,24.84,26.98,29.21,35.43,47.52,54.91,53.61,44.42,39.81,31.68,27.05,25.33
MOREE-AERO,53115,-29.49,149.85,r1i1p1,rcp45,MIROC5,2080-2099,36.77,34.46,37,44.37,31.48,34.05,39.62,33.06,39.07,34.26,34.89,41.84,47.44,46.31,39.36,32.72,30.07,31.65,30.58
MOUNT-GAMBIER-AERO,26021,-37.75,140.77,r1i1p1,rcp45,MIROC5,2080-2099,57.99,45.87,56.41,71.21,58.71,48.67,67.51,44.88,43.44,47.08,54.65,67.51,75,72.48,66.16,63.89,60.02,52.21,48.56
MOUNT-ISA-AERO,29127,-20.68,139.49,r1i1p1,rcp45,MIROC5,2080-2099,24.01,31.21,25.75,21.49,17.55,28.41,19.58,30.08,35.29,29.88,24.04,23.33,25.52,22.25,16.71,14.3,15.39,22.94,28.42
NOWRA-RAN-AIR-STATION-AWS,68072,-34.95,150.54,r1i1p1,rcp45,MIROC5,2080-2099,56.91,60.89,59.22,53.53,54,59.76,54.19,61.02,62.93,59.84,57.69,60.11,57.28,54.08,49.23,50.13,54.09,58,58.23
PERTH-AIRPORT,9021,-31.93,115.98,r1i1p1,rcp45,MIROC5,2080-2099,45.32,34.65,43.69,56.69,46.19,37.32,53.33,33.42,33.47,37.36,42.1,51.6,57.9,58.2,53.98,51.99,46.32,40.27,37.24
PORT-HEDLAND-AIRPORT,4032,-20.37,118.63,r1i1p1,rcp45,MIROC5,2080-2099,39.89,51.83,39,32.19,36.35,46.37,33.38,51.83,56.09,45.08,36.04,35.87,36.34,31.6,28.61,31.21,36.64,41.21,48.1
RICHMOND-RAAF,67105,-33.6,150.78,r1i1p1,rcp45,MIROC5,2080-2099,47.61,49.66,52.12,47.35,41.5,49.31,46.03,48.49,53.15,51.79,49.58,54.98,52.95,48.03,41.07,38.96,40.17,45.38,46.75
ROCKHAMPTON-AERO,39083,-23.38,150.48,r1i1p1,rcp45,MIROC5,2080-2099,45.24,50.41,48.02,42.24,40.45,48.85,41.8,49.78,53.93,49.02,48.47,46.56,46.12,40.95,39.64,36.25,41.28,43.84,47
SYDNEY-AIRPORT-AMO,66037,-33.94,151.17,r1i1p1,rcp45,MIROC5,2080-2099,56.06,59.86,60,52.46,52.1,59.1,53.13,59.82,61.87,60.29,58.66,61.04,56.9,52.75,47.73,49.32,51.05,55.93,57.31
TENNANT-CREEK-AIRPORT,15135,-19.64,134.18,r1i1p1,rcp45,MIROC5,2080-2099,23.48,30.98,24.75,20.31,17.78,27.57,19.3,29.47,34.96,27.59,23.37,23.28,24.38,20.76,15.79,14.36,17.24,21.75,28.86
TOWNSVILLE-AERO,32040,-19.25,146.77,r1i1p1,rcp45,MIROC5,2080-2099,55.53,61.08,56.8,50.68,53.67,59.58,51.59,60.41,63.6,60.3,57.01,53.1,51.6,49.57,50.87,49.8,54.6,56.61,58.92
WAGGA-WAGGA-AMO,72150,-35.16,147.46,r1i1p1,rcp45,MIROC5,2080-2099,43.96,28.62,40.9,61.98,44.64,31.62,56.48,26.78,30.1,31.36,38.39,52.95,64.79,64.17,56.96,54.68,45.3,33.95,28.06
WILLIAMTOWN-RAAF,61078,-32.79,151.84,r1i1p1,rcp45,MIROC5,2080-2099,56.57,58.7,60.9,54.72,52.14,58.57,54.68,57.69,61.5,60.91,58.96,62.84,60.11,55.23,48.82,49.09,52,55.34,56.33
WOOMERA-AERODROME,16001,-31.16,136.81,r1i1p1,rcp45,MIROC5,2080-2099,28.56,21.48,28.5,39.82,24.53,22.44,34.77,20.5,21.96,21.87,27.11,36.52,45.12,40.53,33.8,28.38,24.26,20.96,21.74
ADELAIDE-KENT-TOWN,23090,-34.92,138.62,r1i1p1,rcp45,NorESM1-M,2020-2039,47.83,37.7,48.28,59.11,46.16,40.59,55.04,36.66,35.63,41.86,46.73,56.26,61.81,60.35,55.18,51.16,45.45,41.86,40.98
ALBANY-AIRPORT-COMPARISON,9741,-34.94,117.8,r1i1p1,rcp45,NorESM1-M,2020-2039,61.72,56.43,60.24,66.82,63.44,58.15,65.36,56.01,55.01,58.87,58.31,63.55,68.34,67.21,64.92,64.58,63.58,62.16,58.12
ALICE-SPRINGS-AIRPORT,15590,-23.8,133.89,r1i1p1,rcp45,NorESM1-M,2020-2039,24.79,22.47,26.69,30.6,19.49,22.51,27.11,19.7,25.83,24.08,23.73,32.26,33.96,31.8,26.05,18.62,19.97,19.88,21.62
AMBERLEY-AMO,40004,-27.63,152.71,r1i1p1,rcp45,NorESM1-M,2020-2039,44.62,49.72,49.44,39.81,39.55,48.72,40.56,47.58,53.15,50.51,48.56,49.24,44.11,39.24,36.09,34.38,40.29,43.99,48.33
BRISBANE-AERO,40842,-27.39,153.13,r1i1p1,rcp45,NorESM1-M,2020-2039,56.2,61.03,58.71,49.77,55.27,59.92,52.41,59.89,62.17,60.04,58.63,57.45,52.16,49.16,48,51,56.72,58.09,61.1
BROOME-AIRPORT,3003,-17.95,122.23,r1i1p1,rcp45,NorESM1-M,2020-2039,50.9,69,47.93,33.82,52.86,62.02,39.81,69.09,72.83,64.21,42.63,36.95,34.23,32.43,34.81,45.86,54.61,58.1,65.08
CAIRNS-AERO,31011,-16.87,145.75,r1i1p1,rcp45,NorESM1-M,2020-2039,62.28,66.86,65.63,58.46,58.13,65.61,58.97,65.24,70.84,66.66,65.13,65.1,61.61,57.39,56.4,55.43,57.89,61.06,64.6
CANBERRA-AIRPORT-COMPARISON,70014,-35.3,149.2,r1i1p1,rcp45,NorESM1-M,2020-2039,46.11,37.06,45.93,56.28,45.03,39.55,52.6,35.97,38.32,39.51,44.98,53.3,60.22,57.67,50.95,48.44,45.04,41.62,37.3
CARNARVON-AIRPORT,6011,-24.89,113.67,r1i1p1,rcp45,NorESM1-M,2020-2039,52.29,56.69,53.47,48.46,50.56,55.56,49.04,56.82,57.43,57.72,54.08,48.6,47.97,49.48,47.92,49.55,50.71,51.41,55.74
CEDUNA-AMO,18012,-32.13,133.7,r1i1p1,rcp45,NorESM1-M,2020-2039,45.94,44.22,45.91,49.31,44.33,44.35,47.53,43.11,44.03,45.45,44.6,47.67,50.61,50.29,47.02,45.96,43.64,43.38,45.5
CHARLEVILLE-AERO,44021,-26.42,146.25,r1i1p1,rcp45,NorESM1-M,2020-2039,28.95,28.8,30.2,32.96,23.67,27.76,30,26.66,35.76,25.93,29.11,35.57,37.09,33.61,28.17,23.31,22.25,25.44,24.45
COBAR-MO,48027,-31.49,145.83,r1i1p1,rcp45,NorESM1-M,2020-2039,34.36,25.89,36.34,45.34,29.81,28.43,40.28,24.3,29.4,29.74,34.32,44.98,48.99,47.32,39.7,31.62,29.05,28.77,24.17
COFFS-HARBOUR-MO,59040,-30.31,153.12,r1i1p1,rcp45,NorESM1-M,2020-2039,61.92,67.33,65.56,54.64,60.17,66.53,57.34,66.57,69.01,67.99,65.3,63.4,57.37,54.14,52.42,55.82,60.86,63.82,66.4
DARWIN-AIRPORT,14015,-12.42,130.89,r1i1p1,rcp45,NorESM1-M,2020-2039,53.18,70.04,53.21,37.51,52.07,64.21,42.24,70.12,74.42,66.12,50.86,42.65,36.66,36.44,39.43,46.63,51.65,57.93,65.32
DUBBO-AIRPORT-AWS,65070,-32.22,148.58,r1i1p1,rcp45,NorESM1-M,2020-2039,43.46,33.9,43.68,55.49,40.45,36.3,50.7,33.15,36.39,37.62,41.25,52.18,57.66,57.21,51.57,46.19,38.51,36.2,32.42
EAST-SALE-AIRPORT,85072,-38.12,147.13,r1i1p1,rcp45,NorESM1-M,2020-2039,55.98,50.53,56.45,61.22,55.66,52.25,59.69,49.36,49.47,52.33,55.49,61.54,64.46,62.84,56.36,57.77,55.15,54.06,52.97
ESPERANCE,9789,-33.83,121.89,r1i1p1,rcp45,NorESM1-M,2020-2039,57.33,56.7,57.64,58.63,56.48,57.07,57.64,56.09,55.99,58.03,57.63,57.26,60.19,59.59,56.1,57.52,55.16,56.77,57.67
GERALDTON-AIRPORT-COMPARISON,8051,-28.8,114.7,r1i1p1,rcp45,NorESM1-M,2020-2039,48,43.84,45.13,55.19,47.93,44.13,51.94,44.12,41.33,44.51,44.4,46.47,53.31,56.39,55.88,52.33,47.27,44.19,45.82
HOBART-ELLERSLIE-ROAD,94029,-42.89,147.33,r1i1p1,rcp45,NorESM1-M,2020-2039,55.51,51.9,56.82,60.36,53.1,53.11,57.99,52.27,50.88,53.45,56.89,60.12,63.79,61.17,56.13,54.02,52.69,52.59,52.18
KALGOORLIE-BOULDER-AIRPORT,12038,-30.78,121.45,r1i1p1,rcp45,NorESM1-M,2020-2039,32.17,24.91,37.24,41.92,24.7,27.72,36.53,21.94,28.54,32.76,36.5,41.63,46.12,43.23,36.42,28.37,23.4,22.34,23.66
LAUNCESTON-AIRPORT-COMPARISON,91104,-41.54,147.2,r1i1p1,rcp45,NorESM1-M,2020-2039,55.96,45.38,55.15,68.38,55.07,48.07,63.93,45.08,44.57,46.01,55.1,64.34,71.19,69.99,63.96,58.83,55.25,51.12,46.11
LAVERTON-RAAF,87031,-37.86,144.76,r1i1p1,rcp45,NorESM1-M,2020-2039,55.89,49.69,55.86,62.92,55.02,51.2,60.49,49.61,48.04,50.97,54.78,61.83,65.58,63.71,59.48,58.21,54.11,52.75,51.6
MACKAY-M.O,33119,-21.12,149.22,r1i1p1,rcp45,NorESM1-M,2020-2039,67.67,68.49,70.35,67.79,64.05,68.04,67.31,67.3,71.65,69.25,70.07,71.73,69.09,66.69,67.59,64.37,64.36,63.43,66.48
MEEKATHARRA-AIRPORT,7045,-26.61,118.54,r1i1p1,rcp45,NorESM1-M,2020-2039,24.76,20.21,29.01,33.37,16.29,22.01,27.42,17.66,26.37,27.21,29.83,29.98,37.44,35.45,27.22,18.48,15.97,14.42,16.63
MELBOURNE-AIRPORT,86282,-37.68,144.84,r1i1p1,rcp45,NorESM1-M,2020-2039,52.81,44.63,52.75,61.93,51.81,46.66,58.84,44.25,43.09,46.6,51.37,60.28,64.87,63.53,57.39,55.88,51.08,48.48,46.92
MILDURA-AIRPORT,76031,-34.23,142.08,r1i1p1,rcp45,NorESM1-M,2020-2039,36.9,26.3,37.91,50.76,32.62,28.91,44.91,24.68,26.67,29.8,35.67,48.27,54.04,53.38,44.85,38.09,30.84,28.94,27.59
MOREE-AERO,53115,-29.49,149.85,r1i1p1,rcp45,NorESM1-M,2020-2039,37.28,34.83,38.15,43.74,32.16,34.74,39.74,34.04,39.35,35.44,36.41,42.61,45.98,45.78,39.45,33.66,30.93,31.87,31.86
MOUNT-GAMBIER-AERO,26021,-37.75,140.77,r1i1p1,rcp45,NorESM1-M,2020-2039,57.74,45.72,56.87,70.27,58.24,48.81,66.77,44.55,42.72,48.21,54.96,67.44,73.75,71.54,65.53,63.15,59.18,52.4,49.48
MOUNT-ISA-AERO,29127,-20.68,139.49,r1i1p1,rcp45,NorESM1-M,2020-2039,25.4,32.54,26.73,23.11,19.14,29.04,21.72,31.06,38.09,29.94,23.43,26.82,27.39,22.83,19.11,16.86,17.32,23.25,28.67
NOWRA-RAN-AIR-STATION-AWS,68072,-34.95,150.54,r1i1p1,rcp45,NorESM1-M,2020-2039,56.87,60.15,59.67,53.62,53.75,59.6,54.13,60.61,62.41,59.98,59.16,59.85,56.38,54.86,49.62,49.91,53.98,57.59,57.81
PERTH-AIRPORT,9021,-31.93,115.98,r1i1p1,rcp45,NorESM1-M,2020-2039,45.05,34.71,43.39,56.33,45.91,37.68,52.54,34.41,32.32,38.08,43.14,48.96,58.42,56.83,53.74,51,46.25,40.46,36.95
PORT-HEDLAND-AIRPORT,4032,-20.37,118.63,r1i1p1,rcp45,NorESM1-M,2020-2039,38.95,52.24,38.43,30.85,34.4,46.1,31.9,53.29,56.5,46.5,34.63,34.16,34.08,30.37,28.11,29.49,35.18,38.52,46.54
RICHMOND-RAAF,67105,-33.6,150.78,r1i1p1,rcp45,NorESM1-M,2020-2039,47.44,48.53,52.55,47.32,41.21,48.92,45.97,47.66,52.26,51.79,51,54.86,51.78,48.69,41.5,38.71,40.25,44.68,46.05
ROCKHAMPTON-AERO,39083,-23.38,150.48,r1i1p1,rcp45,NorESM1-M,2020-2039,45.16,50.38,47.98,41.2,41.13,48.59,41.78,49.35,53.1,48.35,48.06,47.53,44.43,39.9,39.27,37.45,42.09,43.85,48.52
SYDNEY-AIRPORT-AMO,66037,-33.94,151.17,r1i1p1,rcp45,NorESM1-M,2020-2039,55.81,59.01,60.16,52.24,51.73,58.86,52.79,59.56,61.25,60.37,59.93,60.17,55.5,53.21,48,48.88,50.96,55.33,56.5
TENNANT-CREEK-AIRPORT,15135,-19.64,134.18,r1i1p1,rcp45,NorESM1-M,2020-2039,24.07,30.83,24.91,22.12,18.48,27.33,20.8,28.9,35.94,27.65,22.06,25.01,25.69,22.37,18.29,16.01,17.44,22,27.52
TOWNSVILLE-AERO,32040,-19.25,146.77,r1i1p1,rcp45,NorESM1-M,2020-2039,56.17,62.15,57.22,50.7,54.54,60.02,52.29,60.63,65.99,59.63,56.8,55.24,51.38,49.2,51.51,51.35,55.04,57.23,60.06
WAGGA-WAGGA-AMO,72150,-35.16,147.46,r1i1p1,rcp45,NorESM1-M,2020-2039,43.78,27.9,41.15,62.08,43.79,31.32,56.11,25.95,29.34,31.88,38.84,52.74,64.95,64.21,57.09,53.71,43.98,33.67,29.04
WILLIAMTOWN-RAAF,61078,-32.79,151.84,r1i1p1,rcp45,NorESM1-M,2020-2039,55.96,57.61,60.68,54.21,51.3,57.99,54,57.12,60.7,60.83,59.7,61.52,58.21,55.4,49,48.48,51.36,54.06,55.08
WOOMERA-AERODROME,16001,-31.16,136.81,r1i1p1,rcp45,NorESM1-M,2020-2039,28.78,21.05,30.23,39.19,24.6,23.15,34.43,19.49,21.61,25.3,28.01,37.38,42.91,40.42,34.24,27.23,24.39,22.19,22.19
ADELAIDE-KENT-TOWN,23090,-34.92,138.62,r1i1p1,rcp45,NorESM1-M,2040-2059,47.71,38.66,48.17,58.84,45.11,40.8,54.59,38.24,37.03,41.39,47,56.14,62.17,60.22,54.14,50.2,44.69,40.45,40.88
ALBANY-AIRPORT-COMPARISON,9741,-34.94,117.8,r1i1p1,rcp45,NorESM1-M,2040-2059,61.76,56.79,60.51,66.63,63.17,58.54,65.06,55.92,55.61,59.89,58.46,63.19,68.03,66.98,64.87,64.34,62.94,62.25,58.67
ALICE-SPRINGS-AIRPORT,15590,-23.8,133.89,r1i1p1,rcp45,NorESM1-M,2040-2059,25.03,22.44,28.25,29.39,20.1,23.06,27.03,18.53,27.52,24.73,27.09,32.94,36.44,29.11,22.62,19.5,21.55,19.25,21.03
AMBERLEY-AMO,40004,-27.63,152.71,r1i1p1,rcp45,NorESM1-M,2040-2059,44.65,49.99,49.67,39.71,39.28,48.94,40.4,47.79,54.26,50.94,48.87,49.18,44.09,39.56,35.47,34.17,39.91,43.76,47.83
BRISBANE-AERO,40842,-27.39,153.13,r1i1p1,rcp45,NorESM1-M,2040-2059,56.33,61.45,59.07,49.69,55.1,60.27,52.34,60.21,63.55,60.55,59.14,57.51,52.12,49.72,47.24,51.02,56.4,57.87,60.68
BROOME-AIRPORT,3003,-17.95,122.23,r1i1p1,rcp45,NorESM1-M,2040-2059,50.32,66.68,48.48,32.71,53.41,61.17,39.51,66.19,70.71,63.22,44.43,37.79,34.82,30.5,32.8,45.86,55.26,59.12,63.15
CAIRNS-AERO,31011,-16.87,145.75,r1i1p1,rcp45,NorESM1-M,2040-2059,63.39,67.76,66.74,59.32,59.71,66.65,60.15,66.66,70.97,67.69,66.78,65.76,62.38,58.65,56.93,57.46,59.74,61.92,65.76
CANBERRA-AIRPORT-COMPARISON,70014,-35.3,149.2,r1i1p1,rcp45,NorESM1-M,2040-2059,45.75,36.93,45.95,55.64,44.34,39.45,51.98,36.14,38.83,39.57,45.1,53.19,59.65,57.21,50.07,47.49,44.3,41.24,36.23
CARNARVON-AIRPORT,6011,-24.89,113.67,r1i1p1,rcp45,NorESM1-M,2040-2059,52.11,56.62,53.06,48.47,50.32,55.03,49.22,56.39,57.88,56.47,52.36,50.36,47.6,49.38,48.43,49.25,50.33,51.4,55.5
CEDUNA-AMO,18012,-32.13,133.7,r1i1p1,rcp45,NorESM1-M,2040-2059,46.13,45.63,46.26,49.11,43.53,45.02,47.24,44.59,45.85,44.88,46.13,47.78,51.48,49.98,45.87,45.18,43.14,42.27,46.42
CHARLEVILLE-AERO,44021,-26.42,146.25,r1i1p1,rcp45,NorESM1-M,2040-2059,29.28,29.38,31.44,32.45,23.7,28.6,29.83,26.56,38.5,27.51,31.63,35.17,38.02,33.57,25.77,22.66,23.81,24.62,23.54
COBAR-MO,48027,-31.49,145.83,r1i1p1,rcp45,NorESM1-M,2040-2059,34.23,25.91,36.75,45.16,29.01,28.39,40.04,24.37,30.68,29.72,35.58,44.95,49.71,47.45,38.32,30.77,29.03,27.23,22.89
COFFS-HARBOUR-MO,59040,-30.31,153.12,r1i1p1,rcp45,NorESM1-M,2040-2059,61.83,67.33,65.61,54.48,59.9,66.48,57.2,66.21,69.96,68.09,65.13,63.61,57.28,54.47,51.67,56.05,60.08,63.57,65.81
DARWIN-AIRPORT,14015,-12.42,130.89,r1i1p1,rcp45,NorESM1-M,2040-2059,53.95,70.05,54.88,37.06,53.89,65.1,42.88,70.34,74.12,66.95,53.86,43.83,36.28,36.57,38.31,48.33,53.93,59.4,65.43
DUBBO-AIRPORT-AWS,65070,-32.22,148.58,r1i1p1,rcp45,NorESM1-M,2040-2059,43.18,33.52,43.87,55.2,39.79,36.05,50.37,32.79,37.06,37.51,41.72,52.37,57.93,57.14,50.45,45.27,38.17,35.5,31.04
EAST-SALE-AIRPORT,85072,-38.12,147.13,r1i1p1,rcp45,NorESM1-M,2040-2059,55.83,51.17,56.51,60.71,54.87,52.38,59.25,51.01,50.29,52.31,55.33,61.9,63.76,62.48,55.89,56.67,54.79,53.14,52.39
ESPERANCE,9789,-33.83,121.89,r1i1p1,rcp45,NorESM1-M,2040-2059,57.25,57.74,57.91,57.65,55.8,57.69,56.85,57.06,56.67,59.04,57.51,57.18,59.06,58.21,55.67,56.6,54.37,56.45,59.12
GERALDTON-AIRPORT-COMPARISON,8051,-28.8,114.7,r1i1p1,rcp45,NorESM1-M,2040-2059,47.51,43.89,44.22,54.4,47.61,43.54,51.54,44.06,41.49,43.46,42.39,46.82,50.9,56.62,55.69,52.38,46.84,43.63,45.86
HOBART-ELLERSLIE-ROAD,94029,-42.89,147.33,r1i1p1,rcp45,NorESM1-M,2040-2059,55.21,52.39,56.34,59.61,52.61,53.05,57.44,53.53,50.95,52.97,55.88,60.18,63.16,60.45,55.23,53.44,52.17,52.23,52.33
KALGOORLIE-BOULDER-AIRPORT,12038,-30.78,121.45,r1i1p1,rcp45,NorESM1-M,2040-2059,32.21,25.31,37.81,41.18,24.65,28.06,36.28,22.47,27.98,32.49,37,43.06,45.5,41.94,36.11,28.26,22.82,22.87,24.91
LAUNCESTON-AIRPORT-COMPARISON,91104,-41.54,147.2,r1i1p1,rcp45,NorESM1-M,2040-2059,55.72,46.05,54.8,67.64,54.53,48.13,63.39,46.56,44.85,45.6,54.2,64.61,70.25,69.42,63.26,58.09,54.72,50.78,46.34
LAVERTON-RAAF,87031,-37.86,144.76,r1i1p1,rcp45,NorESM1-M,2040-2059,55.91,50.67,56,62.74,54.18,51.53,60.21,51.73,49.36,51.04,54.71,62.24,65.46,63.65,59.12,57.15,53.65,51.74,51.08
MACKAY-M.O,33119,-21.12,149.22,r1i1p1,rcp45,NorESM1-M,2040-2059,69.96,70.47,73.18,70.05,66.18,70.21,69.73,69.56,74.67,71.48,73.8,74.24,71.25,70.28,68.61,67.36,66.64,64.54,67.14
MEEKATHARRA-AIRPORT,7045,-26.61,118.54,r1i1p1,rcp45,NorESM1-M,2040-2059,24.74,19.34,29.07,33.47,16.91,21.43,27.96,16.52,25.6,25.99,28.85,32.37,37.86,35.11,27.45,18.96,16,15.76,15.92
MELBOURNE-AIRPORT,86282,-37.68,144.84,r1i1p1,rcp45,NorESM1-M,2040-2059,52.8,45.47,52.92,61.73,50.96,46.93,58.55,46.14,44.34,46.73,51.39,60.65,64.78,63.42,56.99,54.81,50.64,47.44,46.3
MILDURA-AIRPORT,76031,-34.23,142.08,r1i1p1,rcp45,NorESM1-M,2040-2059,36.92,27.33,38.25,50.56,31.52,29.28,44.57,26.43,28.77,29.94,36.5,48.29,54.75,53.15,43.78,37.1,30.33,27.12,26.82
MOREE-AERO,53115,-29.49,149.85,r1i1p1,rcp45,NorESM1-M,2040-2059,37.16,34.71,38.23,43.56,31.91,34.67,39.57,33.84,39.86,35.52,36.73,42.44,46.41,45.93,38.34,33.14,31.14,31.44,31.16
MOUNT-GAMBIER-AERO,26021,-37.75,140.77,r1i1p1,rcp45,NorESM1-M,2040-2059,57.75,46.56,56.8,70.25,57.55,49.07,66.53,46.23,43.49,48.03,54.77,67.6,73.89,71.62,65.23,62.38,58.48,51.78,49.55
MOUNT-ISA-AERO,29127,-20.68,139.49,r1i1p1,rcp45,NorESM1-M,2040-2059,26.78,33.31,29.85,23.48,20.41,30.53,22.99,30.85,40.99,31.79,28.35,29.4,28.55,23.48,18.42,17.79,20.28,23.15,28.31
NOWRA-RAN-AIR-STATION-AWS,68072,-34.95,150.54,r1i1p1,rcp45,NorESM1-M,2040-2059,56.57,60.12,59.63,53.12,53.08,59.52,53.59,60.78,63.41,60,59.16,59.73,56,54.52,48.83,49.1,53.15,57.21,56.55
PERTH-AIRPORT,9021,-31.93,115.98,r1i1p1,rcp45,NorESM1-M,2040-2059,44.65,34.96,42.76,55.44,45.58,37.46,51.96,34.76,32.23,37.88,41.58,48.81,56.43,56.98,52.91,50.93,45.69,40.13,37.43
PORT-HEDLAND-AIRPORT,4032,-20.37,118.63,r1i1p1,rcp45,NorESM1-M,2040-2059,38.8,50.87,38.74,30.8,34.9,45.49,32.21,51.85,54.98,45.91,34.91,35.39,34.58,29.77,28.05,29.59,35.85,39.25,45.41
RICHMOND-RAAF,67105,-33.6,150.78,r1i1p1,rcp45,NorESM1-M,2040-2059,47.21,48.51,52.49,46.97,40.76,48.84,45.6,47.47,53.25,51.68,51,54.78,51.67,48.49,40.77,38.24,39.66,44.37,45.19
ROCKHAMPTON-AERO,39083,-23.38,150.48,r1i1p1,rcp45,NorESM1-M,2040-2059,46.81,51.81,49.93,42.69,42.86,50.16,43.5,50.72,55.49,50.14,50.49,49.15,45.69,42.4,39.97,39.48,44.32,44.77,49.06
SYDNEY-AIRPORT-AMO,66037,-33.94,151.17,r1i1p1,rcp45,NorESM1-M,2040-2059,55.59,59.06,60.12,51.86,51.2,58.82,52.38,59.46,62.48,60.32,59.9,60.14,55.35,53.02,47.21,48.36,50.21,55.03,55.52
TENNANT-CREEK-AIRPORT,15135,-19.64,134.18,r1i1p1,rcp45,NorESM1-M,2040-2059,24.76,30.82,27.23,21.77,19.27,28.15,21.36,28.22,37.48,28.79,25.98,26.91,26.46,22.03,16.82,16.34,19.61,21.87,26.65
TOWNSVILLE-AERO,32040,-19.25,146.77,r1i1p1,rcp45,NorESM1-M,2040-2059,58.05,63.78,59.18,52.37,56.8,61.66,54.41,62.78,67.68,61.16,59.48,56.9,52.69,51.62,52.79,54.53,57.9,57.98,61.12
WAGGA-WAGGA-AMO,72150,-35.16,147.46,r1i1p1,rcp45,NorESM1-M,2040-2059,43.38,27.69,41.29,61.3,43.05,31.23,55.4,26.08,29.7,31.99,39.19,52.68,64.35,63.59,55.96,52.66,43.16,33.34,27.89
WILLIAMTOWN-RAAF,61078,-32.79,151.84,r1i1p1,rcp45,NorESM1-M,2040-2059,55.83,57.75,60.67,53.97,50.89,58,53.72,56.83,62.07,60.81,59.61,61.59,58.17,55.52,48.23,48.24,50.6,53.85,54.42
WOOMERA-AERODROME,16001,-31.16,136.81,r1i1p1,rcp45,NorESM1-M,2040-2059,28.9,21.93,30.6,39.08,23.93,23.49,34.32,20.14,23.35,24.17,29.85,37.78,44.43,40,32.81,26.68,24.21,20.9,22.45
ADELAIDE-KENT-TOWN,23090,-34.92,138.62,r1i1p1,rcp45,NorESM1-M,2060-2079,46.81,37.25,46.85,58.21,44.88,39.68,53.92,35.75,35.6,40.7,44.99,54.85,61.8,59.81,53.01,50.05,44,40.6,40.6
ALBANY-AIRPORT-COMPARISON,9741,-34.94,117.8,r1i1p1,rcp45,NorESM1-M,2060-2079,61.77,56.7,60.4,66.57,63.45,58.43,65.18,55.7,55.03,58.54,58.85,63.81,67.8,67.26,64.66,65.05,62.48,62.81,59.2
ALICE-SPRINGS-AIRPORT,15590,-23.8,133.89,r1i1p1,rcp45,NorESM1-M,2060-2079,23.98,21.92,25.98,28.75,19.35,21.92,26.07,18.21,26.7,23.48,22.77,31.69,34.62,28.85,22.79,18.81,19.69,19.56,20.61
AMBERLEY-AMO,40004,-27.63,152.71,r1i1p1,rcp45,NorESM1-M,2060-2079,44.23,49.09,48.97,39.62,39.27,48.24,40.25,47.05,52.3,50.26,47.73,48.91,43.88,39.43,35.56,33.98,39.73,44.09,47.84
BRISBANE-AERO,40842,-27.39,153.13,r1i1p1,rcp45,NorESM1-M,2060-2079,55.87,60.36,58.32,49.65,55.1,59.49,52.18,59.23,61.35,59.99,57.77,57.2,51.95,49.53,47.48,50.74,56.17,58.39,60.58
BROOME-AIRPORT,3003,-17.95,122.23,r1i1p1,rcp45,NorESM1-M,2060-2079,50.4,67.23,47.65,33.64,53.1,61.03,39.82,68.28,71.48,62.81,42.41,37.73,35.19,31.8,33.93,46.62,53.63,59.05,61.92
CAIRNS-AERO,31011,-16.87,145.75,r1i1p1,rcp45,NorESM1-M,2060-2079,62.58,67.23,65.57,58.75,58.76,65.81,59.38,66.3,70.79,66.56,65.1,65.04,61.7,58.37,56.17,56.49,58.5,61.28,64.71
CANBERRA-AIRPORT-COMPARISON,70014,-35.3,149.2,r1i1p1,rcp45,NorESM1-M,2060-2079,45.53,36.72,45.46,55.63,44.18,39.08,51.92,35.11,38.71,39.08,44.23,53.07,59.77,57.29,49.83,47.38,44.17,40.99,36.77
CARNARVON-AIRPORT,6011,-24.89,113.67,r1i1p1,rcp45,NorESM1-M,2060-2079,51.94,55.58,52.29,49.59,50.3,54.53,49.36,55.71,56.57,56.02,52.34,48.52,50.26,49.34,49.18,49.06,49.82,52.02,54.37
CEDUNA-AMO,18012,-32.13,133.7,r1i1p1,rcp45,NorESM1-M,2060-2079,44.98,43.52,44.42,48.58,43.38,43.36,46.59,41.24,43.52,44.14,43.02,46.1,50.76,49.48,45.51,45.15,42.56,42.45,45.79
CHARLEVILLE-AERO,44021,-26.42,146.25,r1i1p1,rcp45,NorESM1-M,2060-2079,28.23,27.94,30.05,32.05,22.72,27.28,29.05,25.65,35.16,26.52,28.93,34.7,37.32,33.19,25.65,22.28,21.16,24.72,23.46
COBAR-MO,48027,-31.49,145.83,r1i1p1,rcp45,NorESM1-M,2060-2079,33.24,25.22,35.35,44.2,28.11,27.43,39.02,23.04,29.64,29.25,32.84,43.97,49.03,46.82,36.75,30.56,27.03,26.73,23.17
COFFS-HARBOUR-MO,59040,-30.31,153.12,r1i1p1,rcp45,NorESM1-M,2060-2079,61.5,66.68,65.11,54.46,59.74,65.96,57.05,65.42,68.87,67.85,64.22,63.27,57.21,54.36,51.82,55.62,60.04,63.55,65.75
DARWIN-AIRPORT,14015,-12.42,130.89,r1i1p1,rcp45,NorESM1-M,2060-2079,53.25,69.87,53.43,37.37,52.41,64.18,42.4,70.58,74.18,66.52,50.39,43.37,36.33,37.36,38.41,46.68,52.22,58.33,64.59
DUBBO-AIRPORT-AWS,65070,-32.22,148.58,r1i1p1,rcp45,NorESM1-M,2060-2079,42.53,33.2,42.99,54.58,39.04,35.46,49.67,31.83,36.4,36.98,40.24,51.75,57.42,56.74,49.45,44.77,36.9,34.99,31.63
EAST-SALE-AIRPORT,85072,-38.12,147.13,r1i1p1,rcp45,NorESM1-M,2060-2079,55.43,50.4,55.69,60.66,54.89,51.75,59.07,49.06,50.21,51.36,54.44,61.26,64.21,62.41,55.37,56.49,54.67,53.5,52.12
ESPERANCE,9789,-33.83,121.89,r1i1p1,rcp45,NorESM1-M,2060-2079,57.34,57.11,57.6,58.21,56.57,57.35,57.38,55.35,57.06,57.61,57.38,57.79,59.66,58.66,56.3,57.05,54.81,57.84,58.57
GERALDTON-AIRPORT-COMPARISON,8051,-28.8,114.7,r1i1p1,rcp45,NorESM1-M,2060-2079,47.69,43.66,44.2,55.13,47.85,43.67,51.77,44.06,41.3,43.36,42.89,46.34,53.19,56.33,55.86,52.7,46.19,44.65,45.36
HOBART-ELLERSLIE-ROAD,94029,-42.89,147.33,r1i1p1,rcp45,NorESM1-M,2060-2079,55.06,51.62,55.96,59.92,52.86,52.66,57.53,51.74,51.16,52.47,55.7,59.7,63.62,60.8,55.35,53.51,52.18,52.88,51.62
KALGOORLIE-BOULDER-AIRPORT,12038,-30.78,121.45,r1i1p1,rcp45,NorESM1-M,2060-2079,32.01,25.05,36.64,41.61,24.83,27.63,36.3,21.44,29.02,31.83,35.47,41.79,45.94,42.14,36.74,27.93,23.28,23.29,24.05
LAUNCESTON-AIRPORT-COMPARISON,91104,-41.54,147.2,r1i1p1,rcp45,NorESM1-M,2060-2079,55.56,45.31,54.43,67.9,54.72,47.75,63.45,44.75,45.05,45.18,54,64.11,71.02,69.6,63.09,58.06,54.8,51.3,45.75
LAVERTON-RAAF,87031,-37.86,144.76,r1i1p1,rcp45,NorESM1-M,2060-2079,55.06,49.21,54.73,62.29,53.95,50.35,59.69,48.84,48.71,49.88,53.27,61.05,65.41,63.28,58.19,56.88,53.3,51.66,50.24
MACKAY-M.O,33119,-21.12,149.22,r1i1p1,rcp45,NorESM1-M,2060-2079,67.55,68.06,70.06,67.9,64.2,67.57,67.54,66.79,71.62,68.37,69.74,72.07,69.32,68.45,65.92,65.2,64.3,63.09,65.71
MEEKATHARRA-AIRPORT,7045,-26.61,118.54,r1i1p1,rcp45,NorESM1-M,2060-2079,24.19,19.04,27.44,34.11,16,20.64,27.64,16.78,25.17,25.42,26.77,30.14,39.18,34.89,28.25,18.13,15.26,14.59,15.16
MELBOURNE-AIRPORT,86282,-37.68,144.84,r1i1p1,rcp45,NorESM1-M,2060-2079,51.97,44.12,51.66,61.27,50.69,45.81,58,43.51,43.74,45.62,49.93,59.44,64.67,63.06,56.08,54.52,50.25,47.31,45.5
MILDURA-AIRPORT,76031,-34.23,142.08,r1i1p1,rcp45,NorESM1-M,2060-2079,35.5,25.62,36.11,49.63,30.62,27.53,43.48,23.75,26.88,28.61,33.38,46.34,54.02,52.63,42.23,36.52,29.14,26.22,26.25
MOREE-AERO,53115,-29.49,149.85,r1i1p1,rcp45,NorESM1-M,2060-2079,36.75,34.29,37.58,43.33,31.54,34.16,39.25,33.26,38.84,34.79,35.74,42.2,46.18,45.74,38.08,32.78,30.51,31.34,31.51
MOUNT-GAMBIER-AERO,26021,-37.75,140.77,r1i1p1,rcp45,NorESM1-M,2060-2079,57.02,45.48,55.67,69.6,57.48,48.15,65.99,43.98,42.83,46.99,53.37,66.64,73.94,70.95,63.9,62.23,58.26,51.95,49.23
MOUNT-ISA-AERO,29127,-20.68,139.49,r1i1p1,rcp45,NorESM1-M,2060-2079,25.06,32.17,26.46,22.42,19.1,28.71,21.36,30.52,38.27,29.48,23.16,26.74,27.57,22.22,17.46,16.85,17.34,23.11,27.93
NOWRA-RAN-AIR-STATION-AWS,68072,-34.95,150.54,r1i1p1,rcp45,NorESM1-M,2060-2079,56.33,59.81,59.14,53.13,52.93,59.06,53.58,59.27,63.31,59.42,58.24,59.77,56.1,54.54,48.73,48.98,53.16,56.89,57.22
PERTH-AIRPORT,9021,-31.93,115.98,r1i1p1,rcp45,NorESM1-M,2060-2079,44.88,35.02,42.71,55.96,45.99,37.67,52.22,34.68,32.61,37.18,42.29,48.64,57.96,56.92,53,51.51,45.28,41.17,37.32
PORT-HEDLAND-AIRPORT,4032,-20.37,118.63,r1i1p1,rcp45,NorESM1-M,2060-2079,38.45,50.95,37.88,31.1,33.97,45.24,31.75,53.29,54.45,45.25,34.11,34.26,35.28,29.88,28.16,28.72,34.2,39,44.75
RICHMOND-RAAF,67105,-33.6,150.78,r1i1p1,rcp45,NorESM1-M,2060-2079,46.92,48.13,52,46.88,40.55,48.36,45.49,46.42,52.77,51.22,50.07,54.69,51.61,48.4,40.63,38.1,39.48,44.06,45.57
ROCKHAMPTON-AERO,39083,-23.38,150.48,r1i1p1,rcp45,NorESM1-M,2060-2079,45.59,50.32,48.54,41.92,41.63,48.71,42.51,49.1,53.18,48.84,48.3,48.49,45.26,41.35,39.13,38.5,42.36,44.04,48.51
SYDNEY-AIRPORT-AMO,66037,-33.94,151.17,r1i1p1,rcp45,NorESM1-M,2060-2079,55.3,58.64,59.62,51.8,51.06,58.31,52.33,58.16,62.04,59.85,58.9,60.1,55.42,52.86,47.11,48.24,50.23,54.71,56
TENNANT-CREEK-AIRPORT,15135,-19.64,134.18,r1i1p1,rcp45,NorESM1-M,2060-2079,23.8,30.57,24.92,21.37,18.39,27.1,20.49,28.62,36.61,27.4,22.05,25.3,26.07,21.36,16.7,15.87,17.68,21.61,26.37
TOWNSVILLE-AERO,32040,-19.25,146.77,r1i1p1,rcp45,NorESM1-M,2060-2079,56.27,62.31,56.96,50.81,54.92,59.9,52.6,61.17,65.78,59.05,56.62,55.2,51.33,50.55,50.56,52.46,55.52,56.8,60.22
WAGGA-WAGGA-AMO,72150,-35.16,147.46,r1i1p1,rcp45,NorESM1-M,2060-2079,43.09,27.49,40.63,61.18,42.84,30.82,55.22,25.19,29.43,31.48,38.12,52.28,64.56,63.59,55.4,52.57,42.93,33.01,28.47
WILLIAMTOWN-RAAF,61078,-32.79,151.84,r1i1p1,rcp45,NorESM1-M,2060-2079,55.52,57.23,60.21,53.86,50.78,57.47,53.65,55.75,61.34,60.51,58.6,61.51,58.23,55.2,48.14,48.11,50.69,53.55,54.68
WOOMERA-AERODROME,16001,-31.16,136.81,r1i1p1,rcp45,NorESM1-M,2060-2079,27.5,20.14,28.17,38.19,23.46,21.72,33.29,18.04,20.52,23.43,25.86,35.2,43.42,39.55,31.6,26.56,23.45,20.36,22
ADELAIDE-KENT-TOWN,23090,-34.92,138.62,r1i1p1,rcp45,NorESM1-M,2080-2099,47.48,38.69,47.52,58.82,45.02,40.61,54.44,37.16,37.64,41.65,45.84,55.06,61.56,60.75,54.14,50.25,44.9,39.92,40.85
ALBANY-AIRPORT-COMPARISON,9741,-34.94,117.8,r1i1p1,rcp45,NorESM1-M,2080-2099,61.64,56.8,60.55,66.55,62.67,58.29,65.07,56.24,55.51,59.02,58.81,63.83,68.65,66.69,64.3,63.93,63.04,61.05,58.59
ALICE-SPRINGS-AIRPORT,15590,-23.8,133.89,r1i1p1,rcp45,NorESM1-M,2080-2099,24.37,22.78,25.06,29.7,19.72,22.25,26.4,18.88,26.92,22.34,23.4,29.44,34.66,30.41,24.04,19.08,20.78,19.3,23.21
AMBERLEY-AMO,40004,-27.63,152.71,r1i1p1,rcp45,NorESM1-M,2080-2099,44.32,49.49,48.68,39.77,39.46,48.4,40.33,48.1,52.41,49.5,48.37,48.18,44.5,39.53,35.29,34.14,40.31,43.91,47.66
BRISBANE-AERO,40842,-27.39,153.13,r1i1p1,rcp45,NorESM1-M,2080-2099,56.6,61.28,58.72,50.35,55.95,60.21,52.88,60.82,62.15,59.74,59.43,56.99,53.28,50.13,47.66,51.47,57.78,58.6,61.17
BROOME-AIRPORT,3003,-17.95,122.23,r1i1p1,rcp45,NorESM1-M,2080-2099,50.33,66.58,46.95,34.02,53.69,60.7,39.94,66.19,70.16,62.15,43.4,35.31,35.31,31.44,35.31,47.11,55.15,58.81,63.61
CAIRNS-AERO,31011,-16.87,145.75,r1i1p1,rcp45,NorESM1-M,2080-2099,63.14,68.04,65.61,59.76,59.24,66.44,59.97,67.12,70.73,66.31,66.02,64.5,62.85,59.51,56.93,56.89,59.13,61.71,65.94
CANBERRA-AIRPORT-COMPARISON,70014,-35.3,149.2,r1i1p1,rcp45,NorESM1-M,2080-2099,45.72,37.54,45.19,55.61,44.77,39.55,51.98,36.51,39.18,39.36,43.86,52.35,59.72,57.48,49.63,48.02,44.7,41.6,36.17
CARNARVON-AIRPORT,6011,-24.89,113.67,r1i1p1,rcp45,NorESM1-M,2080-2099,52.52,56.88,54.08,49.17,49.88,55.59,49.44,57.16,58.44,57.57,54.21,50.45,49.52,50.04,47.94,48.89,49.81,50.94,55.24
CEDUNA-AMO,18012,-32.13,133.7,r1i1p1,rcp45,NorESM1-M,2080-2099,45.77,45.02,45.48,49.2,43.51,44.41,47.22,43.16,45.45,44.71,44.73,47,51.08,50.21,46.33,45.76,42.93,41.84,46.04
CHARLEVILLE-AERO,44021,-26.42,146.25,r1i1p1,rcp45,NorESM1-M,2080-2099,28.69,28.52,29.68,33.06,23.63,27.69,29.91,27.12,34.47,25.52,29.51,34,38.06,34.16,26.96,23.38,22.86,24.63,23.61
COBAR-MO,48027,-31.49,145.83,r1i1p1,rcp45,NorESM1-M,2080-2099,33.93,25.89,35.61,45.01,29.49,28.21,39.95,24.52,29.32,28.72,34.26,43.84,49.26,47.94,37.81,31.86,28.97,27.65,23.05
COFFS-HARBOUR-MO,59040,-30.31,153.12,r1i1p1,rcp45,NorESM1-M,2080-2099,61.51,66.71,64.9,54.71,59.82,65.93,57.14,66.31,68.18,66.94,65.18,62.57,57.93,54.5,51.7,56.05,60.07,63.35,65.35
DARWIN-AIRPORT,14015,-12.42,130.89,r1i1p1,rcp45,NorESM1-M,2080-2099,53.21,69.89,52.57,37.64,52.65,64.08,42.31,70.18,73.26,65.43,50.96,41.31,36.61,37.42,38.88,46.93,52.7,58.33,66.56
DUBBO-AIRPORT-AWS,65070,-32.22,148.58,r1i1p1,rcp45,NorESM1-M,2080-2099,42.8,33.34,42.71,55.08,40.19,35.58,50.26,32.7,35.73,36.33,40.52,51.28,57.28,57.79,50.06,45.9,38.34,35.9,31.04
EAST-SALE-AIRPORT,85072,-38.12,147.13,r1i1p1,rcp45,NorESM1-M,2080-2099,55.34,51.04,55.51,60.72,54.4,51.99,58.99,49.99,50.13,51.87,53.7,60.96,64.33,62.28,55.54,56.58,54.25,52.37,52.06
ESPERANCE,9789,-33.83,121.89,r1i1p1,rcp45,NorESM1-M,2080-2099,57.72,58.29,58.11,58.39,56.07,57.78,57.67,57.34,58.52,58.74,57.38,58.22,59.83,59.07,56.26,56.92,55.72,55.59,59.09
GERALDTON-AIRPORT-COMPARISON,8051,-28.8,114.7,r1i1p1,rcp45,NorESM1-M,2080-2099,48.13,44.63,45.98,55.06,46.76,44.39,51.87,44.94,43.41,45.32,44.26,48.35,53.39,56.9,54.89,51.27,46.39,42.62,45.81
HOBART-ELLERSLIE-ROAD,94029,-42.89,147.33,r1i1p1,rcp45,NorESM1-M,2080-2099,54.91,51.83,55.91,59.68,52.58,52.62,57.4,52.46,50.61,53.05,55.13,59.54,63.64,60.24,55.15,53.45,52.4,51.9,51.35
KALGOORLIE-BOULDER-AIRPORT,12038,-30.78,121.45,r1i1p1,rcp45,NorESM1-M,2080-2099,32.7,26.4,38.15,41.62,24.76,28.82,36.57,22.5,31.14,33.61,37.47,42.55,46.42,42.29,36.16,28.48,23.54,22.26,24.79
LAUNCESTON-AIRPORT-COMPARISON,91104,-41.54,147.2,r1i1p1,rcp45,NorESM1-M,2080-2099,55.54,45.54,54.42,67.72,54.66,47.78,63.35,45.58,44.53,45.37,54.05,63.85,71.01,69.25,62.89,58.37,54.75,50.85,45.95
LAVERTON-RAAF,87031,-37.86,144.76,r1i1p1,rcp45,NorESM1-M,2080-2099,55.22,49.94,55.19,62.45,53.56,50.91,59.74,49.94,48.74,50.75,53.49,61.32,65.65,63.36,58.36,56.8,52.93,50.96,50.3
MACKAY-M.O,33119,-21.12,149.22,r1i1p1,rcp45,NorESM1-M,2080-2099,69.06,70.41,70.84,70.22,65.01,69.34,69.02,69.62,73.39,69.22,71.36,71.94,71.52,70.46,68.67,66.13,65.4,63.49,67.57
MEEKATHARRA-AIRPORT,7045,-26.61,118.54,r1i1p1,rcp45,NorESM1-M,2080-2099,24.65,19.88,28.62,33.72,16.17,21.64,27.61,16.68,26.65,26.32,28.36,31.19,39.5,35.17,26.48,18.08,15.23,15.19,16.5
MELBOURNE-AIRPORT,86282,-37.68,144.84,r1i1p1,rcp45,NorESM1-M,2080-2099,52.04,44.94,51.98,61.4,50.18,46.41,57.95,44.37,44.11,46.34,50.12,59.49,64.6,63.23,56.35,54.34,49.71,46.49,45.37
MILDURA-AIRPORT,76031,-34.23,142.08,r1i1p1,rcp45,NorESM1-M,2080-2099,36.51,27.22,36.97,50.13,31.86,28.95,44.2,25.59,28.59,29.6,35,46.31,53.63,53.37,43.4,37.89,30.59,27.1,27.04
MOREE-AERO,53115,-29.49,149.85,r1i1p1,rcp45,NorESM1-M,2080-2099,36.65,34.55,37.11,43.41,31.75,34.17,39.26,34.29,38.14,34.09,35.73,41.5,46.45,45.97,37.8,33.31,30.56,31.39,30.54
MOUNT-GAMBIER-AERO,26021,-37.75,140.77,r1i1p1,rcp45,NorESM1-M,2080-2099,57.35,46.24,56.14,70.19,57.08,48.54,66.36,45.03,43.83,47.71,53.6,67.11,74.09,71.67,64.81,61.83,58.65,50.76,49.12
MOUNT-ISA-AERO,29127,-20.68,139.49,r1i1p1,rcp45,NorESM1-M,2080-2099,25.76,34.28,25.91,23.35,19.45,29.68,21.82,32.78,39.87,29.15,23.57,25.01,27.15,24.08,18.83,17.51,18.32,22.53,30.37
NOWRA-RAN-AIR-STATION-AWS,68072,-34.95,150.54,r1i1p1,rcp45,NorESM1-M,2080-2099,56.33,60.2,59.23,52.94,52.91,59.41,53.36,60.49,62.95,59.97,58.52,59.18,56.21,54.23,48.38,48.97,52.98,57,56.69
PERTH-AIRPORT,9021,-31.93,115.98,r1i1p1,rcp45,NorESM1-M,2080-2099,44.9,35.23,43.65,55.81,44.86,37.72,52.1,34.67,34,38.78,42.7,49.47,57.33,57.16,52.93,50.09,45.61,38.87,37.21
PORT-HEDLAND-AIRPORT,4032,-20.37,118.63,r1i1p1,rcp45,NorESM1-M,2080-2099,38.9,50.95,38.46,31.06,34.96,45.73,32.05,52.28,54.99,46.27,35.51,33.61,34.95,30.19,28.04,30.08,35.43,39.38,46.1
RICHMOND-RAAF,67105,-33.6,150.78,r1i1p1,rcp45,NorESM1-M,2080-2099,46.77,48.38,52.02,46.52,40.35,48.62,45.03,47.73,52.11,51.56,50.55,53.94,51.54,47.9,40.1,37.82,38.88,44.34,44.74
ROCKHAMPTON-AERO,39083,-23.38,150.48,r1i1p1,rcp45,NorESM1-M,2080-2099,46.38,51.87,48.3,43.01,42.51,49.65,43.29,51.26,54.48,48.48,48.94,47.47,46.59,42.14,40.31,39.4,43.8,44.32,49.33
SYDNEY-AIRPORT-AMO,66037,-33.94,151.17,r1i1p1,rcp45,NorESM1-M,2080-2099,55.31,58.87,59.99,51.65,50.93,58.64,52.11,59.51,61.35,60.34,59.8,59.84,55.58,52.64,46.73,48.14,49.73,54.91,55.21
TENNANT-CREEK-AIRPORT,15135,-19.64,134.18,r1i1p1,rcp45,NorESM1-M,2080-2099,24.24,31.68,24.1,21.96,19.13,27.56,20.84,29.33,37.16,26.61,22.3,23.39,25.78,22.67,17.42,16.46,19.31,21.61,28.9
TOWNSVILLE-AERO,32040,-19.25,146.77,r1i1p1,rcp45,NorESM1-M,2080-2099,57.22,63.75,57.18,52.29,55.77,60.99,53.57,62.64,66.87,59.43,57.45,54.67,52.86,51.8,52.22,53.54,56.31,57.45,61.4
WAGGA-WAGGA-AMO,72150,-35.16,147.46,r1i1p1,rcp45,NorESM1-M,2080-2099,43.24,28.39,40.32,61.05,43.53,31.36,55.32,26.21,30.14,31.29,38,51.66,63.52,64,55.64,53.12,43.96,33.5,27.9
WILLIAMTOWN-RAAF,61078,-32.79,151.84,r1i1p1,rcp45,NorESM1-M,2080-2099,55.45,57.27,60.48,53.69,50.54,57.62,53.39,57.2,60.24,60.47,59.75,61.22,58.25,55.07,47.75,47.96,50.07,53.6,53.79
WOOMERA-AERODROME,16001,-31.16,136.81,r1i1p1,rcp45,NorESM1-M,2080-2099,28.23,21.7,29.01,38.5,23.77,22.97,33.56,19.49,22.83,23.99,27.71,35.33,43.39,39.96,32.16,27.06,23.49,20.78,22.56
ADELAIDE-KENT-TOWN,23090,-34.92,138.62,r1i1p1,rcp60,CESM1-CAM5,2020-2039,47.8,37.66,48.51,59.39,45.57,40.61,54.96,35.8,36.46,42.03,47.52,55.98,61.57,60.68,55.93,50.59,44.99,41.14,40.88
ALBANY-AIRPORT-COMPARISON,9741,-34.94,117.8,r1i1p1,rcp60,CESM1-CAM5,2020-2039,62.28,56.52,61.04,67.44,64.19,58.65,65.99,55.56,55.69,58.66,60.55,63.91,68.82,67.54,65.95,64.99,64.73,62.83,58.13
ALICE-SPRINGS-AIRPORT,15590,-23.8,133.89,r1i1p1,rcp60,CESM1-CAM5,2020-2039,23.15,23.17,25.44,27.58,16.5,22.23,24.1,18.04,24.14,20.87,24.9,30.55,31.47,28.6,22.69,14.94,16.39,18.16,27.01
AMBERLEY-AMO,40004,-27.63,152.71,r1i1p1,rcp60,CESM1-CAM5,2020-2039,44.16,49.28,49.62,39.44,38.33,48.69,39.66,47.91,52.79,50.65,49.88,48.31,43.36,39.35,35.63,32.95,38.37,43.67,47.05
BRISBANE-AERO,40842,-27.39,153.13,r1i1p1,rcp60,CESM1-CAM5,2020-2039,55.85,60.58,59.25,49.53,54,60.1,51.53,60.16,62.06,60.6,60.65,56.49,51.35,49.54,47.71,49.34,54.76,57.9,59.6
BROOME-AIRPORT,3003,-17.95,122.23,r1i1p1,rcp60,CESM1-CAM5,2020-2039,48.64,65.11,44.99,32.36,52.08,58.85,38.46,65.67,67.1,60.07,40.95,33.95,30.22,31.95,34.92,45.12,54.59,56.54,62.56
CAIRNS-AERO,31011,-16.87,145.75,r1i1p1,rcp60,CESM1-CAM5,2020-2039,62.57,67.69,66.27,58.31,57.96,66.6,58.55,66.42,71.78,66.84,67.61,64.36,60.75,57.59,56.58,54.25,57.79,61.85,64.99
CANBERRA-AIRPORT-COMPARISON,70014,-35.3,149.2,r1i1p1,rcp60,CESM1-CAM5,2020-2039,46.49,37.36,47.27,56.2,44.98,40.31,52.6,36.06,39.15,41.3,46.6,53.92,60.05,57.53,51.03,48.79,44.29,41.86,37.31
CARNARVON-AIRPORT,6011,-24.89,113.67,r1i1p1,rcp60,CESM1-CAM5,2020-2039,52.73,56.61,53.38,49.53,51.4,55.51,49.97,57.4,56.9,55.48,54.3,50.38,48.38,51.21,49,49.5,51.32,53.39,55.45
CEDUNA-AMO,18012,-32.13,133.7,r1i1p1,rcp60,CESM1-CAM5,2020-2039,45.59,44.78,45.13,49.38,43.06,44.43,46.74,42.8,45.87,44.66,44.86,45.86,49.7,49.86,48.59,44.43,41.99,42.75,45.66
CHARLEVILLE-AERO,44021,-26.42,146.25,r1i1p1,rcp60,CESM1-CAM5,2020-2039,27.97,27.75,30.94,31.96,21.1,27.4,28.42,25.81,34.07,26.63,31.48,34.7,35.98,33.57,26.33,20.32,19.62,23.35,23.83
COBAR-MO,48027,-31.49,145.83,r1i1p1,rcp60,CESM1-CAM5,2020-2039,33.93,26.28,37.58,44.57,27.2,28.82,39.01,24.72,29.82,31.45,36.49,44.82,47.66,47.72,38.33,30.29,25.27,26.03,24.52
COFFS-HARBOUR-MO,59040,-30.31,153.12,r1i1p1,rcp60,CESM1-CAM5,2020-2039,61.71,66.94,66.09,54.46,59.34,66.68,56.75,66.88,68.13,68.45,67.06,62.77,56.41,54.53,52.43,55.21,59.16,63.66,65.8
DARWIN-AIRPORT,14015,-12.42,130.89,r1i1p1,rcp60,CESM1-CAM5,2020-2039,53.51,70.55,54.12,37.17,52.3,64.81,42.3,70.87,73.87,66.35,52.8,43.21,35.69,37.12,38.7,48.05,51.02,57.82,66.67
DUBBO-AIRPORT-AWS,65070,-32.22,148.58,r1i1p1,rcp60,CESM1-CAM5,2020-2039,43.47,34.19,45.38,55.55,38.4,36.72,50.28,33.77,37.32,38.57,44.01,53.57,57.2,58.3,51.09,45.03,35.49,34.16,31.8
EAST-SALE-AIRPORT,85072,-38.12,147.13,r1i1p1,rcp60,CESM1-CAM5,2020-2039,55.53,49.13,57.1,60.72,55.1,51.71,59.32,47.6,48.9,53.46,55.94,61.89,63.49,61.98,56.68,56.81,55.03,53.47,51.07
ESPERANCE,9789,-33.83,121.89,r1i1p1,rcp60,CESM1-CAM5,2020-2039,56.76,56.79,56.07,58.24,56.05,56.45,57.11,55.84,56.76,55.7,56.32,56.19,58.8,58.76,57.16,56.8,54.96,56.38,57.43
GERALDTON-AIRPORT-COMPARISON,8051,-28.8,114.7,r1i1p1,rcp60,CESM1-CAM5,2020-2039,48.16,44.6,44.44,55.19,48.51,44.27,52.12,45.51,40.91,42.75,43.58,47,51.45,56.75,57.37,52.2,47.94,45.4,47.1
HOBART-ELLERSLIE-ROAD,94029,-42.89,147.33,r1i1p1,rcp60,CESM1-CAM5,2020-2039,55.28,51.17,56.74,60.25,53.07,52.57,58.05,51.77,50.33,53.2,56.05,60.96,62.87,61.26,56.63,53.74,52.82,52.65,51.05
KALGOORLIE-BOULDER-AIRPORT,12038,-30.78,121.45,r1i1p1,rcp60,CESM1-CAM5,2020-2039,30.97,24.77,34.96,40.86,23.36,26.51,35.34,22.84,28.1,29.76,33.82,40.45,43.21,42.44,36.94,27.62,21.38,21.08,22.88
LAUNCESTON-AIRPORT-COMPARISON,91104,-41.54,147.2,r1i1p1,rcp60,CESM1-CAM5,2020-2039,55.76,44.78,55.16,68.42,54.79,47.64,63.95,44.69,44.19,45.7,54.73,65.06,70.44,70.32,64.51,58.39,54.95,51.01,45.06
LAVERTON-RAAF,87031,-37.86,144.76,r1i1p1,rcp60,CESM1-CAM5,2020-2039,55.09,47.58,56.08,62.52,54.12,50.08,60.01,46.94,46.83,51.49,55.03,61.74,64.98,63.04,59.54,57.02,53.76,51.57,49.13
MACKAY-M.O,33119,-21.12,149.22,r1i1p1,rcp60,CESM1-CAM5,2020-2039,68.69,69.7,72.52,68.25,64.29,70.24,67.14,68.25,75.7,71.06,74.83,71.69,68.12,68.82,67.81,62.33,64.08,66.45,65.11
MEEKATHARRA-AIRPORT,7045,-26.61,118.54,r1i1p1,rcp60,CESM1-CAM5,2020-2039,23.72,19.54,26.58,33.59,15.01,20.43,26.92,18.26,23.21,24.14,26.46,29.15,35.86,36.52,28.39,18.23,13.41,13.39,17.24
MELBOURNE-AIRPORT,86282,-37.68,144.84,r1i1p1,rcp60,CESM1-CAM5,2020-2039,51.96,42.42,53.05,61.41,50.84,45.53,58.27,41.59,41.89,47.25,51.75,60.15,64.25,62.66,57.31,54.68,50.58,47.27,44.16
MILDURA-AIRPORT,76031,-34.23,142.08,r1i1p1,rcp60,CESM1-CAM5,2020-2039,36.21,25.4,39.11,49.77,30.55,28.55,43.88,23.39,27.69,31.99,36.84,48.48,53.2,52.03,44.08,36.93,28.6,26.12,25.16
MOREE-AERO,53115,-29.49,149.85,r1i1p1,rcp60,CESM1-CAM5,2020-2039,35.86,33.4,37.64,42.88,29.26,33.53,38.09,33.6,36.87,34.06,37.13,41.74,44.81,45.56,38.27,30.99,27.18,29.61,30.43
MOUNT-GAMBIER-AERO,26021,-37.75,140.77,r1i1p1,rcp60,CESM1-CAM5,2020-2039,57.22,44.75,56.58,70.17,57.52,48.05,66.48,43.06,42.07,47.68,54.62,67.46,73.29,71.61,65.62,62.05,58.87,51.63,48.71
MOUNT-ISA-AERO,29127,-20.68,139.49,r1i1p1,rcp60,CESM1-CAM5,2020-2039,25.28,33.54,27.91,22.26,17.34,29.7,20.82,30.9,38.6,28.92,27.06,27.76,26.46,23,17.34,14.48,15.91,21.61,31.35
NOWRA-RAN-AIR-STATION-AWS,68072,-34.95,150.54,r1i1p1,rcp60,CESM1-CAM5,2020-2039,57.36,60.92,60.97,53.43,53.81,60.68,54.02,60.93,63.5,61.78,61.03,60.12,55.9,54.62,49.76,50.19,53.29,58.13,58.72
PERTH-AIRPORT,9021,-31.93,115.98,r1i1p1,rcp60,CESM1-CAM5,2020-2039,44.71,34.26,42.36,56.43,45.95,37.09,52.46,33.47,31.87,36.98,42.37,47.73,57.1,57.29,54.89,51.52,46.23,40.11,36.98
PORT-HEDLAND-AIRPORT,4032,-20.37,118.63,r1i1p1,rcp60,CESM1-CAM5,2020-2039,37.62,50.64,36.06,29.94,33.95,44.33,31.01,52.12,52.49,42.77,33.03,32.4,30.96,30.59,28.28,29.86,33.96,38.02,46.91
RICHMOND-RAAF,67105,-33.6,150.78,r1i1p1,rcp60,CESM1-CAM5,2020-2039,47.72,49.03,53.71,47.16,40.86,49.7,45.75,47.96,53.04,53.26,52.85,55.03,51.4,48.78,41.3,38.78,39.23,44.56,46.47
ROCKHAMPTON-AERO,39083,-23.38,150.48,r1i1p1,rcp60,CESM1-CAM5,2020-2039,45.88,51.74,50.24,41.34,40.25,50.6,41.21,50.54,55.45,50.83,52.34,47.54,43.86,40.76,39.4,35.07,40.62,45.06,49.06
SYDNEY-AIRPORT-AMO,66037,-33.94,151.17,r1i1p1,rcp60,CESM1-CAM5,2020-2039,56.22,59.63,61.55,52.05,51.57,59.84,52.63,59.92,62.06,62.07,62.18,60.39,55,53.17,47.99,49.23,50.03,55.45,57.19
TENNANT-CREEK-AIRPORT,15135,-19.64,134.18,r1i1p1,rcp60,CESM1-CAM5,2020-2039,22.9,30.57,24.16,20.03,16.89,26.55,19.25,28.03,34.17,24.72,22.69,25.07,23.5,21.2,15.38,13.77,16.57,20.33,29.38
TOWNSVILLE-AERO,32040,-19.25,146.77,r1i1p1,rcp60,CESM1-CAM5,2020-2039,57.08,63.82,59.06,51.01,54.37,61.91,52.22,62.21,68.48,60.51,60.59,56.08,50.72,50.47,51.84,49.7,54.5,58.92,60.98
WAGGA-WAGGA-AMO,72150,-35.16,147.46,r1i1p1,rcp60,CESM1-CAM5,2020-2039,44.09,27.92,42.99,61.94,43.3,31.98,56.07,25.88,29.9,34.01,40.78,54.16,64.72,64.17,56.94,53.92,42.5,33.47,28.61
WILLIAMTOWN-RAAF,61078,-32.79,151.84,r1i1p1,rcp60,CESM1-CAM5,2020-2039,56.05,57.79,61.72,53.89,50.78,58.54,53.63,57.22,60.88,62.01,61.59,61.57,57.57,55.38,48.72,48.42,50.12,53.8,55.34
WOOMERA-AERODROME,16001,-31.16,136.81,r1i1p1,rcp60,CESM1-CAM5,2020-2039,27.99,21.44,29.74,38.34,22.39,23.1,32.9,18.35,22.08,24,29.06,36.16,41.51,39.37,34.15,25.21,20.98,20.98,24.06
ADELAIDE-KENT-TOWN,23090,-34.92,138.62,r1i1p1,rcp60,CESM1-CAM5,2040-2059,48.01,37.73,48.74,59.64,45.86,40.63,55.37,36.2,36.73,42.31,47.24,56.67,62.82,60.7,55.4,50.82,45.79,40.98,40.44
ALBANY-AIRPORT-COMPARISON,9741,-34.94,117.8,r1i1p1,rcp60,CESM1-CAM5,2040-2059,62.12,56.44,60.4,67.9,63.78,58.3,66.01,55.26,55.51,58.15,59.67,63.39,69.46,68.22,66.03,64.8,64.18,62.36,58.4
ALICE-SPRINGS-AIRPORT,15590,-23.8,133.89,r1i1p1,rcp60,CESM1-CAM5,2040-2059,24.84,22.95,27.21,31.09,18.2,22.32,27.4,18.25,24.98,20.74,24.98,35.9,38.08,31.02,24.17,16.43,18.77,19.41,25.31
AMBERLEY-AMO,40004,-27.63,152.71,r1i1p1,rcp60,CESM1-CAM5,2040-2059,44.89,50.34,50.25,39.8,39.2,49.36,40.45,49.39,53.48,50.91,49.95,49.89,44.83,38.93,35.64,33.77,39.61,44.2,48.05
BRISBANE-AERO,40842,-27.39,153.13,r1i1p1,rcp60,CESM1-CAM5,2040-2059,56.62,61.7,59.9,49.85,54.98,60.83,52.34,61.87,62.59,60.84,60.7,58.15,53.05,48.77,47.74,50.24,56.09,58.62,60.73
BROOME-AIRPORT,3003,-17.95,122.23,r1i1p1,rcp60,CESM1-CAM5,2040-2059,49.33,65.95,45.76,33.19,52.42,59.56,39.14,65.4,67.94,59.37,42.48,35.43,34.06,31.57,33.94,45.87,53.95,57.43,64.51
CAIRNS-AERO,31011,-16.87,145.75,r1i1p1,rcp60,CESM1-CAM5,2040-2059,63.29,68.12,66.7,59.43,58.88,66.87,59.74,66.4,71.55,67.06,66.98,66.05,63.42,57.15,57.71,55.36,58.73,62.55,66.54
CANBERRA-AIRPORT-COMPARISON,70014,-35.3,149.2,r1i1p1,rcp60,CESM1-CAM5,2040-2059,46.56,37.39,47.28,56.06,45.38,40.28,52.78,36.19,39.27,40.86,46.7,54.27,60.63,57.67,49.88,48.82,45.39,41.91,37.12
CARNARVON-AIRPORT,6011,-24.89,113.67,r1i1p1,rcp60,CESM1-CAM5,2040-2059,53.34,57.07,53.9,50.69,51.73,56.1,50.61,56.94,57.86,57,54.38,50.31,50.6,51.52,49.96,50.5,50.76,53.93,56.33
CEDUNA-AMO,18012,-32.13,133.7,r1i1p1,rcp60,CESM1-CAM5,2040-2059,46.05,44.63,45.62,50.39,43.55,44.33,47.76,42.49,45.88,44.85,44.45,47.56,52,50.99,48.18,45.02,42.83,42.81,45.49
CHARLEVILLE-AERO,44021,-26.42,146.25,r1i1p1,rcp60,CESM1-CAM5,2040-2059,29.49,29.67,32.23,32.7,23.18,28.94,29.9,27.71,36.34,27.6,31.8,37.3,38.52,33.36,26.23,21.83,22.13,25.59,25.45
COBAR-MO,48027,-31.49,145.83,r1i1p1,rcp60,CESM1-CAM5,2040-2059,35.29,27.52,38.48,45.87,29.22,29.89,40.67,25.92,31.72,32.42,36.58,46.45,51.07,48.38,38.16,31.6,28.37,27.69,25.16
COFFS-HARBOUR-MO,59040,-30.31,153.12,r1i1p1,rcp60,CESM1-CAM5,2040-2059,61.95,67.61,65.99,54.18,60,66.94,56.97,67.82,68.9,68.12,66.17,63.68,57.85,53.49,51.21,55.96,59.63,64.42,66.09
DARWIN-AIRPORT,14015,-12.42,130.89,r1i1p1,rcp60,CESM1-CAM5,2040-2059,54.07,70.54,54.8,38.17,52.86,64.77,43.46,70.42,73.9,66.53,52.62,45.25,38.06,37.51,38.96,47.62,53.37,57.57,67.04
DUBBO-AIRPORT-AWS,65070,-32.22,148.58,r1i1p1,rcp60,CESM1-CAM5,2040-2059,44.42,35.4,45.87,55.75,40.34,37.83,51.09,34.99,38.69,39.78,43.85,53.99,58.67,58.53,49.87,46,38.43,36.14,32.84
EAST-SALE-AIRPORT,85072,-38.12,147.13,r1i1p1,rcp60,CESM1-CAM5,2040-2059,55.94,50.04,57.54,60.69,55.43,52.37,59.48,49.23,49.66,53.83,56.11,62.67,64.17,62.16,55.72,57.1,55.03,54.15,51.42
ESPERANCE,9789,-33.83,121.89,r1i1p1,rcp60,CESM1-CAM5,2040-2059,57.01,56.2,56.7,58.9,56.35,56.31,57.76,54.7,56.95,56.05,56.82,57.24,60.92,59.38,56.41,57.11,55.46,56.48,56.62
GERALDTON-AIRPORT-COMPARISON,8051,-28.8,114.7,r1i1p1,rcp60,CESM1-CAM5,2040-2059,48.31,44.21,44.67,55.93,48.53,44.26,52.42,44.59,41.53,44.2,43.26,46.56,52.77,57.71,57.3,52.91,47.3,45.38,46.23
HOBART-ELLERSLIE-ROAD,94029,-42.89,147.33,r1i1p1,rcp60,CESM1-CAM5,2040-2059,55.18,51.28,56.96,60.11,52.51,52.63,57.81,51.99,50.26,53.12,56.76,61,63.08,61.39,55.86,53.77,51.74,52.02,51.23
KALGOORLIE-BOULDER-AIRPORT,12038,-30.78,121.45,r1i1p1,rcp60,CESM1-CAM5,2040-2059,30.71,23.6,34.72,40.81,23.78,26,35.33,20.58,27.52,29.25,34.1,39.94,45.2,42.05,35.18,27.34,22.27,21.72,22.12
LAUNCESTON-AIRPORT-COMPARISON,91104,-41.54,147.2,r1i1p1,rcp60,CESM1-CAM5,2040-2059,55.68,44.78,55.32,68.38,54.36,47.62,63.81,44.95,43.88,45.62,55.2,65.15,70.76,70.47,63.92,58.37,54.2,50.51,45.11
LAVERTON-RAAF,87031,-37.86,144.76,r1i1p1,rcp60,CESM1-CAM5,2040-2059,55.63,48.72,56.5,62.68,54.56,50.86,60.32,48.95,47.54,51.83,55.16,62.51,65.71,63.18,59.15,57.39,53.95,52.35,49.82
MACKAY-M.O,33119,-21.12,149.22,r1i1p1,rcp60,CESM1-CAM5,2040-2059,72.01,74.12,75.75,71.54,66.62,73.51,70.51,71.87,78.92,73.38,76.61,77.28,74.44,68.57,71.61,64.29,66.9,68.69,71.53
MEEKATHARRA-AIRPORT,7045,-26.61,118.54,r1i1p1,rcp60,CESM1-CAM5,2040-2059,24.44,19.15,27.12,35.01,16.33,20.63,28.16,16.21,23.26,24.44,27.65,29.27,39.71,37.16,28.15,19.31,15.39,14.3,18.14
MELBOURNE-AIRPORT,86282,-37.68,144.84,r1i1p1,rcp60,CESM1-CAM5,2040-2059,52.57,43.69,53.46,61.62,51.38,46.4,58.62,43.58,42.79,47.66,51.85,60.88,64.95,62.93,56.98,55.05,50.93,48.16,45.09
MILDURA-AIRPORT,76031,-34.23,142.08,r1i1p1,rcp60,CESM1-CAM5,2040-2059,36.75,26.21,38.44,50.37,31.97,28.59,44.93,24.32,29.09,31.01,35.25,49.08,55.03,52.57,43.51,37.98,31.41,26.53,25.25
MOREE-AERO,53115,-29.49,149.85,r1i1p1,rcp60,CESM1-CAM5,2040-2059,37.44,35.59,39.21,43.19,31.53,35.44,39.35,35.67,40.1,36.34,37.51,43.78,46.84,45.71,37.03,32.84,29.92,31.82,31.74
MOUNT-GAMBIER-AERO,26021,-37.75,140.77,r1i1p1,rcp60,CESM1-CAM5,2040-2059,57.48,44.96,56.98,70.46,57.66,48.34,66.72,43.59,42.41,48.18,54.76,68.01,74.19,71.41,65.77,62.18,58.77,52.04,48.49
MOUNT-ISA-AERO,29127,-20.68,139.49,r1i1p1,rcp60,CESM1-CAM5,2040-2059,25.94,33.15,28.59,23.04,18.9,29.6,22.24,30.58,38.4,29,26.6,30.18,28.13,22,18.97,15.44,18.71,22.56,30.68
NOWRA-RAN-AIR-STATION-AWS,68072,-34.95,150.54,r1i1p1,rcp60,CESM1-CAM5,2040-2059,57.32,60.95,60.83,53.29,53.9,60.48,54.14,61.55,63.59,60.99,60.62,60.87,56.78,54.67,48.42,50.25,53.6,58.04,58.11
PERTH-AIRPORT,9021,-31.93,115.98,r1i1p1,rcp60,CESM1-CAM5,2040-2059,44.62,34.05,42.13,57.08,45.37,36.73,52.63,33.39,32.01,36.98,41.56,47.84,57.76,58.54,54.94,50.85,45.86,39.39,36.32
PORT-HEDLAND-AIRPORT,4032,-20.37,118.63,r1i1p1,rcp60,CESM1-CAM5,2040-2059,38.59,51.55,36.83,31.44,34.69,44.95,32.33,52.34,53.96,42.93,34.09,33.46,34.46,31.22,28.65,31.05,35.17,37.83,47.96
RICHMOND-RAAF,67105,-33.6,150.78,r1i1p1,rcp60,CESM1-CAM5,2040-2059,47.84,49.26,53.6,47.2,41.17,49.67,46.02,48.4,53.41,52.74,52.22,55.84,52.67,48.64,40.29,38.74,39.93,44.84,46.33
ROCKHAMPTON-AERO,39083,-23.38,150.48,r1i1p1,rcp60,CESM1-CAM5,2040-2059,47.2,53.49,51.38,42.2,41.8,51.79,42.66,52.29,56.84,51.42,52.52,50.2,46.26,40.06,40.28,36.5,42.66,46.24,51.14
SYDNEY-AIRPORT-AMO,66037,-33.94,151.17,r1i1p1,rcp60,CESM1-CAM5,2040-2059,56.37,59.92,61.51,52.17,51.8,59.84,52.95,60.61,62.46,61.6,61.41,61.52,56.45,53.14,46.94,49.21,50.43,55.76,56.97
TENNANT-CREEK-AIRPORT,15135,-19.64,134.18,r1i1p1,rcp60,CESM1-CAM5,2040-2059,23.78,30.29,25.31,21.45,18.11,26.68,20.87,27.57,34.73,25.37,22.94,27.62,26.22,20.98,17.15,14.62,18.65,21.07,28.45
TOWNSVILLE-AERO,32040,-19.25,146.77,r1i1p1,rcp60,CESM1-CAM5,2040-2059,58.45,65.04,60.07,52.68,55.92,62.82,54.04,63.06,68.88,60.98,60.69,58.52,54.31,50.13,53.6,51.11,56.56,60.1,63.42
WAGGA-WAGGA-AMO,72150,-35.16,147.46,r1i1p1,rcp60,CESM1-CAM5,2040-2059,44.6,28.23,43.27,62.27,44.42,32.4,56.66,26.14,30.52,34.62,41.01,54.18,65.55,64.79,56.46,54.34,44.66,34.27,28.66
WILLIAMTOWN-RAAF,61078,-32.79,151.84,r1i1p1,rcp60,CESM1-CAM5,2040-2059,56.37,58.42,61.81,54,51.23,58.82,53.99,58.12,61.69,61.81,60.89,62.71,59.09,55.25,47.65,48.49,50.75,54.47,55.51
WOOMERA-AERODROME,16001,-31.16,136.81,r1i1p1,rcp60,CESM1-CAM5,2040-2059,28.78,21.13,29.72,40.27,23.94,22.72,34.86,18.46,22.8,23.86,27.48,37.83,45,41.44,34.36,26.95,23.56,21.31,22.28
ADELAIDE-KENT-TOWN,23090,-34.92,138.62,r1i1p1,rcp60,CESM1-CAM5,2060-2079,47.58,37.84,48.52,58.52,45.37,40.73,54.4,36.56,37.37,42.58,47.55,55.42,61.21,59.9,54.46,50.75,44.63,40.72,39.76
ALBANY-AIRPORT-COMPARISON,9741,-34.94,117.8,r1i1p1,rcp60,CESM1-CAM5,2060-2079,62.08,56.7,60.86,66.9,63.92,58.69,65.55,55.33,56.08,58.48,60.16,63.94,68.75,67.24,64.71,64.84,63.8,63.12,58.52
ALICE-SPRINGS-AIRPORT,15590,-23.8,133.89,r1i1p1,rcp60,CESM1-CAM5,2060-2079,22.18,22.35,24.22,25.57,16.68,21.15,23.25,17.95,24.42,19.34,23.35,29.97,30.84,25.69,20.18,14.97,17.87,17.19,24.39
AMBERLEY-AMO,40004,-27.63,152.71,r1i1p1,rcp60,CESM1-CAM5,2060-2079,44.39,49.36,49.9,39.49,38.85,48.75,40.06,48.26,52.56,50.93,49.61,49.16,44.1,38.21,36.16,33.69,39.06,43.81,47.15
BRISBANE-AERO,40842,-27.39,153.13,r1i1p1,rcp60,CESM1-CAM5,2060-2079,56.21,60.73,59.7,49.73,54.64,60.27,52.09,60.72,61.88,61.03,60.54,57.55,52.37,48.19,48.65,50.35,55.41,58.15,59.68
BROOME-AIRPORT,3003,-17.95,122.23,r1i1p1,rcp60,CESM1-CAM5,2060-2079,48.57,65.19,45.99,31.33,51.76,59.13,38.04,65.13,66.75,59.13,43.96,34.87,30.73,29.85,33.4,45.4,53.99,55.88,63.7
CAIRNS-AERO,31011,-16.87,145.75,r1i1p1,rcp60,CESM1-CAM5,2060-2079,62.96,67.48,67.23,58.63,58.46,66.52,59.43,66.8,70.71,67.76,67.45,66.48,61.85,57.36,56.69,55.41,58.77,61.21,65.06
CANBERRA-AIRPORT-COMPARISON,70014,-35.3,149.2,r1i1p1,rcp60,CESM1-CAM5,2060-2079,46.2,37.68,46.83,55.54,44.63,40.32,52.02,36.66,39.58,41.01,46.02,53.48,60.13,56.39,50.1,47.75,44.28,41.84,37.2
CARNARVON-AIRPORT,6011,-24.89,113.67,r1i1p1,rcp60,CESM1-CAM5,2060-2079,53.41,56.98,54.66,49.98,52.05,56.26,50.59,57.13,57.79,56.55,55.82,51.61,49.08,51.11,49.76,50.53,51.47,54.15,55.95
CEDUNA-AMO,18012,-32.13,133.7,r1i1p1,rcp60,CESM1-CAM5,2060-2079,45.61,45.24,45.5,48.76,42.95,44.6,46.62,42.76,47.24,44.98,45.16,46.36,50.17,49.22,46.9,44.89,42.21,41.75,45.69
CHARLEVILLE-AERO,44021,-26.42,146.25,r1i1p1,rcp60,CESM1-CAM5,2060-2079,27.83,27.77,31.36,30.51,21.51,27.74,27.79,26.46,33.29,27.24,32.5,34.34,36.36,30.54,24.63,19.83,21.01,23.7,24.03
COBAR-MO,48027,-31.49,145.83,r1i1p1,rcp60,CESM1-CAM5,2060-2079,33.54,25.71,37.31,43.3,27.78,28.6,38.46,24.64,28.86,30.62,36.95,44.35,47.75,45.35,36.8,30.11,26.43,26.79,23.85
COFFS-HARBOUR-MO,59040,-30.31,153.12,r1i1p1,rcp60,CESM1-CAM5,2060-2079,61.77,67.07,65.85,54.45,59.73,66.58,56.99,67.22,68.35,68.24,66.18,63.13,57.38,52.93,53.06,55.81,59.61,63.76,65.63
DARWIN-AIRPORT,14015,-12.42,130.89,r1i1p1,rcp60,CESM1-CAM5,2060-2079,53.79,70.6,54.69,37.18,52.76,64.92,42.74,71.26,73.95,66.88,52.95,44.26,36.4,37.39,37.76,47.92,52.72,57.62,66.32
DUBBO-AIRPORT-AWS,65070,-32.22,148.58,r1i1p1,rcp60,CESM1-CAM5,2060-2079,43.08,34.55,44.69,54.21,38.52,36.83,49.38,34.64,37.18,37.96,43.44,52.66,56.83,56.41,49.3,43.82,36.32,34.97,32.14
EAST-SALE-AIRPORT,85072,-38.12,147.13,r1i1p1,rcp60,CESM1-CAM5,2060-2079,55.27,49.93,56.83,60.23,54.03,51.96,58.55,49.56,50.08,53.39,55.75,61.37,63.55,61.68,55.47,55.91,53.35,52.82,50.35
ESPERANCE,9789,-33.83,121.89,r1i1p1,rcp60,CESM1-CAM5,2060-2079,57.26,57.05,57.34,58.06,56.71,56.87,57.69,55.57,57.34,56.3,56.82,58.91,60.2,58.45,55.52,57.7,55.38,57.04,57.88
GERALDTON-AIRPORT-COMPARISON,8051,-28.8,114.7,r1i1p1,rcp60,CESM1-CAM5,2060-2079,48.26,44.43,45.01,55,48.69,44.42,52.16,43.89,42.16,42.98,43.95,48.08,51.93,56.62,56.46,52.59,47.26,46.21,46.95
HOBART-ELLERSLIE-ROAD,94029,-42.89,147.33,r1i1p1,rcp60,CESM1-CAM5,2060-2079,54.77,50.61,56.51,59.83,52.25,52.2,57.4,51.69,49.38,52.78,56.65,60.11,62.88,61.12,55.48,53.34,51.48,51.93,50.43
KALGOORLIE-BOULDER-AIRPORT,12038,-30.78,121.45,r1i1p1,rcp60,CESM1-CAM5,2060-2079,31.3,25.05,36.78,39.92,23.59,27.08,35.46,21.56,29.47,30.61,35.55,43.23,43.94,41.1,34.74,27.7,22.03,21.05,23.5
LAUNCESTON-AIRPORT-COMPARISON,91104,-41.54,147.2,r1i1p1,rcp60,CESM1-CAM5,2060-2079,55.23,44.29,54.79,68.13,53.86,47.15,63.39,44.87,43.43,45.27,54.64,64.44,70.32,70.31,63.75,57.75,53.79,50.05,44.18
LAVERTON-RAAF,87031,-37.86,144.76,r1i1p1,rcp60,CESM1-CAM5,2060-2079,54.52,48.05,55.53,61.84,52.62,49.92,59.04,48.72,48.06,51.01,54.45,61.12,64.85,62.41,58.26,55.85,51.76,50.25,47.51
MACKAY-M.O,33119,-21.12,149.22,r1i1p1,rcp60,CESM1-CAM5,2060-2079,69.66,69.89,74.89,68.69,65.18,70.84,68.49,68.66,75.02,72.44,76.75,75.47,71.62,66.87,67.59,63.76,65.63,66.14,65.96
MEEKATHARRA-AIRPORT,7045,-26.61,118.54,r1i1p1,rcp60,CESM1-CAM5,2060-2079,23.89,19.26,27.96,32.88,15.3,20.52,27.17,16.18,24.97,23.58,29,31.3,36.25,35.26,27.13,18.7,14.37,12.82,16.71
MELBOURNE-AIRPORT,86282,-37.68,144.84,r1i1p1,rcp60,CESM1-CAM5,2060-2079,51.33,42.86,52.37,60.72,49.28,45.28,57.27,43.34,42.89,46.55,51.09,59.47,64.09,62.03,56.04,53.41,48.59,45.83,42.69
MILDURA-AIRPORT,76031,-34.23,142.08,r1i1p1,rcp60,CESM1-CAM5,2060-2079,35.44,25.46,37.75,48.17,30.37,28.11,42.79,24.19,28.33,30.43,35.82,47.01,52.3,50.08,42.14,36.56,28.64,25.91,23.9
MOREE-AERO,53115,-29.49,149.85,r1i1p1,rcp60,CESM1-CAM5,2060-2079,36.24,34.16,38.4,42.02,30.12,34.38,38,34.37,37.86,34.98,38.02,42.2,45.07,43.69,37.3,30.98,28.78,30.59,30.99
MOUNT-GAMBIER-AERO,26021,-37.75,140.77,r1i1p1,rcp60,CESM1-CAM5,2060-2079,57.12,45.01,56.82,69.75,57.04,48.27,66.07,44.18,43.21,48.35,54.71,67.41,73.3,71.36,64.6,61.65,58.07,51.38,47.25
MOUNT-ISA-AERO,29127,-20.68,139.49,r1i1p1,rcp60,CESM1-CAM5,2060-2079,24.59,31.91,27.89,21.1,17.39,28.57,20.57,30.47,36.46,28.1,26.86,28.73,26.29,20.68,16.33,14.31,17.1,20.76,29.01
NOWRA-RAN-AIR-STATION-AWS,68072,-34.95,150.54,r1i1p1,rcp60,CESM1-CAM5,2060-2079,57.36,61.32,60.53,53.28,53.99,60.72,53.96,61.41,64.12,61.09,60.49,60,56.81,53.59,49.43,50.07,53.68,58.41,58.81
PERTH-AIRPORT,9021,-31.93,115.98,r1i1p1,rcp60,CESM1-CAM5,2060-2079,44.02,33.65,42.09,56.06,44.45,36.34,51.83,32.44,31.53,35.78,41.63,48.86,56.97,57.39,53.82,49.56,44.42,39.37,36.52
PORT-HEDLAND-AIRPORT,4032,-20.37,118.63,r1i1p1,rcp60,CESM1-CAM5,2060-2079,37.71,50.44,36.91,29.27,34.34,44.41,31.11,51.81,52.65,42.01,35.56,33.14,31.23,28.32,28.27,30.55,35.17,37.31,46.48
RICHMOND-RAAF,67105,-33.6,150.78,r1i1p1,rcp60,CESM1-CAM5,2060-2079,47.83,49.53,53.33,47.19,41.12,49.79,45.87,48.45,53.75,52.62,52.27,55.1,52.39,47.77,41.41,38.81,39.74,44.81,46.79
ROCKHAMPTON-AERO,39083,-23.38,150.48,r1i1p1,rcp60,CESM1-CAM5,2060-2079,46.68,51.6,51.4,42.17,41.61,50.78,42.64,50.91,54.91,51.6,52.77,49.84,46.1,40.41,40,36.74,42.72,45.36,48.81
SYDNEY-AIRPORT-AMO,66037,-33.94,151.17,r1i1p1,rcp60,CESM1-CAM5,2060-2079,56.53,60.36,61.33,52.37,51.98,60.12,52.98,60.64,63.09,61.59,61.7,60.69,56.43,52.2,48.47,49.5,50.6,55.83,57.65
TENNANT-CREEK-AIRPORT,15135,-19.64,134.18,r1i1p1,rcp60,CESM1-CAM5,2060-2079,22.49,29.61,24.31,19.13,16.93,25.85,19.12,27.55,33.41,24.43,22.56,25.94,23.4,19.56,14.42,13.51,17.87,19.42,27.77
TOWNSVILLE-AERO,32040,-19.25,146.77,r1i1p1,rcp60,CESM1-CAM5,2060-2079,57.37,63.62,59.95,50.9,54.94,61.87,52.83,62.57,67.77,61.01,60.92,57.91,52.32,49.58,50.8,50.62,55.78,58.42,60.76
WAGGA-WAGGA-AMO,72150,-35.16,147.46,r1i1p1,rcp60,CESM1-CAM5,2060-2079,43.74,28.4,42.61,61.12,42.63,32.05,55.3,26.73,30.58,33.94,40,53.9,64.49,63.19,55.68,52.4,42.14,33.37,28.5
WILLIAMTOWN-RAAF,61078,-32.79,151.84,r1i1p1,rcp60,CESM1-CAM5,2060-2079,56.38,58.56,61.55,54.12,51.29,58.89,53.95,58.15,61.78,61.65,61.1,61.91,58.79,54.18,49.39,48.72,50.7,54.44,55.81
WOOMERA-AERODROME,16001,-31.16,136.81,r1i1p1,rcp60,CESM1-CAM5,2060-2079,26.89,20.49,28.54,36.69,21.79,21.92,31.87,17.65,23.1,23.07,27.57,34.99,40.63,37.2,32.24,25.19,20.99,19.2,20.86
ADELAIDE-KENT-TOWN,23090,-34.92,138.62,r1i1p1,rcp60,CESM1-CAM5,2080-2099,47.69,37.68,48.41,59.36,45.44,40.56,54.91,36.29,37.2,42.47,47,55.76,61.91,61.38,54.81,50.33,45.28,40.72,39.12
ALBANY-AIRPORT-COMPARISON,9741,-34.94,117.8,r1i1p1,rcp60,CESM1-CAM5,2080-2099,61.97,56.35,60.84,66.99,63.74,58.18,65.86,54.93,55.63,57.62,60.12,64.77,68.97,67.22,64.79,64.97,64.44,61.8,58.42
ALICE-SPRINGS-AIRPORT,15590,-23.8,133.89,r1i1p1,rcp60,CESM1-CAM5,2080-2099,23.88,22.5,25.15,30.12,17.51,21.53,26.12,19.68,23.96,21.2,23.13,31.11,36.03,31.44,22.89,16.98,18.28,17.26,24.58
AMBERLEY-AMO,40004,-27.63,152.71,r1i1p1,rcp60,CESM1-CAM5,2080-2099,43.87,48.89,49,39.51,38.16,48.01,39.8,48.03,51.51,50.11,48.49,48.42,44.77,38.66,35.11,32.99,38.85,42.64,46.85
BRISBANE-AERO,40842,-27.39,153.13,r1i1p1,rcp60,CESM1-CAM5,2080-2099,56.32,60.63,59.53,50.42,54.59,60.02,52.51,60.7,61.24,60.84,60.15,57.62,53.72,49.54,47.99,50.02,56.15,57.59,60.26
BROOME-AIRPORT,3003,-17.95,122.23,r1i1p1,rcp60,CESM1-CAM5,2080-2099,49.48,65.1,46.4,33.99,52.35,59.03,39.9,65.06,67.22,59.7,43.26,36.23,34.38,33.67,33.91,46.96,54.23,55.86,63.24
CAIRNS-AERO,31011,-16.87,145.75,r1i1p1,rcp60,CESM1-CAM5,2080-2099,63,67.36,66.5,59.54,58.7,66.3,59.83,67.22,69.34,67.17,66.56,65.76,63.12,57.93,57.57,55.38,59.21,61.53,65.18
CANBERRA-AIRPORT-COMPARISON,70014,-35.3,149.2,r1i1p1,rcp60,CESM1-CAM5,2080-2099,45.91,37.45,46,55.4,45.05,40.01,51.91,36.76,39.05,40.83,44.81,52.36,60.09,57.02,49.08,48.25,44.64,42.25,35.79
CARNARVON-AIRPORT,6011,-24.89,113.67,r1i1p1,rcp60,CESM1-CAM5,2080-2099,53.27,56.57,54.96,49.26,52.21,55.88,50.65,56.27,57.32,55.77,56,53.11,47.72,50.95,49.12,50.81,52.19,53.62,56.32
CEDUNA-AMO,18012,-32.13,133.7,r1i1p1,rcp60,CESM1-CAM5,2080-2099,45.8,44.14,45.75,50.12,43.32,44.1,47.59,42.81,44.95,44.56,45.42,47.28,51.12,51.35,47.87,45.29,42.61,42.07,44.28
CHARLEVILLE-AERO,44021,-26.42,146.25,r1i1p1,rcp60,CESM1-CAM5,2080-2099,28.32,27.31,31.65,32.85,21.59,27.48,29.35,26.06,32.33,28.64,30.74,35.56,38.96,33.38,26.21,20.75,21.26,22.75,23.17
COBAR-MO,48027,-31.49,145.83,r1i1p1,rcp60,CESM1-CAM5,2080-2099,33.4,24.85,37.27,44.16,27.59,28.19,38.89,23.43,27.51,32.56,35.65,43.61,48.9,46.81,36.77,30.38,26.87,25.51,22.84
COFFS-HARBOUR-MO,59040,-30.31,153.12,r1i1p1,rcp60,CESM1-CAM5,2080-2099,61.5,66.63,65.37,54.42,59.66,66.15,56.89,66.27,67.5,68.34,65.09,62.69,58.01,53.35,51.88,55.52,59.91,63.55,65.83
DARWIN-AIRPORT,14015,-12.42,130.89,r1i1p1,rcp60,CESM1-CAM5,2080-2099,53.84,70.62,53.94,38.19,52.49,64.62,43.02,71.59,73.56,66.19,52.42,43.21,38.38,37.86,38.33,47.36,52.98,57.14,67.04
DUBBO-AIRPORT-AWS,65070,-32.22,148.58,r1i1p1,rcp60,CESM1-CAM5,2080-2099,42.37,33.08,43.98,54.19,38.34,35.72,49.27,32.86,35.16,38.28,42.19,51.47,56.64,57.11,48.67,43.94,36.8,33.86,30.67
EAST-SALE-AIRPORT,85072,-38.12,147.13,r1i1p1,rcp60,CESM1-CAM5,2080-2099,55.12,49.76,56.42,60.3,54.31,51.75,58.78,49.76,49.38,52.77,55.32,61.17,63.41,61.85,55.64,56.35,54.29,52.28,49.24
ESPERANCE,9789,-33.83,121.89,r1i1p1,rcp60,CESM1-CAM5,2080-2099,56.89,56.04,56.9,58.09,56.51,56.07,57.71,54.75,55.78,55.45,56.75,58.49,59.91,58.28,56.06,57.37,56.15,56.02,57.65
GERALDTON-AIRPORT-COMPARISON,8051,-28.8,114.7,r1i1p1,rcp60,CESM1-CAM5,2080-2099,48.22,44.31,45.43,54.34,48.73,44.35,52.1,43.27,42.42,42.62,44.99,48.67,51.03,56.9,55.11,52.77,48.12,45.29,47.5
HOBART-ELLERSLIE-ROAD,94029,-42.89,147.33,r1i1p1,rcp60,CESM1-CAM5,2080-2099,54.59,50.7,56.12,59.79,52.07,52.06,57.3,52.02,49.92,52.69,55.97,59.71,63.01,60.77,55.59,53.12,51.62,51.48,49.16
KALGOORLIE-BOULDER-AIRPORT,12038,-30.78,121.45,r1i1p1,rcp60,CESM1-CAM5,2080-2099,30.11,22.54,35.28,39.6,23.14,25.28,34.91,19.89,25.02,27.53,35.4,41.87,43.9,40.52,34.37,27.17,21.61,20.62,22.11
LAUNCESTON-AIRPORT-COMPARISON,91104,-41.54,147.2,r1i1p1,rcp60,CESM1-CAM5,2080-2099,55.34,44.63,54.5,68.27,54.12,47.29,63.44,45.44,44.11,44.82,54.97,63.72,70.44,70.77,63.59,58.09,54.01,50.25,43.8
LAVERTON-RAAF,87031,-37.86,144.76,r1i1p1,rcp60,CESM1-CAM5,2080-2099,54.93,48.38,55.82,62.38,53.39,50.32,59.74,49.36,47.5,50.94,54.75,61.78,64.91,63.47,58.76,56.19,53.35,50.64,47.5
MACKAY-M.O,33119,-21.12,149.22,r1i1p1,rcp60,CESM1-CAM5,2080-2099,68.02,68.2,72.27,67.93,63.89,68.74,67.53,68.67,69.7,70.32,72.77,73.71,70.66,66.4,66.71,61.58,66.13,63.96,65.6
MEEKATHARRA-AIRPORT,7045,-26.61,118.54,r1i1p1,rcp60,CESM1-CAM5,2080-2099,22.82,17.53,26.97,31.72,14.84,19.43,26.15,14.82,21.93,22.26,28.08,30.56,35.22,34.61,25.33,17.36,13.8,13.36,16.12
MELBOURNE-AIRPORT,86282,-37.68,144.84,r1i1p1,rcp60,CESM1-CAM5,2080-2099,51.7,43.32,52.61,61.23,49.93,45.77,57.89,43.72,42.68,46.49,51.4,59.95,63.86,63.2,56.63,53.67,50.02,46.09,42.64
MILDURA-AIRPORT,76031,-34.23,142.08,r1i1p1,rcp60,CESM1-CAM5,2080-2099,35.92,25.1,37.98,49.91,30.84,27.93,44.04,23.7,27.19,31.46,34.71,47.78,53.68,52.83,43.2,36.89,29.88,25.75,24.02
MOREE-AERO,53115,-29.49,149.85,r1i1p1,rcp60,CESM1-CAM5,2080-2099,36.26,34.4,37.99,42.69,30.19,34.29,38.37,34.26,37.83,36.21,36.41,41.36,46.47,44.82,36.79,31.49,29.28,29.81,30.44
MOUNT-GAMBIER-AERO,26021,-37.75,140.77,r1i1p1,rcp60,CESM1-CAM5,2080-2099,57.02,44.9,56.41,70.26,56.74,47.98,66.26,44.03,43.45,47.97,54.24,67.03,73.44,72.56,64.78,61.01,58.73,50.48,46.54
MOUNT-ISA-AERO,29127,-20.68,139.49,r1i1p1,rcp60,CESM1-CAM5,2080-2099,25.38,32.42,27.89,22.94,18.21,29.06,21.67,32.77,35.54,30.05,25.68,27.94,28.29,22.82,17.72,15.55,17.68,21.4,29.12
NOWRA-RAN-AIR-STATION-AWS,68072,-34.95,150.54,r1i1p1,rcp60,CESM1-CAM5,2080-2099,56.98,60.83,60.11,53.1,53.84,60.39,53.67,61.26,63.15,61.44,59.68,59.22,56.82,54.1,48.37,49.94,53.32,58.44,57.58
PERTH-AIRPORT,9021,-31.93,115.98,r1i1p1,rcp60,CESM1-CAM5,2080-2099,43.61,33.17,41.69,55.36,44.18,35.65,51.59,32.02,31.33,35.34,41.28,48.44,55.77,57.44,52.87,50.6,44.4,37.54,36.34
PORT-HEDLAND-AIRPORT,4032,-20.37,118.63,r1i1p1,rcp60,CESM1-CAM5,2080-2099,37.9,49.65,36.7,30.25,34.83,43.88,31.89,51.28,51.84,41.94,34.05,34.11,31.85,30.93,27.98,31.46,35.02,37.99,46.35
RICHMOND-RAAF,67105,-33.6,150.78,r1i1p1,rcp60,CESM1-CAM5,2080-2099,47.24,48.98,52.73,46.7,40.73,49.33,45.26,48.14,52.38,53.01,50.99,54.19,52.04,47.93,40.14,38.29,38.99,44.91,45.83
ROCKHAMPTON-AERO,39083,-23.38,150.48,r1i1p1,rcp60,CESM1-CAM5,2080-2099,45.71,50.66,49.73,41.9,40.74,49.63,41.98,50.21,52.64,49.83,50.76,48.61,46.27,40.25,39.18,35.56,42,44.68,48.59
SYDNEY-AIRPORT-AMO,66037,-33.94,151.17,r1i1p1,rcp60,CESM1-CAM5,2080-2099,56.18,59.77,61.02,52.25,51.87,59.69,52.79,60.33,61.81,62.08,60.59,60.4,56.51,52.98,47.27,49.37,50.21,56.02,56.6
TENNANT-CREEK-AIRPORT,15135,-19.64,134.18,r1i1p1,rcp60,CESM1-CAM5,2080-2099,23.2,29.87,23.8,21.3,17.7,25.91,20.4,29.25,32.66,25.1,21.41,24.89,26.09,21.88,15.94,15.18,18.4,19.53,28.04
TOWNSVILLE-AERO,32040,-19.25,146.77,r1i1p1,rcp60,CESM1-CAM5,2080-2099,57.04,63.03,59.09,51.54,54.63,61.1,53.1,62.77,65.17,60.82,59.19,57.27,52.84,50.23,51.55,50.12,56.6,57.16,60.82
WAGGA-WAGGA-AMO,72150,-35.16,147.46,r1i1p1,rcp60,CESM1-CAM5,2080-2099,43.11,27.71,41.54,60.61,42.89,31.56,54.84,25.89,29.47,33.47,39.02,52.13,63.46,63.55,54.81,52.14,42.96,33.57,26.89
WILLIAMTOWN-RAAF,61078,-32.79,151.84,r1i1p1,rcp60,CESM1-CAM5,2080-2099,55.91,57.91,61.14,53.8,50.97,58.32,53.61,57.59,60.48,61.89,59.88,61.65,58.52,54.84,48.05,48.38,50.22,54.32,55.07
WOOMERA-AERODROME,16001,-31.16,136.81,r1i1p1,rcp60,CESM1-CAM5,2080-2099,27.8,20.66,29.28,38.97,22.36,22.17,33.5,18.66,21.92,23.65,27.94,36.24,42.99,40.37,33.55,25.59,22.25,19.24,21.16
ADELAIDE-KENT-TOWN,23090,-34.92,138.62,r1i1p1,rcp60,GFDL-ESM2M,2020-2039,45.71,36.61,45.03,57.93,43.24,38.74,52.66,35.59,35.78,38.95,45.09,51.05,61.05,59.41,53.32,48.24,42.92,38.56,38.62
ALBANY-AIRPORT-COMPARISON,9741,-34.94,117.8,r1i1p1,rcp60,GFDL-ESM2M,2020-2039,61.23,56.26,59.19,66.44,63.1,57.56,64.98,55.49,54.74,56.77,58.12,62.67,66.75,67.02,65.55,64.88,63,61.42,58.37
ALICE-SPRINGS-AIRPORT,15590,-23.8,133.89,r1i1p1,rcp60,GFDL-ESM2M,2020-2039,21.51,20.39,19.39,27.7,18.66,18.9,24.16,16.79,21.46,15.9,17,25.27,30.98,29.09,23.03,16.29,20.32,19.37,22.66
AMBERLEY-AMO,40004,-27.63,152.71,r1i1p1,rcp60,GFDL-ESM2M,2020-2039,43.46,47.96,47.71,39.14,39.05,47.58,39.37,45.49,50.75,50.27,46.56,46.29,41.24,40.49,35.69,32.83,39.64,44.66,47.55
BRISBANE-AERO,40842,-27.39,153.13,r1i1p1,rcp60,GFDL-ESM2M,2020-2039,55.31,59.44,57.57,49.3,54.9,59.06,51.5,57.74,60.27,60.47,57.12,55.14,49.23,50.96,47.71,49.62,56.33,58.76,60.38
BROOME-AIRPORT,3003,-17.95,122.23,r1i1p1,rcp60,GFDL-ESM2M,2020-2039,47.73,66.07,43.34,30.34,51.17,58.46,37.03,65.76,68.81,57.39,38.84,33.78,29.98,29.44,31.6,44.27,53.11,56.13,63.63
CAIRNS-AERO,31011,-16.87,145.75,r1i1p1,rcp60,GFDL-ESM2M,2020-2039,61.65,65.99,65.3,57.27,58.01,65.34,57.98,63.08,69.36,67.88,64.92,63.11,59.84,56.87,55.11,54.8,58.16,61.05,65.65
CANBERRA-AIRPORT-COMPARISON,70014,-35.3,149.2,r1i1p1,rcp60,GFDL-ESM2M,2020-2039,45.23,35.86,43.77,55.9,45.23,38.07,52.32,34.23,35.24,37.33,43,50.99,58.39,58.69,50.64,49.26,45.95,40.48,38.54
CARNARVON-AIRPORT,6011,-24.89,113.67,r1i1p1,rcp60,GFDL-ESM2M,2020-2039,50.6,55.15,49.63,47.76,49.92,53,48.24,55.77,53.81,51.44,50.29,47.16,46.6,48.59,48.08,49.07,49.93,50.74,55.77
CEDUNA-AMO,18012,-32.13,133.7,r1i1p1,rcp60,GFDL-ESM2M,2020-2039,44.23,43.19,42.23,48.06,43.47,42.69,45.78,41.9,44.03,41.42,43.03,42.22,49.38,49.76,45.03,44.45,43.84,42.11,43.63
CHARLEVILLE-AERO,44021,-26.42,146.25,r1i1p1,rcp60,GFDL-ESM2M,2020-2039,25.4,25.19,25.32,29.05,21.87,24.64,26.01,21.82,28.96,23.72,23.66,28.58,31.71,32.22,23.21,18.44,21.92,25.25,25.26
COBAR-MO,48027,-31.49,145.83,r1i1p1,rcp60,GFDL-ESM2M,2020-2039,30.66,22.93,30.31,42.69,26.63,24.95,36.34,21.23,23.02,24.7,29.17,37.06,43.65,46.91,37.51,26.66,26.27,26.96,24.77
COFFS-HARBOUR-MO,59040,-30.31,153.12,r1i1p1,rcp60,GFDL-ESM2M,2020-2039,60.88,65.17,63.32,54.48,60.55,65.03,56.75,63.89,65.51,67.09,62.28,60.6,54.17,56.47,52.8,55.56,60.91,65.19,66.1
DARWIN-AIRPORT,14015,-12.42,130.89,r1i1p1,rcp60,GFDL-ESM2M,2020-2039,53.32,71.67,52.04,36.25,53.41,65.14,41.6,70.39,74.53,65.4,50.01,40.72,34.27,36.42,38.07,46.71,53.41,60.12,69.83
DUBBO-AIRPORT-AWS,65070,-32.22,148.58,r1i1p1,rcp60,GFDL-ESM2M,2020-2039,40.61,31.46,38.47,53.48,38.79,33.47,47.82,30.08,30.02,32.46,37.49,45.47,51.61,58.22,50.66,43.98,36.26,35.65,34.22
EAST-SALE-AIRPORT,85072,-38.12,147.13,r1i1p1,rcp60,GFDL-ESM2M,2020-2039,55.08,49.83,54.82,60.97,54.64,51.22,58.91,48.77,49.23,50.67,54.52,59.26,64.32,62.94,55.63,56.12,55.15,52.63,51.68
ESPERANCE,9789,-33.83,121.89,r1i1p1,rcp60,GFDL-ESM2M,2020-2039,55.62,55.43,53.73,57.04,56.4,55.1,56.19,53.81,54.98,53.67,54.28,53.24,57.59,58.72,54.82,58.08,54.67,56.45,57.17
GERALDTON-AIRPORT-COMPARISON,8051,-28.8,114.7,r1i1p1,rcp60,GFDL-ESM2M,2020-2039,46.62,43.03,42.51,53.68,47.36,42.57,50.74,43.26,39.63,40.13,42.02,45.38,50.28,55.73,55.03,51.87,46.16,44.04,45.93
HOBART-ELLERSLIE-ROAD,94029,-42.89,147.33,r1i1p1,rcp60,GFDL-ESM2M,2020-2039,55.08,51.77,56.01,59.96,52.67,52.69,57.52,52.64,51.6,52.61,55.9,59.51,62.62,61.55,55.72,54,51.75,52.27,50.72
KALGOORLIE-BOULDER-AIRPORT,12038,-30.78,121.45,r1i1p1,rcp60,GFDL-ESM2M,2020-2039,30.04,23.02,33.61,39.58,24.02,25.4,34.6,19.91,26.2,27.82,32.36,39.78,42.16,41.49,35.08,26.32,22.76,22.98,22.39
LAUNCESTON-AIRPORT-COMPARISON,91104,-41.54,147.2,r1i1p1,rcp60,GFDL-ESM2M,2020-2039,55.22,45.01,53.94,68.01,54.06,47.27,63.24,45.48,45.11,44.97,53.74,63.1,70.29,70.58,63.15,58.33,54.02,49.82,44.07
LAVERTON-RAAF,87031,-37.86,144.76,r1i1p1,rcp60,GFDL-ESM2M,2020-2039,54.41,48.16,53.52,62.44,53.47,49.39,59.35,49.1,47.46,48.99,52.97,58.6,65.44,63.37,58.51,56.3,53.86,50.25,48.07
MACKAY-M.O,33119,-21.12,149.22,r1i1p1,rcp60,GFDL-ESM2M,2020-2039,67.25,68.7,71.97,65.84,62.51,68.9,65.62,66.05,71.69,72.68,71.87,71.37,66.25,67.73,63.55,61.8,63.04,62.69,68.32
MEEKATHARRA-AIRPORT,7045,-26.61,118.54,r1i1p1,rcp60,GFDL-ESM2M,2020-2039,21.22,16.98,23.99,29.39,14.35,18.3,24.05,14.72,22.48,19.41,25.43,27.14,32.55,31.38,24.25,14.77,14.2,14.08,13.77
MELBOURNE-AIRPORT,86282,-37.68,144.84,r1i1p1,rcp60,GFDL-ESM2M,2020-2039,51.31,43.06,50.42,61.39,50.24,44.84,57.66,43.7,42.37,44.72,49.6,56.94,64.78,63.07,56.33,53.98,50.89,45.87,43.47
MILDURA-AIRPORT,76031,-34.23,142.08,r1i1p1,rcp60,GFDL-ESM2M,2020-2039,34.31,24.46,33.93,48.91,29.92,26.35,42.28,22.66,24.75,25.69,33.3,42.81,52.09,52.41,42.24,34.93,29.2,25.65,25.98
MOREE-AERO,53115,-29.49,149.85,r1i1p1,rcp60,GFDL-ESM2M,2020-2039,34.27,31.71,32.98,41.68,30.46,31.86,36.6,30.26,32.96,31.66,31.3,35.99,40.94,46.16,37.94,29.57,29.03,32.79,32.69
MOUNT-GAMBIER-AERO,26021,-37.75,140.77,r1i1p1,rcp60,GFDL-ESM2M,2020-2039,56.54,45.76,54.47,69.86,56.22,47.88,65.3,44.79,43.59,46.32,53.22,63.86,73.47,71.09,65.02,60.87,57.5,50.3,48.49
MOUNT-ISA-AERO,29127,-20.68,139.49,r1i1p1,rcp60,GFDL-ESM2M,2020-2039,23.3,31.02,24.62,19.38,18.09,27.54,19.01,28.1,34.4,27.74,22.23,23.89,22.27,21.01,14.86,14.98,17.04,22.24,30.81
NOWRA-RAN-AIR-STATION-AWS,68072,-34.95,150.54,r1i1p1,rcp60,GFDL-ESM2M,2020-2039,56,58.73,57.82,53.32,53.82,58.25,53.72,57.68,58.88,57.99,57.72,57.74,54.6,55.54,49.83,50.23,54.26,57.22,60.02
PERTH-AIRPORT,9021,-31.93,115.98,r1i1p1,rcp60,GFDL-ESM2M,2020-2039,43.76,34.5,40.65,55.4,44.62,36.28,51.36,34.27,31.44,34.69,39.98,47.28,55.32,57.32,53.58,52.42,42.24,39.21,37.33
PORT-HEDLAND-AIRPORT,4032,-20.37,118.63,r1i1p1,rcp60,GFDL-ESM2M,2020-2039,36.09,49.5,33.7,26.9,34.38,42.85,29.43,49.19,51.69,39.32,30.47,31.3,29.68,25.31,25.71,28.4,36.17,38.57,47.24
RICHMOND-RAAF,67105,-33.6,150.78,r1i1p1,rcp60,GFDL-ESM2M,2020-2039,46.17,46.19,50.09,47.05,41.21,47.03,45.31,44.12,46.56,49.18,49.2,51.88,49.46,49.8,41.91,39.09,39.73,44.8,48.29
ROCKHAMPTON-AERO,39083,-23.38,150.48,r1i1p1,rcp60,GFDL-ESM2M,2020-2039,44.39,49.85,48.13,39.83,39.83,48.57,40.27,46.99,52.41,50.5,47.8,46.09,41.84,40.21,37.43,35.56,40.49,43.44,49.98
SYDNEY-AIRPORT-AMO,66037,-33.94,151.17,r1i1p1,rcp60,GFDL-ESM2M,2020-2039,54.7,56.73,58.04,52.15,51.77,57.16,52.27,55.56,55.85,58.23,58.41,57.49,53.48,54.27,48.71,49.2,50.48,55.64,59.1
TENNANT-CREEK-AIRPORT,15135,-19.64,134.18,r1i1p1,rcp60,GFDL-ESM2M,2020-2039,21.5,29.21,20.69,18.57,17.57,24.84,18.14,27.82,31.81,23.52,18.12,20.41,21.18,19.8,14.73,15,17.75,19.97,27.88
TOWNSVILLE-AERO,32040,-19.25,146.77,r1i1p1,rcp60,GFDL-ESM2M,2020-2039,55.61,62.23,57.81,48.23,54.07,60.43,50.74,59.42,64.93,61.29,57.39,54.74,48.7,47.83,48.15,49.92,55.09,57.21,62.58
WAGGA-WAGGA-AMO,72150,-35.16,147.46,r1i1p1,rcp60,GFDL-ESM2M,2020-2039,42.33,26.49,38.48,61.25,42.9,29.58,54.94,24.48,26.38,29.35,36.49,49.59,62.95,64.81,56,52.57,43.76,32.38,29.24
WILLIAMTOWN-RAAF,61078,-32.79,151.84,r1i1p1,rcp60,GFDL-ESM2M,2020-2039,54.64,54.88,58.06,54.26,51.35,55.92,53.44,53.18,54.79,58.62,57.18,58.39,55.91,57.58,49.28,48.76,50.71,54.57,56.74
WOOMERA-AERODROME,16001,-31.16,136.81,r1i1p1,rcp60,GFDL-ESM2M,2020-2039,25.78,18.57,24.61,38.04,21.85,19.6,31.97,16.67,19.58,18.65,24.21,30.97,42.1,40.24,31.78,24.37,22.38,18.81,19.6
ADELAIDE-KENT-TOWN,23090,-34.92,138.62,r1i1p1,rcp60,GFDL-ESM2M,2040-2059,44.58,37.76,44.78,56.46,39.25,38.79,50.34,36.98,37.59,38.71,44.15,51.47,60.41,57.95,51.02,42.68,38.5,36.57,38.87
ALBANY-AIRPORT-COMPARISON,9741,-34.94,117.8,r1i1p1,rcp60,GFDL-ESM2M,2040-2059,60.56,55.79,58.65,65.67,62.19,57.14,64.05,55.25,54.12,56.44,57.51,62.01,66.78,66.08,64.14,63.43,61.89,61.25,57.83
ALICE-SPRINGS-AIRPORT,15590,-23.8,133.89,r1i1p1,rcp60,GFDL-ESM2M,2040-2059,18.88,17.71,20.04,22.98,14.85,17.72,20.06,14.41,20.52,16.79,20.23,23.11,27.83,23.61,17.51,12.77,15.56,16.21,17.99
AMBERLEY-AMO,40004,-27.63,152.71,r1i1p1,rcp60,GFDL-ESM2M,2040-2059,43.52,48.97,49.41,37.63,38.08,48.69,38.38,46.46,53.91,53.14,48.57,46.52,40.99,38.24,33.68,31.43,39.4,43.42,46.45
BRISBANE-AERO,40842,-27.39,153.13,r1i1p1,rcp60,GFDL-ESM2M,2040-2059,55.29,60.56,58.78,47.67,54.14,60.07,50.46,58.7,63.34,62.74,58.72,54.9,48.98,48.43,45.59,48.2,56.64,57.57,59.73
BROOME-AIRPORT,3003,-17.95,122.23,r1i1p1,rcp60,GFDL-ESM2M,2040-2059,47.09,65.05,42.97,29.53,50.81,58.43,35.78,63.75,69.26,57.86,40.79,30.25,30.93,26.73,30.92,43.48,52.38,56.56,62.14
CAIRNS-AERO,31011,-16.87,145.75,r1i1p1,rcp60,GFDL-ESM2M,2040-2059,61.72,65.64,66.77,56.58,57.83,65.64,57.81,62.51,69.74,69.2,67.07,64.05,59.45,55.3,55,54.49,58.59,60.4,64.8
CANBERRA-AIRPORT-COMPARISON,70014,-35.3,149.2,r1i1p1,rcp60,GFDL-ESM2M,2040-2059,43.53,36.3,44.21,52.8,40.69,37.76,49.23,34.08,36.5,38.57,43.69,50.38,57.54,56,44.85,45.4,41.23,35.42,38.75
CARNARVON-AIRPORT,6011,-24.89,113.67,r1i1p1,rcp60,GFDL-ESM2M,2040-2059,50.81,55.58,51.26,47.07,49.37,53.55,48.1,58.56,52.97,52.59,51.95,49.25,47.05,47.78,46.37,48.61,49.55,49.93,55.11
CEDUNA-AMO,18012,-32.13,133.7,r1i1p1,rcp60,GFDL-ESM2M,2040-2059,43.38,44,41.81,46.5,41.22,42.61,44.15,42.75,45.52,41.02,41.74,42.67,49.3,47.46,42.75,41.19,41.56,40.92,43.71
CHARLEVILLE-AERO,44021,-26.42,146.25,r1i1p1,rcp60,GFDL-ESM2M,2040-2059,24.03,24.45,27.52,26.25,17.77,24.66,23.29,20.94,30.96,27.81,26.54,28.22,31.37,28.34,19.03,15.18,17.59,20.53,21.87
COBAR-MO,48027,-31.49,145.83,r1i1p1,rcp60,GFDL-ESM2M,2040-2059,28.78,22.54,32.55,38.88,21.08,24.72,32.82,21.88,23.93,27.52,31.99,38.14,42.86,43.75,30.04,21.18,20.96,21.11,22.01
COFFS-HARBOUR-MO,59040,-30.31,153.12,r1i1p1,rcp60,GFDL-ESM2M,2040-2059,60.9,66.7,64.34,52.96,59.59,66.25,55.56,64.9,68.92,69.44,63.72,59.85,54.58,53.75,50.57,53.95,60.7,64.13,66.26
DARWIN-AIRPORT,14015,-12.42,130.89,r1i1p1,rcp60,GFDL-ESM2M,2040-2059,52.74,70.2,53.25,35.08,52.52,64.81,40.75,68.71,74.07,66.63,52.06,41.05,33.98,33.89,37.36,45.89,52.33,59.33,67.54
DUBBO-AIRPORT-AWS,65070,-32.22,148.58,r1i1p1,rcp60,GFDL-ESM2M,2040-2059,38.89,31.41,40.51,49.87,33.49,33.46,44.38,29.74,32.59,35.45,39.21,46.88,51.76,54.26,43.34,37.04,32.04,31.02,31.99
EAST-SALE-AIRPORT,85072,-38.12,147.13,r1i1p1,rcp60,GFDL-ESM2M,2040-2059,53.86,49.4,55.3,59.52,51.14,50.54,57.14,49.11,48.87,50.66,55.13,60.12,63.71,61.79,53.08,52.18,51.97,49.26,50.4
ESPERANCE,9789,-33.83,121.89,r1i1p1,rcp60,GFDL-ESM2M,2040-2059,55.24,55.84,53.29,56.7,55.25,55.08,55.45,54.54,56.05,52.9,54.15,52.83,58.02,58.38,53.71,55.36,54.43,55.97,56.59
GERALDTON-AIRPORT-COMPARISON,8051,-28.8,114.7,r1i1p1,rcp60,GFDL-ESM2M,2040-2059,46.04,43.57,42.16,52.11,46.42,42.54,49.61,45.31,39.69,39.36,41.96,45.14,50.71,53.55,52.08,50.61,45.55,43.08,45.45
HOBART-ELLERSLIE-ROAD,94029,-42.89,147.33,r1i1p1,rcp60,GFDL-ESM2M,2040-2059,54.62,51.76,55.44,59.77,51.64,52.32,56.99,53.09,50.79,51.74,55.45,59.13,62.15,61.47,55.7,52.62,50.86,51.43,51.05
KALGOORLIE-BOULDER-AIRPORT,12038,-30.78,121.45,r1i1p1,rcp60,GFDL-ESM2M,2040-2059,30.14,25.23,33.78,38.97,22.7,26.56,33.66,22.58,29.78,27.64,34.09,38.7,43.66,40.09,33.18,24.35,22.01,21.74,22.76
LAUNCESTON-AIRPORT-COMPARISON,91104,-41.54,147.2,r1i1p1,rcp60,GFDL-ESM2M,2040-2059,54.73,45.25,53.45,67.69,52.65,46.99,62.54,46.72,44.44,44.04,53.44,62.85,70.04,70.09,62.95,56.31,53.01,48.62,44.21
LAVERTON-RAAF,87031,-37.86,144.76,r1i1p1,rcp60,GFDL-ESM2M,2040-2059,52.78,47.09,53.53,61.18,49.26,48.16,57.32,49.59,46.47,48.01,53.1,59.48,65.2,62.51,55.83,50.83,50.08,46.87,45.37
MACKAY-M.O,33119,-21.12,149.22,r1i1p1,rcp60,GFDL-ESM2M,2040-2059,67.11,68.17,74.63,63.93,61.71,69.6,64.63,65.25,72.77,75.98,75.17,72.75,64.68,63.81,63.31,60.26,62.94,61.91,66.43
MEEKATHARRA-AIRPORT,7045,-26.61,118.54,r1i1p1,rcp60,GFDL-ESM2M,2040-2059,21.55,18.77,24.86,29.1,13.34,19.18,23.85,18.9,23.74,20.12,26.31,28.15,35.53,29.85,21.94,14.24,13.37,12.42,13.58
MELBOURNE-AIRPORT,86282,-37.68,144.84,r1i1p1,rcp60,GFDL-ESM2M,2040-2059,49.62,41.92,50.46,60.05,45.94,43.59,55.55,44.02,41.42,43.77,49.75,57.87,64.5,62.16,53.5,48.3,46.96,42.57,40.67
MILDURA-AIRPORT,76031,-34.23,142.08,r1i1p1,rcp60,GFDL-ESM2M,2040-2059,32.07,23.66,33.58,46.24,24.78,25.31,38.84,23.2,24.42,26.2,32.35,42.18,51.22,50.01,37.5,28.53,23.58,22.24,23.39
MOREE-AERO,53115,-29.49,149.85,r1i1p1,rcp60,GFDL-ESM2M,2040-2059,33.41,32.2,35.25,38.96,26.98,32.56,34.17,30.85,35.6,35.03,34.24,36.49,41.23,42.74,32.91,25.49,26.17,29.29,30.88
MOUNT-GAMBIER-AERO,26021,-37.75,140.77,r1i1p1,rcp60,GFDL-ESM2M,2040-2059,55.75,46.1,54.44,68.94,53.63,47.56,64.02,45.86,43.5,45.62,53.02,64.7,73.07,69.87,63.88,58.1,54.52,48.28,48.54
MOUNT-ISA-AERO,29127,-20.68,139.49,r1i1p1,rcp60,GFDL-ESM2M,2040-2059,21.75,28.79,24.82,17.51,15.81,26.25,17.21,24.87,34.54,29.17,22.41,22.86,21.51,18.1,12.92,12.84,15.05,19.55,27.17
NOWRA-RAN-AIR-STATION-AWS,68072,-34.95,150.54,r1i1p1,rcp60,GFDL-ESM2M,2040-2059,55.19,59.79,58.25,51.35,51.01,58.73,51.61,58.17,61.4,59.72,58.38,56.66,54.22,53.58,46.24,46.92,51.88,54.5,60.21
PERTH-AIRPORT,9021,-31.93,115.98,r1i1p1,rcp60,GFDL-ESM2M,2040-2059,43.07,34.32,40.46,54.81,42.84,35.89,50.37,33.9,32.03,33.96,40.02,47.4,55.86,56.34,52.21,49.77,40.6,38.13,36.6
PORT-HEDLAND-AIRPORT,4032,-20.37,118.63,r1i1p1,rcp60,GFDL-ESM2M,2040-2059,35.92,50.33,33.99,26.63,32.84,43.69,28.25,50.52,53.55,41.08,32.63,28.27,30.49,24.33,25.07,27.31,34.02,37.19,46.53
RICHMOND-RAAF,67105,-33.6,150.78,r1i1p1,rcp60,GFDL-ESM2M,2040-2059,45.61,47.67,50.7,45.11,38.83,47.85,43.38,44.59,50.89,51.42,49.54,51.13,49.22,47.5,38.62,35.69,38.11,42.67,47.93
ROCKHAMPTON-AERO,39083,-23.38,150.48,r1i1p1,rcp60,GFDL-ESM2M,2040-2059,44.82,50.67,50.71,38.77,39.19,49.96,39.73,47.26,55.17,54.59,50.52,47.02,41.63,38.16,36.52,34.43,40.63,42.51,49.4
SYDNEY-AIRPORT-AMO,66037,-33.94,151.17,r1i1p1,rcp60,GFDL-ESM2M,2040-2059,54.21,58.44,58.5,50.27,49.53,58.13,50.32,56.22,60.27,60.35,58.71,56.43,53.11,52.1,45.59,45.57,49.1,53.91,59.13
TENNANT-CREEK-AIRPORT,15135,-19.64,134.18,r1i1p1,rcp60,GFDL-ESM2M,2040-2059,20.6,28.64,21.99,16.2,15.6,24.97,16.22,26.36,32.57,24.04,21.56,20.37,19.97,16.66,11.95,12.99,15.37,18.45,26.88
TOWNSVILLE-AERO,32040,-19.25,146.77,r1i1p1,rcp60,GFDL-ESM2M,2040-2059,55.3,60.89,59.74,46.94,53.54,60.53,50.03,56.73,65.6,64.67,59.36,55.18,47.06,45.48,48.3,49,55.16,56.46,60.58
WAGGA-WAGGA-AMO,72150,-35.16,147.46,r1i1p1,rcp60,GFDL-ESM2M,2040-2059,40.27,26.26,39.16,57.92,37.54,28.89,51.53,24.32,27.17,30.25,37.42,49.81,62.43,62.27,49.08,47.22,38.36,27.05,27.88
WILLIAMTOWN-RAAF,61078,-32.79,151.84,r1i1p1,rcp60,GFDL-ESM2M,2040-2059,54.19,56.5,58.77,52.26,49.2,56.94,51.51,53.87,59.19,60.89,57.86,57.57,55.68,54.84,46.25,45.28,49.44,52.87,56.5
WOOMERA-AERODROME,16001,-31.16,136.81,r1i1p1,rcp60,GFDL-ESM2M,2040-2059,24.18,18.36,24.67,35.3,18.37,19.18,29.2,17.37,19.38,19.62,23.23,31.16,41.26,36.86,27.78,19.59,18.54,16.97,18.44
ADELAIDE-KENT-TOWN,23090,-34.92,138.62,r1i1p1,rcp60,GFDL-ESM2M,2060-2079,44.52,36.53,46.63,55.96,38.89,38.78,50.23,35.61,37.41,40.36,46.5,53.05,59.24,57.71,50.94,43.7,36.75,36.24,36.71
ALBANY-AIRPORT-COMPARISON,9741,-34.94,117.8,r1i1p1,rcp60,GFDL-ESM2M,2060-2079,61.11,56.1,59.85,66.22,62.33,57.92,64.38,54.83,55.63,58.6,58.41,62.53,66.9,66.76,65.01,63.35,61.71,61.94,57.66
ALICE-SPRINGS-AIRPORT,15590,-23.8,133.89,r1i1p1,rcp60,GFDL-ESM2M,2060-2079,18.66,16.98,21.41,22.36,13.96,17.61,19.73,12.38,22.06,19.29,20.04,24.89,26.2,23.9,16.97,11.2,15.24,15.43,16.31
AMBERLEY-AMO,40004,-27.63,152.71,r1i1p1,rcp60,GFDL-ESM2M,2060-2079,43.02,47.65,48.07,38.26,38.12,47.39,38.68,45.47,51.76,51.46,46.75,45.99,41.83,38.65,34.3,32.08,39.22,43.06,45.63
BRISBANE-AERO,40842,-27.39,153.13,r1i1p1,rcp60,GFDL-ESM2M,2060-2079,54.88,59.21,57.56,48.37,54.37,58.84,50.86,57.91,61.37,61.31,56.8,54.56,50.19,48.75,46.18,49.15,56.35,57.62,58.43
BROOME-AIRPORT,3003,-17.95,122.23,r1i1p1,rcp60,GFDL-ESM2M,2060-2079,46.75,63.46,43.41,29.18,50.94,57.71,35.83,61.65,66.59,58.47,40.44,31.32,28.82,27.22,31.5,43.28,52.82,56.74,62.15
CAIRNS-AERO,31011,-16.87,145.75,r1i1p1,rcp60,GFDL-ESM2M,2060-2079,61.44,65.35,64.55,57.55,58.26,64.86,58.03,62.16,69.72,68.57,63.55,61.54,60.17,57.41,55.08,55.1,58.89,60.8,64.27
CANBERRA-AIRPORT-COMPARISON,70014,-35.3,149.2,r1i1p1,rcp60,GFDL-ESM2M,2060-2079,42.87,34.27,43.94,52.77,40.36,37.29,48.39,31.11,35.83,39.37,43.27,49.18,57.09,55.55,45.66,41.7,41.13,38.27,36.29
CARNARVON-AIRPORT,6011,-24.89,113.67,r1i1p1,rcp60,GFDL-ESM2M,2060-2079,50.23,54.68,49.98,46.87,49.43,52.83,47.66,55.56,53.59,51.72,50.65,47.56,47.07,47.16,46.39,48.24,49.55,50.51,54.81
CEDUNA-AMO,18012,-32.13,133.7,r1i1p1,rcp60,GFDL-ESM2M,2060-2079,43.29,42.68,43.61,45.85,41.03,42.53,44.06,41.23,45.41,42.42,43.53,44.88,47.67,47.55,42.34,41.2,40.69,41.2,41.36
CHARLEVILLE-AERO,44021,-26.42,146.25,r1i1p1,rcp60,GFDL-ESM2M,2060-2079,23.22,22.71,25.62,26.81,17.61,23.1,23.23,19.11,28.24,25.72,24.67,26.46,31.42,29.01,20.01,14.96,17.53,20.34,21.21
COBAR-MO,48027,-31.49,145.83,r1i1p1,rcp60,GFDL-ESM2M,2060-2079,28.7,21.44,31.92,40.36,21.03,24.1,33.29,18.57,23.98,27.34,30.86,37.56,43.4,45.02,32.67,20.81,20.27,22,21.95
COFFS-HARBOUR-MO,59040,-30.31,153.12,r1i1p1,rcp60,GFDL-ESM2M,2060-2079,60.37,65.54,63.5,52.91,59.54,65.41,55.35,64.1,67.27,68.81,62.34,59.35,54.72,53.79,50.23,53.46,60.55,64.6,65.24
DARWIN-AIRPORT,14015,-12.42,130.89,r1i1p1,rcp60,GFDL-ESM2M,2060-2079,52.38,70.21,52.32,35.19,51.87,64.41,40.42,69.98,74.46,66.96,50.77,39.24,31.95,35.36,38.24,45.69,52.06,57.88,65.92
DUBBO-AIRPORT-AWS,65070,-32.22,148.58,r1i1p1,rcp60,GFDL-ESM2M,2060-2079,38.71,30.03,40.39,51.1,33.02,33.05,44.44,27.39,31.77,36.7,39.24,45.23,52.44,55.88,44.76,36.09,31.31,31.3,30.99
EAST-SALE-AIRPORT,85072,-38.12,147.13,r1i1p1,rcp60,GFDL-ESM2M,2060-2079,53.73,48.24,55.56,59.97,51.08,50.05,57.37,47.41,49.49,51.26,54.92,60.5,63.48,61.63,54.79,52.12,51.73,49.4,47.98
ESPERANCE,9789,-33.83,121.89,r1i1p1,rcp60,GFDL-ESM2M,2060-2079,55.85,55.52,55.42,57.21,55.34,55.57,56.17,53.49,57.06,55.58,55.72,54.97,57.56,59.33,54.74,55.91,54.52,55.6,55.69
GERALDTON-AIRPORT-COMPARISON,8051,-28.8,114.7,r1i1p1,rcp60,GFDL-ESM2M,2060-2079,46.18,43.08,42.34,52.86,46.52,42.56,49.85,43.7,40.3,40.47,41.94,44.61,50.63,54.66,53.27,50.63,45.32,43.6,44.98
HOBART-ELLERSLIE-ROAD,94029,-42.89,147.33,r1i1p1,rcp60,GFDL-ESM2M,2060-2079,55.12,51.98,56.33,60.14,52.14,52.77,57.53,53.09,52.22,52.64,56.39,59.97,63,61.59,55.82,53.7,51.09,51.62,50.28
KALGOORLIE-BOULDER-AIRPORT,12038,-30.78,121.45,r1i1p1,rcp60,GFDL-ESM2M,2060-2079,29.24,22.51,33.58,38.35,22.6,24.67,33.72,19.46,26.67,26.37,33.02,40.36,41.34,41.63,32.07,24.95,21.96,20.89,20.84
LAUNCESTON-AIRPORT-COMPARISON,91104,-41.54,147.2,r1i1p1,rcp60,GFDL-ESM2M,2060-2079,55.19,45.13,54.47,68.15,53.14,47.22,63.24,45.87,46.15,44.76,54.46,64.2,70.42,70.43,63.62,57.59,53.17,48.65,43.01
LAVERTON-RAAF,87031,-37.86,144.76,r1i1p1,rcp60,GFDL-ESM2M,2060-2079,52.95,46.95,54.39,61.35,49.07,48.24,57.58,48.2,48.83,48.91,54.02,60.23,64.29,61.95,57.79,51.71,49.52,45.98,43.97
MACKAY-M.O,33119,-21.12,149.22,r1i1p1,rcp60,GFDL-ESM2M,2060-2079,65.85,66.43,69.52,64.88,62.57,67.27,64.44,63.53,69.45,72.45,68.78,67.33,66.41,65.74,62.5,61.51,63.14,63.06,66.27
MEEKATHARRA-AIRPORT,7045,-26.61,118.54,r1i1p1,rcp60,GFDL-ESM2M,2060-2079,20.41,16.3,24.5,27.7,13,17.7,23.05,15.31,21.09,19.05,26.33,28.1,31.46,30.25,21.38,14.01,13.07,11.92,12.48
MELBOURNE-AIRPORT,86282,-37.68,144.84,r1i1p1,rcp60,GFDL-ESM2M,2060-2079,49.77,41.73,51.28,60.21,45.76,43.64,55.8,42.64,43.62,44.66,50.6,58.57,63.51,61.58,55.55,49.19,46.41,41.68,39.25
MILDURA-AIRPORT,76031,-34.23,142.08,r1i1p1,rcp60,GFDL-ESM2M,2060-2079,32.27,23.03,34.92,46.62,24.49,25.32,39.22,20.93,26.07,27.3,33.64,43.82,50.68,49.92,39.26,29.45,22.22,21.81,22.11
MOREE-AERO,53115,-29.49,149.85,r1i1p1,rcp60,GFDL-ESM2M,2060-2079,32.82,30.86,33.85,39.67,26.65,31.41,34.13,29.25,33.78,34.07,32.69,34.78,41.56,43.36,34.08,25.45,25.58,28.92,30.26
MOUNT-GAMBIER-AERO,26021,-37.75,140.77,r1i1p1,rcp60,GFDL-ESM2M,2060-2079,55.95,46.02,55.32,68.58,54,47.8,64.18,45.35,44.55,46.34,54,65.63,72.31,69.46,63.96,58.76,54.98,48.27,47.77
MOUNT-ISA-AERO,29127,-20.68,139.49,r1i1p1,rcp60,GFDL-ESM2M,2060-2079,20.95,27.17,23.42,17.73,15.42,24.92,16.95,23.96,32.83,28.77,20.88,20.62,21.51,18.9,12.77,12.75,15.16,18.36,24.89
NOWRA-RAN-AIR-STATION-AWS,68072,-34.95,150.54,r1i1p1,rcp60,GFDL-ESM2M,2060-2079,54.73,58.06,58.23,51.33,50.97,58.2,51.22,55.9,60.36,60.7,57.71,56.28,54.16,53.42,46.4,45.11,51.84,56.22,58.29
PERTH-AIRPORT,9021,-31.93,115.98,r1i1p1,rcp60,GFDL-ESM2M,2060-2079,43.32,34.37,41.19,54.95,42.89,36.51,50.24,33.82,32.73,36.02,40.92,46.64,55.29,56.62,52.94,49.48,40.46,38.74,36.12
PORT-HEDLAND-AIRPORT,4032,-20.37,118.63,r1i1p1,rcp60,GFDL-ESM2M,2060-2079,35.18,48.89,33.99,25.37,32.6,42.79,27.67,48.74,51.35,41.14,31.77,29.04,27.84,23.54,24.72,26.71,34.16,36.93,46.19
RICHMOND-RAAF,67105,-33.6,150.78,r1i1p1,rcp60,GFDL-ESM2M,2060-2079,45.14,46.41,50.64,44.94,38.42,47.4,42.88,43.23,49.53,52.03,49.27,50.64,48.93,47.45,38.44,34.39,37.45,43.41,46.86
ROCKHAMPTON-AERO,39083,-23.38,150.48,r1i1p1,rcp60,GFDL-ESM2M,2060-2079,43.72,48.76,47.4,39.59,39.17,47.88,39.6,46.55,51.35,51.54,46.47,44.19,42.85,39.51,36.42,34.77,39.88,42.86,48.21
SYDNEY-AIRPORT-AMO,66037,-33.94,151.17,r1i1p1,rcp60,GFDL-ESM2M,2060-2079,53.72,57.21,58.38,50.02,49.17,57.67,49.8,55.1,58.92,60.92,58.15,56.08,52.91,51.94,45.21,44.16,48.48,54.86,57.91
TENNANT-CREEK-AIRPORT,15135,-19.64,134.18,r1i1p1,rcp60,GFDL-ESM2M,2060-2079,19.96,25.9,21.54,16.69,15.75,23.32,16.59,23.18,31.4,24.23,19.97,20.42,20.03,17.65,12.37,12.77,16.28,18.19,23.02
TOWNSVILLE-AERO,32040,-19.25,146.77,r1i1p1,rcp60,GFDL-ESM2M,2060-2079,54.76,60.58,56.1,48.19,54.11,59.29,50.19,58.03,63.71,61.91,54.73,51.65,48.21,47.99,48.37,49.76,55.19,57.39,60.21
WAGGA-WAGGA-AMO,72150,-35.16,147.46,r1i1p1,rcp60,GFDL-ESM2M,2060-2079,39.77,24.71,39.11,58.26,36.82,28.47,50.95,21.69,27.09,31.04,37.02,49.27,61.7,62.08,51.01,44.17,37.49,28.79,25.92
WILLIAMTOWN-RAAF,61078,-32.79,151.84,r1i1p1,rcp60,GFDL-ESM2M,2060-2079,53.61,55.47,58.37,51.96,48.63,56.41,50.88,52.91,58.01,61.36,56.89,56.86,55.42,54.7,45.75,43.9,48.65,53.33,55.55
WOOMERA-AERODROME,16001,-31.16,136.81,r1i1p1,rcp60,GFDL-ESM2M,2060-2079,24.25,17.3,27.14,35.08,17.44,19.34,29.18,15.18,20.49,21.68,25.69,34.06,40.77,36.89,27.59,19.7,16.08,16.54,16.35
ADELAIDE-KENT-TOWN,23090,-34.92,138.62,r1i1p1,rcp60,GFDL-ESM2M,2080-2099,43.98,37.33,43.58,55.56,39.58,38.29,49.75,34.93,38,37.88,42.54,50.32,59.1,57.3,50.28,43.28,38.23,37.22,38.65
ALBANY-AIRPORT-COMPARISON,9741,-34.94,117.8,r1i1p1,rcp60,GFDL-ESM2M,2080-2099,60.84,56.15,59.17,65.68,62.38,57.56,64.21,55.82,54.74,57.7,57.86,61.96,66.83,66.07,64.13,63.33,62.93,60.87,57.81
ALICE-SPRINGS-AIRPORT,15590,-23.8,133.89,r1i1p1,rcp60,GFDL-ESM2M,2080-2099,17.57,17.41,17.31,20.68,14.71,16.08,18.99,14.03,19.81,14.16,14.47,23.3,26.93,20.85,14.27,12.66,15.94,15.53,18.95
AMBERLEY-AMO,40004,-27.63,152.71,r1i1p1,rcp60,GFDL-ESM2M,2080-2099,43.07,48.9,47.63,38.17,37.67,47.76,38.45,47.83,52.3,49.94,46.82,46.13,42.22,38.8,33.49,30.71,39.37,42.94,46.28
BRISBANE-AERO,40842,-27.39,153.13,r1i1p1,rcp60,GFDL-ESM2M,2080-2099,55.55,60.71,57.93,48.95,54.49,59.68,51.31,60.38,62.21,60.6,57.94,55.25,50.99,49.66,46.19,48.06,57.7,57.71,59.86
BROOME-AIRPORT,3003,-17.95,122.23,r1i1p1,rcp60,GFDL-ESM2M,2080-2099,46.94,65.62,40.99,29.24,51.83,57.89,35.96,65.63,68.41,57.31,36.6,29.06,29.99,26.97,30.77,44.29,54.7,56.5,63.01
CAIRNS-AERO,31011,-16.87,145.75,r1i1p1,rcp60,GFDL-ESM2M,2080-2099,61.77,65.84,64.5,57.86,59,65.08,58.59,64.58,68.41,66.14,65.12,62.24,60.84,57.38,55.36,56.49,59.25,61.26,64.22
CANBERRA-AIRPORT-COMPARISON,70014,-35.3,149.2,r1i1p1,rcp60,GFDL-ESM2M,2080-2099,44.25,39.42,43.63,52.59,41.65,39.66,48.96,37.06,40.91,39.02,41.55,50.31,57.89,54.96,44.93,44.21,41.44,39.28,39.46
CARNARVON-AIRPORT,6011,-24.89,113.67,r1i1p1,rcp60,GFDL-ESM2M,2080-2099,49.16,53.75,48.62,45.06,49.15,51.86,46.45,55.53,51.2,49.78,49.57,46.53,44.48,46.22,44.48,47.54,49.47,50.43,54.71
CEDUNA-AMO,18012,-32.13,133.7,r1i1p1,rcp60,GFDL-ESM2M,2080-2099,42.8,43.57,41.28,45.21,41.24,41.97,43.71,41.12,45.61,40.23,40.58,43.03,47.25,47.05,41.34,42.17,41.43,40.13,43.61
CHARLEVILLE-AERO,44021,-26.42,146.25,r1i1p1,rcp60,GFDL-ESM2M,2080-2099,22.92,25.19,24.02,25.19,17.4,23.63,22.39,22.84,29.14,23.14,22.97,25.96,30.61,27.03,17.92,14.72,18.08,19.41,23.23
COBAR-MO,48027,-31.49,145.83,r1i1p1,rcp60,GFDL-ESM2M,2080-2099,28.38,24.36,29.35,38.24,21.86,24.67,32.37,22.11,25.26,25.51,26.95,35.59,42.95,43.09,28.68,21.87,22.02,21.7,24.86
COFFS-HARBOUR-MO,59040,-30.31,153.12,r1i1p1,rcp60,GFDL-ESM2M,2080-2099,60.85,67.04,63.56,53.2,59.69,66,55.75,66.06,68.49,67.41,62.85,60.43,55.98,54.01,49.6,53.34,61.13,64.62,66.3
DARWIN-AIRPORT,14015,-12.42,130.89,r1i1p1,rcp60,GFDL-ESM2M,2080-2099,52.77,71.04,51.97,35.74,52.24,64.45,41.07,72.13,73.9,65.78,50.12,40.02,34.39,35.19,37.63,46.34,52.83,57.55,67.42
DUBBO-AIRPORT-AWS,65070,-32.22,148.58,r1i1p1,rcp60,GFDL-ESM2M,2080-2099,39.05,33.45,39.18,49.97,33.8,34.1,44.24,31.84,34.11,34.85,36.51,46.17,52.66,55.53,41.36,36.71,31.93,32.36,33.67
EAST-SALE-AIRPORT,85072,-38.12,147.13,r1i1p1,rcp60,GFDL-ESM2M,2080-2099,53.8,50.43,54.01,59.2,51.87,50.86,57.03,48.98,49.89,50.08,52.44,59.5,63.38,61.01,53.21,53.82,51.25,50.54,51.47
ESPERANCE,9789,-33.83,121.89,r1i1p1,rcp60,GFDL-ESM2M,2080-2099,55.29,55.5,53.72,56.26,55.67,54.87,55.72,55.33,54.99,54.14,53.3,53.71,57.05,58.13,53.6,56.66,55.16,55.17,56.26
GERALDTON-AIRPORT-COMPARISON,8051,-28.8,114.7,r1i1p1,rcp60,GFDL-ESM2M,2080-2099,45.32,42.59,41.47,50.77,46.36,41.99,48.65,43.63,39.05,38.85,41.77,43.79,48.9,52.34,51.08,49.8,45.98,43.29,45.36
HOBART-ELLERSLIE-ROAD,94029,-42.89,147.33,r1i1p1,rcp60,GFDL-ESM2M,2080-2099,54.8,51.17,55.36,60,53.04,52.29,57.51,51.73,50.76,52.19,55.38,58.49,62.7,61.68,55.62,54.19,52.38,52.55,49.97
KALGOORLIE-BOULDER-AIRPORT,12038,-30.78,121.45,r1i1p1,rcp60,GFDL-ESM2M,2080-2099,28.37,22.43,31.24,37.15,22.72,24.15,32.57,21.1,23.97,24.61,31.21,37.01,39.76,40.32,31.38,25.14,21.8,21.22,21.74
LAUNCESTON-AIRPORT-COMPARISON,91104,-41.54,147.2,r1i1p1,rcp60,GFDL-ESM2M,2080-2099,54.93,44.36,53.28,67.83,54.44,46.86,63.06,44.55,43.72,44.15,53.54,62.16,70.06,70.26,63.17,58.61,54.09,50.61,44.26
LAVERTON-RAAF,87031,-37.86,144.76,r1i1p1,rcp60,GFDL-ESM2M,2080-2099,52.54,47.57,52.74,60.4,49.7,48.26,57.01,47.76,47.49,47.48,51.56,59.19,64.13,61.42,55.65,52.55,49.15,47.39,46.68
MACKAY-M.O,33119,-21.12,149.22,r1i1p1,rcp60,GFDL-ESM2M,2080-2099,66.02,67.84,70.35,63.95,62.17,67.99,64.29,66.08,70.11,70.8,70.88,69.37,65.76,64.7,61.4,61.17,63.33,61.99,66.67
MEEKATHARRA-AIRPORT,7045,-26.61,118.54,r1i1p1,rcp60,GFDL-ESM2M,2080-2099,18.87,15.53,20.67,26.27,12.83,16.36,21.33,15.24,18.53,17.33,21.7,22.99,30.52,28.3,20,13.4,12.79,12.31,12.94
MELBOURNE-AIRPORT,86282,-37.68,144.84,r1i1p1,rcp60,GFDL-ESM2M,2080-2099,49.34,42.68,49.59,59.21,46.18,43.8,55.13,42.35,42.85,43.21,48.11,57.45,63.14,61.03,53.46,49.86,45.83,42.84,41.94
MILDURA-AIRPORT,76031,-34.23,142.08,r1i1p1,rcp60,GFDL-ESM2M,2080-2099,31.9,24.83,32.27,45.21,25.42,25.45,38.46,22.77,25.57,24.62,30.41,41.78,50.57,48.1,36.96,29.28,24.08,22.89,25.74
MOREE-AERO,53115,-29.49,149.85,r1i1p1,rcp60,GFDL-ESM2M,2080-2099,33.03,33.3,33.7,38.99,26.36,32.29,33.91,32.69,35.66,32.41,32.36,36.34,42.82,42.83,31.31,24.43,25.74,28.92,30.87
MOUNT-GAMBIER-AERO,26021,-37.75,140.77,r1i1p1,rcp60,GFDL-ESM2M,2080-2099,55.46,45.84,53.77,68.31,54.16,47.43,63.69,44.03,44.58,45.63,52.19,63.48,71.95,69.63,63.35,59.02,54.7,48.77,48.19
MOUNT-ISA-AERO,29127,-20.68,139.49,r1i1p1,rcp60,GFDL-ESM2M,2080-2099,20.54,28.41,20.61,16.74,16.34,24.48,16.57,27.51,31.2,23.9,18.02,19.93,20.71,17.67,11.84,13.02,16.28,19.72,26.68
NOWRA-RAN-AIR-STATION-AWS,68072,-34.95,150.54,r1i1p1,rcp60,GFDL-ESM2M,2080-2099,55.51,61.95,57.9,50.98,51.17,59.87,51.25,60.54,64.24,59.87,56.56,57.26,54.95,52.57,45.43,45.91,51.18,56.61,60.57
PERTH-AIRPORT,9021,-31.93,115.98,r1i1p1,rcp60,GFDL-ESM2M,2080-2099,42.62,34.22,39.99,54.13,42.08,35.71,49.55,34.29,31.69,34.53,39.21,46.23,54.8,55.83,51.76,48.38,40.27,37.58,36.86
PORT-HEDLAND-AIRPORT,4032,-20.37,118.63,r1i1p1,rcp60,GFDL-ESM2M,2080-2099,34.96,49.24,31.96,25.23,33.25,42.18,27.71,50.91,51.41,39.63,28.69,27.57,27.67,24.35,23.65,27.93,35.12,36.71,45.91
RICHMOND-RAAF,67105,-33.6,150.78,r1i1p1,rcp60,GFDL-ESM2M,2080-2099,45.56,49.46,50.18,44.48,38.33,48.5,42.74,47.45,52.39,50.98,47.62,51.95,49.59,46.69,37.17,34.1,36.96,43.95,47.92
ROCKHAMPTON-AERO,39083,-23.38,150.48,r1i1p1,rcp60,GFDL-ESM2M,2080-2099,43.38,49.49,47,38.4,38.81,47.96,38.97,48.37,51.39,49.53,47.13,44.34,41.8,38.04,35.35,33.96,40.3,42.15,48.18
SYDNEY-AIRPORT-AMO,66037,-33.94,151.17,r1i1p1,rcp60,GFDL-ESM2M,2080-2099,54.25,60.02,58.24,49.81,49.14,58.71,49.92,59.03,61.76,59.86,56.99,57.86,53.9,51.38,44.15,44.08,48.14,55.2,58.68
TENNANT-CREEK-AIRPORT,15135,-19.64,134.18,r1i1p1,rcp60,GFDL-ESM2M,2080-2099,19.3,26.81,18.31,15.63,16.36,22.66,15.86,26,29.87,21.21,15.8,17.91,19.9,15.66,11.32,13.47,16.89,18.72,24.86
TOWNSVILLE-AERO,32040,-19.25,146.77,r1i1p1,rcp60,GFDL-ESM2M,2080-2099,54.73,61,55.9,47.64,54.49,59.25,50.32,58.53,63.94,60.09,55.31,52.29,47.92,47.3,47.71,50.92,55.76,56.78,60.18
WAGGA-WAGGA-AMO,72150,-35.16,147.46,r1i1p1,rcp60,GFDL-ESM2M,2080-2099,40.58,28.99,37.98,57.21,38.47,30.29,51.05,26.03,30.67,30.2,34.6,49.16,61.65,60.79,49.18,46.82,38.72,29.86,29.27
WILLIAMTOWN-RAAF,61078,-32.79,151.84,r1i1p1,rcp60,GFDL-ESM2M,2080-2099,54.1,57.72,58.42,51.8,48.65,57.18,51.14,56.18,60.08,59.74,56.54,58.99,56.36,54.37,44.67,43.92,48.51,53.54,56.28
WOOMERA-AERODROME,16001,-31.16,136.81,r1i1p1,rcp60,GFDL-ESM2M,2080-2099,23.63,18.54,23.82,33.96,18.28,18.76,28.57,15.57,19.85,18.27,21.64,31.54,40.37,35.73,25.79,20.04,17.97,16.82,19.98
ADELAIDE-KENT-TOWN,23090,-34.92,138.62,r1i1p1,rcp60,MIROC5,2020-2039,47.7,37.13,47.64,59.77,46.19,40.05,55.32,35.74,35.78,41.32,46.25,55.36,62.66,60.54,56.11,51.56,45.69,41.32,40.04
ALBANY-AIRPORT-COMPARISON,9741,-34.94,117.8,r1i1p1,rcp60,MIROC5,2020-2039,61.97,56.73,60.52,66.9,63.78,58.41,65.6,56.16,55.88,59.26,58.51,63.77,67.84,67.58,65.28,65.19,63.91,62.24,57.97
ALICE-SPRINGS-AIRPORT,15590,-23.8,133.89,r1i1p1,rcp60,MIROC5,2020-2039,24.04,22.84,24.59,30.14,18.7,21.9,26.23,18.59,25.64,20.96,22.22,30.59,35.72,30.45,24.26,16.58,19.77,19.74,24
AMBERLEY-AMO,40004,-27.63,152.71,r1i1p1,rcp60,MIROC5,2020-2039,44.19,48.45,49.91,40.27,38.17,47.97,40.45,46.55,53.16,51.17,49.04,49.53,44.74,39.35,36.71,33.2,39.17,42.15,45.55
BRISBANE-AERO,40842,-27.39,153.13,r1i1p1,rcp60,MIROC5,2020-2039,55.98,60,59.67,50.51,53.7,59.46,52.43,59.15,62.87,61.16,59.74,58.1,52.99,49.43,49.12,49.57,55.41,56.14,58.07
BROOME-AIRPORT,3003,-17.95,122.23,r1i1p1,rcp60,MIROC5,2020-2039,49.9,65.32,46.81,33.07,54.4,60.2,39.63,64.66,70.26,61.45,42.47,36.49,35.76,30.09,33.36,45.17,56.93,61.09,61.05
CAIRNS-AERO,31011,-16.87,145.75,r1i1p1,rcp60,MIROC5,2020-2039,62.9,66.53,67.55,59.89,57.59,65.86,59.95,65.64,69.91,69.55,67.5,65.6,62.16,59.14,58.36,55.32,59.12,58.34,64.15
CANBERRA-AIRPORT-COMPARISON,70014,-35.3,149.2,r1i1p1,rcp60,MIROC5,2020-2039,46.73,37.87,46.36,56.67,45.89,40.19,53.2,36.39,40.27,40.55,44.72,53.82,61.11,57.46,51.43,49.09,46.31,42.27,37.35
CARNARVON-AIRPORT,6011,-24.89,113.67,r1i1p1,rcp60,MIROC5,2020-2039,53.62,58.42,55.24,50.14,50.73,56.76,50.51,57.9,60.67,57.95,55.32,52.46,50.47,50.48,49.46,49.46,50.72,51.99,56.59
CEDUNA-AMO,18012,-32.13,133.7,r1i1p1,rcp60,MIROC5,2020-2039,46.26,44.83,45.13,50.42,44.64,44.38,48.13,42.95,44.96,43.62,44.58,47.2,51.88,50.92,48.47,46.17,44.16,43.59,46.57
CHARLEVILLE-AERO,44021,-26.42,146.25,r1i1p1,rcp60,MIROC5,2020-2039,28.36,28.08,30.42,32.81,21.96,27.48,29.1,25.46,35.75,28.63,28.95,33.67,37.15,33.62,27.66,21.42,21.08,23.38,23.48
COBAR-MO,48027,-31.49,145.83,r1i1p1,rcp60,MIROC5,2020-2039,34.82,27.17,36.12,46.04,29.87,28.99,40.62,25.63,31.68,30.84,33.84,43.69,50.67,47.45,40,32.49,29.42,27.7,24.41
COFFS-HARBOUR-MO,59040,-30.31,153.12,r1i1p1,rcp60,MIROC5,2020-2039,61.49,66.19,65.33,54.81,59.64,65.74,57.26,65.15,69.04,67.7,65.19,63.12,58.2,53.35,52.87,55.86,60.16,62.89,64.37
DARWIN-AIRPORT,14015,-12.42,130.89,r1i1p1,rcp60,MIROC5,2020-2039,53.34,70.05,54.21,37.37,51.83,64.66,42.12,70.45,73.16,67.29,52.27,43.08,36.76,35.94,39.42,45.03,52.48,57.97,66.28
DUBBO-AIRPORT-AWS,65070,-32.22,148.58,r1i1p1,rcp60,MIROC5,2020-2039,43.97,34.27,43.65,56.49,41.14,36.46,51.54,33.54,37.96,38.11,40.93,51.9,59.45,57.56,52.43,47.49,39.57,35.93,31.64
EAST-SALE-AIRPORT,85072,-38.12,147.13,r1i1p1,rcp60,MIROC5,2020-2039,55.4,49.61,55.41,61.23,55.28,51.25,59.51,48.01,49.21,51.36,53.57,61.3,64.7,62.53,56.45,56.81,55.25,53.77,51.8
ESPERANCE,9789,-33.83,121.89,r1i1p1,rcp60,MIROC5,2020-2039,57.58,57,57.16,59.05,57.23,57.02,58.18,56.76,56.72,57.54,56.52,57.42,60.09,59.9,57.14,57.92,56.61,57.17,57.17
GERALDTON-AIRPORT-COMPARISON,8051,-28.8,114.7,r1i1p1,rcp60,MIROC5,2020-2039,48.73,45.23,45.79,55.81,48.16,44.79,52.73,44.77,43.39,43.97,44.17,49.22,52.9,57.35,57.2,52.7,47.01,44.78,47.26
HOBART-ELLERSLIE-ROAD,94029,-42.89,147.33,r1i1p1,rcp60,MIROC5,2020-2039,55.69,51.96,56.48,60.91,53.55,53.03,58.43,52.39,51.1,53.08,55.94,60.41,64.44,61.5,56.78,54.71,52.71,53.23,52.03
KALGOORLIE-BOULDER-AIRPORT,12038,-30.78,121.45,r1i1p1,rcp60,MIROC5,2020-2039,32.29,24.58,36.84,42.66,25.14,27.33,37.15,21.38,28.94,30.78,35.36,43.45,46.37,43.73,37.89,28.36,23.12,23.94,22.82
LAUNCESTON-AIRPORT-COMPARISON,91104,-41.54,147.2,r1i1p1,rcp60,MIROC5,2020-2039,55.47,45.03,54.21,68.37,54.42,47.36,63.67,44.64,44.61,44.87,53.44,64.31,71.56,69.65,63.89,58.27,54.33,50.67,45.46
LAVERTON-RAAF,87031,-37.86,144.76,r1i1p1,rcp60,MIROC5,2020-2039,55.34,48.54,55.34,63.26,54.17,50.26,60.33,48.2,47.37,50.49,53.61,61.91,66.35,63.69,59.73,57.48,52.84,52.19,50.22
MACKAY-M.O,33119,-21.12,149.22,r1i1p1,rcp60,MIROC5,2020-2039,68.56,68.31,73.49,70.03,62.43,69.04,68.1,67.88,72.05,74.69,72.96,72.82,70.65,68.61,70.82,61.68,64.01,61.61,64.94
MEEKATHARRA-AIRPORT,7045,-26.61,118.54,r1i1p1,rcp60,MIROC5,2020-2039,25.11,18.99,28.59,35.65,17.03,21.02,29.1,15.78,26.28,23.94,28.32,33.5,40.45,36.95,29.55,19.28,14.86,16.95,14.9
MELBOURNE-AIRPORT,86282,-37.68,144.84,r1i1p1,rcp60,MIROC5,2020-2039,52.34,43.53,52.3,62.3,51.13,45.8,58.77,42.87,42.44,46.22,50.31,60.36,65.69,63.52,57.69,55.3,50.04,48.04,45.66
MILDURA-AIRPORT,76031,-34.23,142.08,r1i1p1,rcp60,MIROC5,2020-2039,37.57,27.15,38.52,51.65,32.97,29.5,45.66,24.82,28.84,31.64,35.69,48.24,55.68,53.6,45.66,39.08,31.71,28.11,27.82
MOREE-AERO,53115,-29.49,149.85,r1i1p1,rcp60,MIROC5,2020-2039,36.15,32.89,36.75,43.95,30.76,33,39.21,32.17,37.37,34.31,34.99,40.96,46.87,45.37,39.62,32.56,29.89,29.83,29.84
MOUNT-GAMBIER-AERO,26021,-37.75,140.77,r1i1p1,rcp60,MIROC5,2020-2039,57.77,45.49,56.41,71.13,58.18,48.43,67.2,44.35,42.92,47.51,54.15,67.56,75.36,71.53,66.5,63.17,59.08,52.28,48.8
MOUNT-ISA-AERO,29127,-20.68,139.49,r1i1p1,rcp60,MIROC5,2020-2039,24.77,31.23,27.88,22.26,17.63,28.75,20.74,30.33,36.22,32.06,24.84,26.75,26.18,22.34,18.26,14.28,16.66,21.96,27.33
NOWRA-RAN-AIR-STATION-AWS,68072,-34.95,150.54,r1i1p1,rcp60,MIROC5,2020-2039,57.48,60.89,59.7,54.17,54.83,60.11,54.82,60.55,64.67,60.52,58.45,60.15,57.34,54.74,50.44,50.6,55.53,58.63,57.83
PERTH-AIRPORT,9021,-31.93,115.98,r1i1p1,rcp60,MIROC5,2020-2039,45.38,35.55,43.4,56.64,46.09,37.9,52.99,34.71,33.69,37.42,42.42,50.36,57.38,57.98,54.54,51.92,45.73,40.63,37.77
PORT-HEDLAND-AIRPORT,4032,-20.37,118.63,r1i1p1,rcp60,MIROC5,2020-2039,39.1,50.68,38.43,31.65,35.76,45.65,32.65,51.15,55.84,44.89,35.63,34.79,35.86,30.29,28.8,29.18,37.02,41.09,44.67
RICHMOND-RAAF,67105,-33.6,150.78,r1i1p1,rcp60,MIROC5,2020-2039,47.96,49.12,52.42,48.07,42.09,49.25,46.68,47.48,54.49,52.11,50.26,54.9,53.24,48.7,42.26,39.53,41.43,45.3,45.77
ROCKHAMPTON-AERO,39083,-23.38,150.48,r1i1p1,rcp60,MIROC5,2020-2039,45.6,50.06,50.6,42.15,39.66,49.29,41.96,49.33,53.64,52.07,50.83,48.89,45.36,40.6,40.49,35.47,40.95,42.55,47.06
SYDNEY-AIRPORT-AMO,66037,-33.94,151.17,r1i1p1,rcp60,MIROC5,2020-2039,56.35,59.58,60.06,53.02,52.66,59.16,53.57,59.24,63.41,60.64,59.11,60.42,56.95,53.23,48.88,49.74,52.22,56.01,56.38
TENNANT-CREEK-AIRPORT,15135,-19.64,134.18,r1i1p1,rcp60,MIROC5,2020-2039,23.51,30.92,24.89,20.59,17.66,27.25,19.75,28.64,35.83,27.89,22.23,24.55,24.51,20.69,16.57,13.57,18.57,20.84,28.16
TOWNSVILLE-AERO,32040,-19.25,146.77,r1i1p1,rcp60,MIROC5,2020-2039,57.03,62.42,59.26,52.16,54.18,60.75,53.27,61.65,66.16,62.85,58.61,56.32,52.31,51.08,53.09,50.62,56.18,55.75,59.68
WAGGA-WAGGA-AMO,72150,-35.16,147.46,r1i1p1,rcp60,MIROC5,2020-2039,44.51,28.56,41.99,62.66,44.64,31.97,56.93,26.28,30.88,33.2,39.05,53.73,65.95,64.39,57.64,54.72,45.14,34.05,29.14
WILLIAMTOWN-RAAF,61078,-32.79,151.84,r1i1p1,rcp60,MIROC5,2020-2039,56.21,57.61,60.22,55.05,51.95,57.83,54.67,56.31,62.01,60.65,58.68,61.32,60.03,55.26,49.85,49.28,52.28,54.29,54.56
WOOMERA-AERODROME,16001,-31.16,136.81,r1i1p1,rcp60,MIROC5,2020-2039,28.83,21.88,28.65,40.11,24.61,22.97,34.7,19.41,22.46,23.27,26.77,35.92,44.78,40.71,34.84,27.62,24.33,21.88,23.93
ADELAIDE-KENT-TOWN,23090,-34.92,138.62,r1i1p1,rcp60,MIROC5,2040-2059,48.1,38.29,48.01,59.66,46.37,40.69,55.48,37.35,37.5,40.44,47.72,55.86,62.67,60.41,55.91,52.16,45.89,41.06,40.21
ALBANY-AIRPORT-COMPARISON,9741,-34.94,117.8,r1i1p1,rcp60,MIROC5,2040-2059,61.88,56.26,60.24,67.17,63.93,58.1,65.75,56.15,54.91,58.83,58.43,63.45,68.32,67.74,65.45,65.3,64.23,62.24,57.56
ALICE-SPRINGS-AIRPORT,15590,-23.8,133.89,r1i1p1,rcp60,MIROC5,2040-2059,24.1,22.73,25.98,29.17,18.59,22.47,25.76,18.87,25.87,22.56,24.73,30.66,34.45,29.59,23.48,17.94,18.45,19.39,23.16
AMBERLEY-AMO,40004,-27.63,152.71,r1i1p1,rcp60,MIROC5,2040-2059,44.07,48.51,49.28,40.09,38.41,47.87,40.29,46.69,52.88,50.57,48.59,48.68,44.48,39.48,36.31,33.88,38.9,42.45,45.88
BRISBANE-AERO,40842,-27.39,153.13,r1i1p1,rcp60,MIROC5,2040-2059,55.54,59.66,58.58,50.1,53.8,58.96,52.06,59.01,61.97,60.06,58.78,56.9,52.6,49.41,48.29,50.18,54.98,56.23,58.09
BROOME-AIRPORT,3003,-17.95,122.23,r1i1p1,rcp60,MIROC5,2040-2059,49.79,65.18,47.61,32.43,53.93,60.22,39.39,64.98,68.82,63.19,43.56,36.07,34.7,30.65,31.93,48.07,54.9,58.82,61.75
CAIRNS-AERO,31011,-16.87,145.75,r1i1p1,rcp60,MIROC5,2040-2059,61.51,64.6,66,58.02,57.37,64.89,58.14,63.23,67.87,68.41,67.28,62.32,60.02,56.98,57.07,55.05,57.4,59.66,62.81
CANBERRA-AIRPORT-COMPARISON,70014,-35.3,149.2,r1i1p1,rcp60,MIROC5,2040-2059,46.58,37.43,46.66,56.66,45.45,39.97,53.14,36.96,40.3,40.38,45.34,54.26,60.71,57.55,51.73,49.06,45.52,41.76,35.42
CARNARVON-AIRPORT,6011,-24.89,113.67,r1i1p1,rcp60,MIROC5,2040-2059,53.22,57.56,54.37,49.96,51.03,56.17,50.3,58.15,58.86,57.02,54.35,51.76,50.19,51.21,48.48,50.4,49.78,52.91,55.58
CEDUNA-AMO,18012,-32.13,133.7,r1i1p1,rcp60,MIROC5,2040-2059,46.57,45.71,45.59,50.42,44.56,44.94,48.2,43.93,47.31,43.42,45.88,47.49,51.93,50.75,48.59,46.55,43.88,43.25,45.85
CHARLEVILLE-AERO,44021,-26.42,146.25,r1i1p1,rcp60,MIROC5,2040-2059,28.07,26.92,30.5,32.3,22.39,27.06,28.95,23.78,34.3,27.83,29.91,33.76,36.34,33.62,26.96,22.32,20.71,24.13,23.14
COBAR-MO,48027,-31.49,145.83,r1i1p1,rcp60,MIROC5,2040-2059,35.1,27.04,37.39,46.01,29.88,29.22,40.95,25.66,32.97,30.31,36.29,45.56,50.52,47.64,39.86,33.23,28.91,27.5,22.7
COFFS-HARBOUR-MO,59040,-30.31,153.12,r1i1p1,rcp60,MIROC5,2040-2059,62.03,67.04,65.84,55.28,59.95,66.5,57.57,66.15,69.7,68.58,65.68,63.26,58.2,54.42,53.24,56.39,59.94,63.52,65.27
DARWIN-AIRPORT,14015,-12.42,130.89,r1i1p1,rcp60,MIROC5,2040-2059,53.31,69.38,54.28,37.48,52.18,64.41,42.3,69.71,72.67,67.74,52.07,43.04,36.86,36.25,39.33,47.33,50.98,58.23,65.5
DUBBO-AIRPORT-AWS,65070,-32.22,148.58,r1i1p1,rcp60,MIROC5,2040-2059,44.28,34.58,44.78,56.27,41.16,37.11,51.53,34.24,39.13,38.78,42.86,52.71,58.9,57.6,52.27,47.97,38.79,36.23,30.77
EAST-SALE-AIRPORT,85072,-38.12,147.13,r1i1p1,rcp60,MIROC5,2040-2059,55.94,50.26,56.4,61.54,55.48,51.84,60,49.93,50.54,51.81,55.11,62.27,65.28,62.5,56.86,57.82,55.29,53.34,50.49
ESPERANCE,9789,-33.83,121.89,r1i1p1,rcp60,MIROC5,2040-2059,57.68,56.88,57.47,59.23,57.25,57.15,58.25,56.96,56.65,57.95,57.1,57.35,60.21,60.22,57.26,58.1,56.39,57.26,56.7
GERALDTON-AIRPORT-COMPARISON,8051,-28.8,114.7,r1i1p1,rcp60,MIROC5,2040-2059,48.33,44.34,45,55.58,48.48,44.15,52.57,44.61,42.42,43.41,42.8,48.79,53.07,57.84,55.83,53.22,46.66,45.56,45.73
HOBART-ELLERSLIE-ROAD,94029,-42.89,147.33,r1i1p1,rcp60,MIROC5,2040-2059,55.61,51.73,56.27,60.9,53.65,52.84,58.43,52.45,51.15,52.57,56.04,60.21,64.35,61.77,56.58,54.7,53,53.24,51.23
KALGOORLIE-BOULDER-AIRPORT,12038,-30.78,121.45,r1i1p1,rcp60,MIROC5,2040-2059,33.2,26.06,38.51,42.95,25.39,28.76,37.56,22.64,31.38,31.61,38.29,44.59,46.58,44.52,37.75,28.93,23,24.25,23.52
LAUNCESTON-AIRPORT-COMPARISON,91104,-41.54,147.2,r1i1p1,rcp60,MIROC5,2040-2059,55.55,44.78,54.13,68.43,54.99,47.29,63.88,44.89,44.56,44.43,53.9,64.06,71.47,70.05,63.76,58.98,54.97,51.03,44.5
LAVERTON-RAAF,87031,-37.86,144.76,r1i1p1,rcp60,MIROC5,2040-2059,56.16,49.79,55.91,63.53,55.34,51.19,61.04,49.84,49.21,50.37,54.84,62.52,67.12,63.52,59.97,58.66,54.46,52.89,50.47
MACKAY-M.O,33119,-21.12,149.22,r1i1p1,rcp60,MIROC5,2040-2059,65.96,65.16,70.43,66.34,61.92,66.65,65.28,64.33,68.29,70.51,71.82,68.95,65.64,64.58,68.8,61.26,62.42,62.06,62.8
MEEKATHARRA-AIRPORT,7045,-26.61,118.54,r1i1p1,rcp60,MIROC5,2040-2059,25.97,20.59,30.12,35.85,17.15,22.26,29.58,17.2,28.3,24.5,31.53,34.32,40.7,37.84,29,20.16,15.47,15.83,16.29
MELBOURNE-AIRPORT,86282,-37.68,144.84,r1i1p1,rcp60,MIROC5,2040-2059,53.1,44.69,52.86,62.57,52.17,46.65,59.43,44.47,44.14,46.09,51.51,61,66.43,63.35,57.93,56.42,51.48,48.61,45.83
MILDURA-AIRPORT,76031,-34.23,142.08,r1i1p1,rcp60,MIROC5,2040-2059,37.35,27.31,38.36,51.32,32.4,29.23,45.48,25.59,29.58,29.8,36.42,48.84,55.37,53.21,45.38,39.15,30.94,27.1,26.79
MOREE-AERO,53115,-29.49,149.85,r1i1p1,rcp60,MIROC5,2040-2059,37.02,33.89,38.26,44.19,31.51,34.23,39.73,32.57,39.62,35.72,37.07,41.99,46.78,46.1,39.68,33.63,30.18,30.7,30.2
MOUNT-GAMBIER-AERO,26021,-37.75,140.77,r1i1p1,rcp60,MIROC5,2040-2059,58.04,45.94,56.82,70.93,58.59,48.85,67.32,45.1,43.74,47.39,55.41,67.67,75.04,71.45,66.29,63.68,59.76,52.33,48.56
MOUNT-ISA-AERO,29127,-20.68,139.49,r1i1p1,rcp60,MIROC5,2040-2059,24.8,31.73,28.09,21.1,18.2,29.67,19.88,29.54,37.57,33.91,25.84,24.53,24.06,21.8,17.44,15.88,15.58,23.12,28.28
NOWRA-RAN-AIR-STATION-AWS,68072,-34.95,150.54,r1i1p1,rcp60,MIROC5,2040-2059,57.48,60.72,60.41,54.3,54.17,60.17,54.77,61.55,64.73,60.88,59.52,60.83,57.08,55,50.83,50.44,54.22,58.08,56.26
PERTH-AIRPORT,9021,-31.93,115.98,r1i1p1,rcp60,MIROC5,2040-2059,45.15,34.72,42.76,56.59,46.66,37.36,53.06,34.42,32.81,36.88,41.7,49.69,57.79,57.93,54.06,52.64,46.22,41.13,36.48
PORT-HEDLAND-AIRPORT,4032,-20.37,118.63,r1i1p1,rcp60,MIROC5,2040-2059,39.15,51.25,38.97,31.36,35.14,45.96,32.44,51.52,55.59,45.59,36.63,34.7,35.52,30.5,28.05,31.39,34.48,39.54,46.26
RICHMOND-RAAF,67105,-33.6,150.78,r1i1p1,rcp60,MIROC5,2040-2059,48.12,49.27,53.34,48.06,41.69,49.64,46.61,48.56,54.72,52.86,51.5,55.65,52.77,48.97,42.43,39.59,40.27,45.2,44.9
ROCKHAMPTON-AERO,39083,-23.38,150.48,r1i1p1,rcp60,MIROC5,2040-2059,44.53,48.63,48.59,40.88,40.06,48,41.1,47.78,52.04,49.7,49.3,46.77,43.35,39.48,39.8,36.08,41.1,43,45.9
SYDNEY-AIRPORT-AMO,66037,-33.94,151.17,r1i1p1,rcp60,MIROC5,2040-2059,56.36,59.47,60.84,53,52.05,59.37,53.39,60.1,63.26,61.26,60.3,60.96,56.44,53.52,49.04,49.58,50.82,55.74,55.33
TENNANT-CREEK-AIRPORT,15135,-19.64,134.18,r1i1p1,rcp60,MIROC5,2040-2059,24.02,31.04,26.61,20.05,18.43,28.45,19.58,28.26,36.13,31.13,24.36,24.34,23.28,20.58,16.28,16,17.01,22.26,28.63
TOWNSVILLE-AERO,32040,-19.25,146.77,r1i1p1,rcp60,MIROC5,2040-2059,55.25,60.23,57.62,49.57,53.52,59.39,51.08,58.79,63.66,61.01,58.39,53.45,49.83,48.13,50.74,49.86,54.47,56.24,58.46
WAGGA-WAGGA-AMO,72150,-35.16,147.46,r1i1p1,rcp60,MIROC5,2040-2059,44.25,28.14,41.94,62.52,44.22,31.58,56.8,26.65,31.05,32.5,39.4,53.91,65.68,64.17,57.7,54.8,44.52,33.33,27.31
WILLIAMTOWN-RAAF,61078,-32.79,151.84,r1i1p1,rcp60,MIROC5,2040-2059,56.71,58.2,61.48,55.25,51.9,58.64,54.86,57.65,62.44,61.94,60.11,62.41,59.8,55.97,49.98,49.57,51.42,54.7,54.58
WOOMERA-AERODROME,16001,-31.16,136.81,r1i1p1,rcp60,MIROC5,2040-2059,28.73,21.87,28.93,39.83,24.26,22.85,34.64,19.55,23.97,22.06,28.03,36.68,44.27,40.35,34.87,27.78,23.89,21.13,22.25
ADELAIDE-KENT-TOWN,23090,-34.92,138.62,r1i1p1,rcp60,MIROC5,2060-2079,48,37.83,48.11,59.58,46.43,40.52,55.46,36.67,36,40.99,47.06,56.29,62.4,60.33,56.02,51.89,45.85,41.54,41.01
ALBANY-AIRPORT-COMPARISON,9741,-34.94,117.8,r1i1p1,rcp60,MIROC5,2060-2079,62.17,56.57,60.71,67.24,64.19,58.51,65.89,55.85,55.96,59.62,58.55,63.96,67.7,68.33,65.7,65.63,64.02,62.93,57.72
ALICE-SPRINGS-AIRPORT,15590,-23.8,133.89,r1i1p1,rcp60,MIROC5,2060-2079,24.5,23.14,26.29,29.96,18.7,22.85,26.18,20.35,25.77,22.35,24.74,31.77,36.16,30.69,23.02,16.34,19.09,20.67,23.02
AMBERLEY-AMO,40004,-27.63,152.71,r1i1p1,rcp60,MIROC5,2060-2079,44.53,48.97,50.14,40.29,38.77,48.53,40.57,46.83,53.26,51.16,49.05,50.2,44.74,39.37,36.78,33.56,38.79,43.96,46.71
BRISBANE-AERO,40842,-27.39,153.13,r1i1p1,rcp60,MIROC5,2060-2079,56.11,60.1,59.57,50.41,54.34,59.71,52.45,58.92,62.39,60.73,59.45,58.53,52.87,49.35,49,50.03,54.91,58.08,59.06
BROOME-AIRPORT,3003,-17.95,122.23,r1i1p1,rcp60,MIROC5,2060-2079,50.53,65.47,48.89,33.59,54.15,60.98,40.12,66.37,69.69,63.63,44.85,38.2,35.54,32.35,32.89,45.1,56.62,60.73,60.37
CAIRNS-AERO,31011,-16.87,145.75,r1i1p1,rcp60,MIROC5,2060-2079,62.54,66.12,66.33,58.87,58.78,65.88,59.21,64.59,69.17,67.78,67.13,64.09,62.08,57.66,56.87,55.49,59.07,61.79,64.72
CANBERRA-AIRPORT-COMPARISON,70014,-35.3,149.2,r1i1p1,rcp60,MIROC5,2060-2079,47.02,38.07,46.93,56.64,46.31,40.6,53.38,37.16,39.65,40.43,45.31,55.05,60.95,56.72,52.27,49.43,45.88,43.61,37.82
CARNARVON-AIRPORT,6011,-24.89,113.67,r1i1p1,rcp60,MIROC5,2060-2079,53.2,57.82,54.68,50.03,50.28,56,50.42,57.9,59.44,56.88,54.66,52.51,50.27,51.28,48.54,50.07,49.83,50.93,56.05
CEDUNA-AMO,18012,-32.13,133.7,r1i1p1,rcp60,MIROC5,2060-2079,46.72,45.12,46.27,50.67,44.81,44.96,48.47,43.17,45.4,44.49,46.15,48.19,51.88,51.27,48.86,46.19,44.45,43.78,46.75
CHARLEVILLE-AERO,44021,-26.42,146.25,r1i1p1,rcp60,MIROC5,2060-2079,29,28.81,31.42,33.06,22.54,28.52,29.34,26.61,35.68,28.84,30.79,34.65,37.21,34.4,27.56,21.76,20.49,25.37,24.63
COBAR-MO,48027,-31.49,145.83,r1i1p1,rcp60,MIROC5,2060-2079,35.42,27.36,37.82,46.39,30.03,29.63,41.18,26.09,31.61,31.23,35.57,46.65,51.16,47.69,40.31,32.17,29.12,28.81,24.6
COFFS-HARBOUR-MO,59040,-30.31,153.12,r1i1p1,rcp60,MIROC5,2060-2079,62.06,66.89,66.21,55.01,60.14,66.68,57.47,65.48,69.28,68.35,65.8,64.48,58.24,53.51,53.27,55.66,59.64,65.12,65.9
DARWIN-AIRPORT,14015,-12.42,130.89,r1i1p1,rcp60,MIROC5,2060-2079,53.43,69.49,54.45,37.36,52.5,64.63,42.32,69.6,72.71,67.25,52.59,43.5,36.76,36.77,38.54,46.09,52.23,59.19,65.91
DUBBO-AIRPORT-AWS,65070,-32.22,148.58,r1i1p1,rcp60,MIROC5,2060-2079,44.63,35.1,44.94,56.54,41.62,37.61,51.72,34.48,38.26,38.81,42.41,53.61,59.38,57.43,52.79,47.19,39.05,38.11,32.86
EAST-SALE-AIRPORT,85072,-38.12,147.13,r1i1p1,rcp60,MIROC5,2060-2079,55.86,50.52,56.06,60.99,55.8,51.99,59.7,49.15,48.78,51.29,54.31,62.58,64.9,61.73,56.34,57.03,55.63,54.75,53.84
ESPERANCE,9789,-33.83,121.89,r1i1p1,rcp60,MIROC5,2060-2079,57.95,57.22,57.74,59.38,57.58,57.48,58.47,56.86,57.22,57.88,57.51,57.82,60.23,60.43,57.48,58.44,56.4,57.91,57.25
GERALDTON-AIRPORT-COMPARISON,8051,-28.8,114.7,r1i1p1,rcp60,MIROC5,2060-2079,48.47,44.78,45.81,55.69,47.69,44.29,52.71,44.78,43.13,43.98,43.49,49.96,52.76,58.4,55.92,53.4,45.84,43.83,46.14
HOBART-ELLERSLIE-ROAD,94029,-42.89,147.33,r1i1p1,rcp60,MIROC5,2060-2079,55.75,52.11,56.65,60.8,53.57,53.19,58.38,52.33,51.2,53.1,56.27,60.56,63.85,62.09,56.46,54.63,52.7,53.37,52.45
KALGOORLIE-BOULDER-AIRPORT,12038,-30.78,121.45,r1i1p1,rcp60,MIROC5,2060-2079,33.14,25.53,38.46,42.85,25.82,28.66,37.53,22.84,30.27,31.33,38.62,44.39,46.53,44.22,37.79,28.33,23.88,25.23,22.9
LAUNCESTON-AIRPORT-COMPARISON,91104,-41.54,147.2,r1i1p1,rcp60,MIROC5,2060-2079,55.7,45.4,54.69,68.17,54.67,47.78,63.7,45.08,44.45,45.06,54.28,64.72,71.06,70.25,63.21,58.48,54.45,51.09,46.26
LAVERTON-RAAF,87031,-37.86,144.76,r1i1p1,rcp60,MIROC5,2060-2079,55.86,49.52,55.76,63.09,55.01,51.01,60.62,48.95,47.91,50.58,54.02,62.67,66.7,63.03,59.54,57.63,54.13,53.26,51.86
MACKAY-M.O,33119,-21.12,149.22,r1i1p1,rcp60,MIROC5,2060-2079,67.79,67.99,72.77,67.39,63.04,68.92,66.68,66.51,71.51,72.72,72.8,72.78,68.04,66.22,67.92,61.38,63.73,64.01,65.9
MEEKATHARRA-AIRPORT,7045,-26.61,118.54,r1i1p1,rcp60,MIROC5,2060-2079,25.72,19.94,30.05,35.34,17.35,22.11,29.22,17.89,26.69,24.63,31.47,34.06,39.98,37.56,28.49,18.93,16.31,16.82,15.21
MELBOURNE-AIRPORT,86282,-37.68,144.84,r1i1p1,rcp60,MIROC5,2060-2079,52.85,44.47,52.73,62.13,51.93,46.52,59.05,43.68,42.9,46.28,50.76,61.15,66.06,62.81,57.52,55.47,51.26,49.05,47.21
MILDURA-AIRPORT,76031,-34.23,142.08,r1i1p1,rcp60,MIROC5,2060-2079,37.4,26.86,38.63,51.24,32.86,29.18,45.63,24.99,27.79,30.42,35.73,49.73,55.34,52.78,45.61,38.87,31.48,28.23,27.82
MOREE-AERO,53115,-29.49,149.85,r1i1p1,rcp60,MIROC5,2060-2079,37.5,34.99,38.71,44.4,31.67,35.16,39.77,33.81,39.85,36.01,37.19,42.93,47.18,46.12,39.89,32.72,29.76,32.52,32.07
MOUNT-GAMBIER-AERO,26021,-37.75,140.77,r1i1p1,rcp60,MIROC5,2060-2079,57.93,45.73,56.62,70.92,58.6,48.66,67.3,44.32,42.66,47.3,54.59,67.97,74.68,71.42,66.65,63.64,59.42,52.74,49.8
MOUNT-ISA-AERO,29127,-20.68,139.49,r1i1p1,rcp60,MIROC5,2060-2079,24.79,31.89,26.9,21.63,18.65,29.39,20.14,31.13,35.52,30.59,24.92,25.18,25.22,22.53,17.13,14.68,16.12,25.16,29.24
NOWRA-RAN-AIR-STATION-AWS,68072,-34.95,150.54,r1i1p1,rcp60,MIROC5,2060-2079,57.73,60.82,60.29,54.28,55.23,60.43,55.02,60.93,63.87,60.55,59,61.33,57.34,54.23,51.27,50.83,54.9,60.15,58.05
PERTH-AIRPORT,9021,-31.93,115.98,r1i1p1,rcp60,MIROC5,2060-2079,45.18,35,43.14,56.73,46.01,37.42,53.07,34.67,33.38,37.36,41.79,50.26,57.44,58.53,54.23,52.56,45.39,40.09,36.49
PORT-HEDLAND-AIRPORT,4032,-20.37,118.63,r1i1p1,rcp60,MIROC5,2060-2079,39.68,51.53,39.51,31.94,35.87,46.38,33.08,53.01,56.28,45.65,37.01,35.86,35.73,31.66,28.44,29.74,37.08,40.8,44.93
RICHMOND-RAAF,67105,-33.6,150.78,r1i1p1,rcp60,MIROC5,2060-2079,48.25,49.25,53.19,48.01,42.41,49.79,46.72,47.9,54.01,52.31,51.09,56.16,53.02,48.26,42.76,39.51,40.61,47.09,46.23
ROCKHAMPTON-AERO,39083,-23.38,150.48,r1i1p1,rcp60,MIROC5,2060-2079,45.73,50.81,50.06,41.78,40.34,49.61,41.9,49.87,53.95,50.81,50.44,48.94,45,40.52,39.82,35.9,41.22,43.89,48.44
SYDNEY-AIRPORT-AMO,66037,-33.94,151.17,r1i1p1,rcp60,MIROC5,2060-2079,56.46,59.34,60.62,52.96,52.84,59.43,53.53,59.23,62.59,60.63,59.77,61.46,56.75,52.7,49.45,49.65,51.2,57.67,56.48
TENNANT-CREEK-AIRPORT,15135,-19.64,134.18,r1i1p1,rcp60,MIROC5,2060-2079,23.93,31.1,25.88,20.26,18.53,28.26,19.59,30.12,35.1,28.74,24.18,24.72,24.11,20.95,15.73,14.48,17.58,23.53,27.97
TOWNSVILLE-AERO,32040,-19.25,146.77,r1i1p1,rcp60,MIROC5,2060-2079,56.34,61.93,58.16,50.46,54.73,60.54,52.1,60.68,65.27,61.18,57.95,55.36,50.8,49.25,51.33,50.24,55.65,58.31,60.06
WAGGA-WAGGA-AMO,72150,-35.16,147.46,r1i1p1,rcp60,MIROC5,2060-2079,44.76,28.91,42.32,62.53,45.05,32.32,57.06,27.08,30.42,32.64,39.63,54.7,65.88,63.57,58.13,54.89,45.16,35.11,29.88
WILLIAMTOWN-RAAF,61078,-32.79,151.84,r1i1p1,rcp60,MIROC5,2060-2079,56.88,58.1,61.44,55.28,52.67,58.76,55.07,56.79,62.22,61.16,59.92,63.23,60.18,54.99,50.68,49.7,51.65,56.66,55.35
WOOMERA-AERODROME,16001,-31.16,136.81,r1i1p1,rcp60,MIROC5,2060-2079,29.51,22.36,30.23,40.53,24.87,23.7,35.34,20.45,23.16,23.8,28.76,38.12,45.18,41.15,35.27,27.62,24.7,22.29,23.65
ADELAIDE-KENT-TOWN,23090,-34.92,138.62,r1i1p1,rcp60,MIROC5,2080-2099,47.97,38.03,47.9,59.43,46.64,40.58,55.45,36.65,37.36,41.15,46.84,55.72,62.23,61,55.07,52.25,46.43,41.23,39.66
ALBANY-AIRPORT-COMPARISON,9741,-34.94,117.8,r1i1p1,rcp60,MIROC5,2080-2099,62.03,56.3,60.8,66.83,64.21,58.31,65.84,55.95,55.47,58.89,59.04,64.47,67.52,67.8,65.16,65.63,64.47,62.53,57.42
ALICE-SPRINGS-AIRPORT,15590,-23.8,133.89,r1i1p1,rcp60,MIROC5,2080-2099,25.27,23.7,26.41,31.4,19.32,23.13,27.31,21.13,26.01,21.79,25.1,32.34,36.65,32.25,25.32,17.6,19.68,20.67,24.69
AMBERLEY-AMO,40004,-27.63,152.71,r1i1p1,rcp60,MIROC5,2080-2099,44.81,49.46,49.45,40.69,39.76,48.78,40.93,47.92,53.24,50.4,48.9,49.04,45.29,39.97,36.8,34.09,40.37,44.82,46.92
BRISBANE-AERO,40842,-27.39,153.13,r1i1p1,rcp60,MIROC5,2080-2099,56.99,60.89,59.42,51.39,56.16,60.37,53.5,60.26,62.84,60.46,59.9,57.89,54.04,50.52,49.62,51.19,57.74,59.54,59.88
BROOME-AIRPORT,3003,-17.95,122.23,r1i1p1,rcp60,MIROC5,2080-2099,51.23,66.75,48.21,34.72,55.17,61.22,41.22,66.55,71,62.18,44.55,37.91,36.32,33.3,34.56,47.11,58.13,60.27,62.92
CAIRNS-AERO,31011,-16.87,145.75,r1i1p1,rcp60,MIROC5,2080-2099,64.22,67.5,67.76,61.43,60.29,67.33,61.24,65.7,69.87,69.59,69.36,64.33,63.2,60.41,60.67,58.28,60.54,62.06,66.6
CANBERRA-AIRPORT-COMPARISON,70014,-35.3,149.2,r1i1p1,rcp60,MIROC5,2080-2099,46.21,37.46,46.11,55.77,45.76,39.91,52.62,36.4,40.09,39.84,44.85,53.66,60.18,57,50.13,49.68,45.05,42.55,35.18
CARNARVON-AIRPORT,6011,-24.89,113.67,r1i1p1,rcp60,MIROC5,2080-2099,53.07,56.89,54.62,49.61,51.09,55.66,50.47,58.1,58.12,55.94,54.75,53.16,49.02,51.37,48.44,50.45,50.4,52.44,54.64
CEDUNA-AMO,18012,-32.13,133.7,r1i1p1,rcp60,MIROC5,2080-2099,46.53,44.78,45.78,50.65,45.04,44.56,48.59,43.74,45.19,43.88,45.78,47.68,52.02,51.6,48.32,47.35,44.6,43.17,45.04
CHARLEVILLE-AERO,44021,-26.42,146.25,r1i1p1,rcp60,MIROC5,2080-2099,30.54,30.57,33.43,34.72,23.58,30.4,30.9,27.42,38.48,31.76,32.22,36.29,39.58,35.46,29.13,23.2,21.74,25.79,25.41
COBAR-MO,48027,-31.49,145.83,r1i1p1,rcp60,MIROC5,2080-2099,35.05,26.79,37.8,46.18,29.67,29.3,41.08,24.49,32.74,31.8,35.59,46.01,51.07,48.41,39.06,33.16,28.78,27.08,22.38
COFFS-HARBOUR-MO,59040,-30.31,153.12,r1i1p1,rcp60,MIROC5,2080-2099,62.63,67.44,65.87,55.59,61.7,67.16,58.14,66.82,69.17,68.42,65.9,63.3,59.09,54.49,53.18,57.11,61.68,66.31,66.06
DARWIN-AIRPORT,14015,-12.42,130.89,r1i1p1,rcp60,MIROC5,2080-2099,54.07,69.77,54.84,38.62,52.95,64.91,43.21,70.26,72.59,67.55,53.44,43.54,37.54,38.14,40.2,46.43,53.39,59.02,66.8
DUBBO-AIRPORT-AWS,65070,-32.22,148.58,r1i1p1,rcp60,MIROC5,2080-2099,44.14,34.03,44.42,56.45,41.75,36.76,51.76,32.77,38.06,38.6,41.87,52.8,58.95,58.6,51.74,48.29,39.23,37.21,30.85
EAST-SALE-AIRPORT,85072,-38.12,147.13,r1i1p1,rcp60,MIROC5,2080-2099,55.43,50.47,55.61,60.73,55.21,51.79,59.37,49.06,51.33,50.87,54.2,61.76,64.62,61.91,55.67,57.42,54.82,53.37,50.12
ESPERANCE,9789,-33.83,121.89,r1i1p1,rcp60,MIROC5,2080-2099,57.94,56.57,58.17,59.38,57.62,57.17,58.72,56.38,56.96,57.86,57.77,58.88,60.51,60.37,57.26,58.09,57.19,57.59,56.44
GERALDTON-AIRPORT-COMPARISON,8051,-28.8,114.7,r1i1p1,rcp60,MIROC5,2080-2099,48.27,44.36,45.41,55.26,47.96,43.95,52.59,45.16,42.76,42.01,43.69,50.52,52.19,57.75,55.83,52.48,46.77,44.63,45.41
HOBART-ELLERSLIE-ROAD,94029,-42.89,147.33,r1i1p1,rcp60,MIROC5,2080-2099,55.54,51.98,56.06,60.66,53.81,52.95,58.33,52.49,51.51,52.33,55.84,60.02,63.67,61.79,56.53,54.82,53.13,53.47,50.89
KALGOORLIE-BOULDER-AIRPORT,12038,-30.78,121.45,r1i1p1,rcp60,MIROC5,2080-2099,32.63,24.05,38.32,42.63,25.64,27.65,37.59,21.14,28.33,30.27,38.47,45.13,46.93,43.59,37.36,28.58,23.93,24.42,22.02
LAUNCESTON-AIRPORT-COMPARISON,91104,-41.54,147.2,r1i1p1,rcp60,MIROC5,2080-2099,55.66,45.39,54.12,67.87,55.44,47.71,63.67,45.36,45.14,44.14,54.42,63.8,70.25,69.95,63.42,59.34,55.26,51.73,45.12
LAVERTON-RAAF,87031,-37.86,144.76,r1i1p1,rcp60,MIROC5,2080-2099,55.81,49.65,55.64,63.11,55.12,51.03,60.81,49.16,49.67,50.11,54.16,62.64,66.64,63.52,59.18,58.4,54.46,52.52,49.3
MACKAY-M.O,33119,-21.12,149.22,r1i1p1,rcp60,MIROC5,2080-2099,70.41,70.14,74.1,72.34,65.27,70.99,70.07,68.43,74.12,75.09,74.65,72.57,70.99,71.81,74.22,64.85,65.97,64.99,67.22
MEEKATHARRA-AIRPORT,7045,-26.61,118.54,r1i1p1,rcp60,MIROC5,2080-2099,25.71,19.7,29.22,35.33,18.36,21.86,29.5,17.27,25.85,23.24,30.06,34.34,39.61,37.7,28.69,20.09,16.59,18.39,16.14
MELBOURNE-AIRPORT,86282,-37.68,144.84,r1i1p1,rcp60,MIROC5,2080-2099,52.7,44.72,52.55,62.12,51.74,46.59,59.09,43.68,45.03,45.82,50.86,60.96,65.74,63.39,57.23,55.95,51.27,48.01,44.48
MILDURA-AIRPORT,76031,-34.23,142.08,r1i1p1,rcp60,MIROC5,2080-2099,37.33,26.79,38.66,51.01,33,29.13,45.66,24.76,29.29,30.73,36.09,49.17,55.21,53.43,44.38,40.14,31.64,27.22,25.9
MOREE-AERO,53115,-29.49,149.85,r1i1p1,rcp60,MIROC5,2080-2099,37.88,35.62,38.67,44.9,32.57,35.6,40.31,34.39,40.26,35.99,37.14,42.88,47.93,46.9,39.89,33.64,30.64,33.42,31.52
MOUNT-GAMBIER-AERO,26021,-37.75,140.77,r1i1p1,rcp60,MIROC5,2080-2099,57.96,45.84,56.27,70.92,59.05,48.7,67.42,44.47,44.19,47.17,54.48,67.17,74.3,72.43,66.03,64.29,60.32,52.55,48.14
MOUNT-ISA-AERO,29127,-20.68,139.49,r1i1p1,rcp60,MIROC5,2080-2099,27.18,33.91,30.57,24.37,19.83,31.83,22.51,33.67,38.3,34.68,29.71,27.32,28.06,24.94,20.1,16.93,17.69,24.88,29.92
NOWRA-RAN-AIR-STATION-AWS,68072,-34.95,150.54,r1i1p1,rcp60,MIROC5,2080-2099,57.01,60.32,59.91,53.51,54.29,59.93,54.2,60.38,63.93,60.19,59.08,60.47,57.06,53.98,49.49,50.51,53.48,59.03,56.19
PERTH-AIRPORT,9021,-31.93,115.98,r1i1p1,rcp60,MIROC5,2080-2099,44.91,34.44,42.71,56.39,46.03,36.86,52.97,34.27,32.59,35.97,41.42,50.75,56.86,58.17,54.13,52.13,45.79,40.18,36.63
PORT-HEDLAND-AIRPORT,4032,-20.37,118.63,r1i1p1,rcp60,MIROC5,2080-2099,40.14,51.76,39.42,32.22,37,46.63,33.64,52.13,56.73,45.36,36.68,36.2,35.78,31.91,28.97,30.86,38.11,42.03,46.96
RICHMOND-RAAF,67105,-33.6,150.78,r1i1p1,rcp60,MIROC5,2080-2099,47.7,48.84,53.01,47.32,41.83,49.49,46.02,47.59,53.53,52.65,51.12,55.26,52.65,47.98,41.33,39.26,39.67,46.57,44.82
ROCKHAMPTON-AERO,39083,-23.38,150.48,r1i1p1,rcp60,MIROC5,2080-2099,46.74,51.73,50.31,43.52,41.59,50.55,43.11,50.51,55.57,51.57,51.1,48.28,46.54,42.23,41.79,37.28,42.57,44.92,48.57
SYDNEY-AIRPORT-AMO,66037,-33.94,151.17,r1i1p1,rcp60,MIROC5,2080-2099,56.15,59.08,60.8,52.45,52.44,59.29,53.12,59.17,62.33,60.99,60.2,61.2,56.63,52.69,48.04,49.7,50.48,57.14,55.18
TENNANT-CREEK-AIRPORT,15135,-19.64,134.18,r1i1p1,rcp60,MIROC5,2080-2099,24.88,31.91,26.35,21.96,19.18,28.72,20.94,31.44,35.2,28.08,25.7,25.28,25.51,22.3,18.07,15.44,19.05,23.06,29.44
TOWNSVILLE-AERO,32040,-19.25,146.77,r1i1p1,rcp60,MIROC5,2080-2099,58.4,63.47,59.67,53.55,57.01,62.19,54.71,61.77,66.41,63.34,60.01,55.66,53.04,52.39,55.22,54.01,57.96,59.07,61.86
WAGGA-WAGGA-AMO,72150,-35.16,147.46,r1i1p1,rcp60,MIROC5,2080-2099,43.99,28.33,41.64,61.75,44.53,31.7,56.45,25.85,31.23,32.07,39.27,53.56,64.66,64.1,56.49,55.16,44.72,33.7,27
WILLIAMTOWN-RAAF,61078,-32.79,151.84,r1i1p1,rcp60,MIROC5,2080-2099,56.64,57.78,61.59,54.79,52.6,58.66,54.74,57.09,61.25,61.56,60.34,62.86,59.93,55.19,49.26,49.77,51.42,56.61,54.42
WOOMERA-AERODROME,16001,-31.16,136.81,r1i1p1,rcp60,MIROC5,2080-2099,29.36,22.47,29.96,40.34,24.75,23.5,35.3,20.7,24.2,23.56,28.43,37.88,45.75,41.07,34.2,28.48,24.4,21.36,22.26
ADELAIDE-KENT-TOWN,23090,-34.92,138.62,r1i1p1,rcp60,NorESM1-M,2020-2039,47.71,37.82,47.34,59.52,46.1,40.05,55.34,36.71,36.4,40.49,45.55,55.98,62.93,60.73,54.9,51.21,46.29,40.8,40.53
ALBANY-AIRPORT-COMPARISON,9741,-34.94,117.8,r1i1p1,rcp60,NorESM1-M,2020-2039,61.87,56.73,60.44,66.9,63.48,58.27,65.55,56.34,55.78,58.81,58.71,63.79,68.47,67.66,64.58,64.97,63.84,61.64,57.91
ALICE-SPRINGS-AIRPORT,15590,-23.8,133.89,r1i1p1,rcp60,NorESM1-M,2020-2039,24.37,21.77,25.31,29.86,20.64,21.19,27.58,17.11,26.47,20.16,22.4,33.38,35.46,30.26,23.85,21.1,21.46,19.35,21.49
AMBERLEY-AMO,40004,-27.63,152.71,r1i1p1,rcp60,NorESM1-M,2020-2039,44.62,49.46,49.51,39.94,39.6,48.51,40.76,47.54,52.84,50.1,48.68,49.75,44.36,39.97,35.49,34.75,40.25,43.82,47.91
BRISBANE-AERO,40842,-27.39,153.13,r1i1p1,rcp60,NorESM1-M,2020-2039,56.25,60.78,58.89,49.98,55.34,59.73,52.72,59.9,61.88,59.65,58.89,58.12,52.48,50.24,47.22,51.55,56.68,57.8,60.64
BROOME-AIRPORT,3003,-17.95,122.23,r1i1p1,rcp60,NorESM1-M,2020-2039,50.42,67.09,47.05,33.47,54.07,60.71,40.17,67.3,71.05,60.92,42.75,37.48,34.13,31.83,34.44,48.39,54.74,59.07,62.94
CAIRNS-AERO,31011,-16.87,145.75,r1i1p1,rcp60,NorESM1-M,2020-2039,62.55,66.91,65.81,58.96,58.49,65.59,59.53,65.9,70.63,66.41,65.59,65.42,61.7,58.68,56.5,56.38,58.51,60.59,64.32
CANBERRA-AIRPORT-COMPARISON,70014,-35.3,149.2,r1i1p1,rcp60,NorESM1-M,2020-2039,46.29,37.05,46.27,56.41,45.3,39.58,52.94,36.01,38.52,39.66,45.23,53.92,60.55,57.75,50.93,48.46,46.04,41.4,37.06
CARNARVON-AIRPORT,6011,-24.89,113.67,r1i1p1,rcp60,NorESM1-M,2020-2039,52.92,57.1,53.84,49.51,51.23,55.84,50.02,56.95,58.27,58.55,53.29,49.69,49.56,50.28,48.7,50.48,51.39,51.83,56
CEDUNA-AMO,18012,-32.13,133.7,r1i1p1,rcp60,NorESM1-M,2020-2039,46.23,44.95,45.55,49.89,44.51,44.29,48.16,42.75,45.91,44.01,44.44,48.2,52.08,50.64,46.95,46.39,44.71,42.44,46.18
CHARLEVILLE-AERO,44021,-26.42,146.25,r1i1p1,rcp60,NorESM1-M,2020-2039,28.95,28.32,30.31,32.91,24.13,27.34,30.43,26.37,35.61,24.81,29.42,36.69,37.98,34.26,26.49,24.19,23,25.2,23.43
COBAR-MO,48027,-31.49,145.83,r1i1p1,rcp60,NorESM1-M,2020-2039,33.79,24.93,35.21,45.33,29.62,27.24,40.31,23.46,28.83,27.95,32.92,44.76,49.78,47.91,38.29,31.76,29.38,27.71,22.71
COFFS-HARBOUR-MO,59040,-30.31,153.12,r1i1p1,rcp60,NorESM1-M,2020-2039,61.97,67.04,65.66,54.92,60.26,66.24,57.72,66.07,68.94,67.46,65.36,64.17,57.82,55.03,51.92,56.59,60.79,63.38,66.11
DARWIN-AIRPORT,14015,-12.42,130.89,r1i1p1,rcp60,NorESM1-M,2020-2039,53.54,70.08,53.62,37.66,52.87,64.47,42.69,70.43,74.06,65.98,51.96,42.94,36.58,37.43,38.96,48.15,52.07,58.4,65.51
DUBBO-AIRPORT-AWS,65070,-32.22,148.58,r1i1p1,rcp60,NorESM1-M,2020-2039,43.1,33.02,43.28,55.51,40.26,35.47,50.8,32.23,35.71,36.66,40.77,52.39,58.16,57.61,50.68,46.15,38.88,35.33,31.39
EAST-SALE-AIRPORT,85072,-38.12,147.13,r1i1p1,rcp60,NorESM1-M,2020-2039,56.13,50.66,56.39,61.46,55.93,52.16,60.05,49.97,49.56,51.94,55.2,62.01,65,62.77,56.61,57.61,56.33,53.86,52.64
ESPERANCE,9789,-33.83,121.89,r1i1p1,rcp60,NorESM1-M,2020-2039,58.55,58.55,58.85,59.5,57.41,58.23,58.91,57.58,58.92,58.8,58.57,59.17,61.05,60.98,56.46,58.98,56.82,56.42,58.79
GERALDTON-AIRPORT-COMPARISON,8051,-28.8,114.7,r1i1p1,rcp60,NorESM1-M,2020-2039,48.57,44.72,45.5,55.45,48.7,44.66,52.54,44.53,42.52,45.57,43.12,47.81,53.21,57.76,55.37,53.21,47.9,44.98,46.83
HOBART-ELLERSLIE-ROAD,94029,-42.89,147.33,r1i1p1,rcp60,NorESM1-M,2020-2039,55.52,51.71,56.66,60.39,53.46,52.92,58.2,52.66,49.71,53.05,56.36,60.57,63.43,61.43,56.33,54.21,53.21,52.94,52.39
KALGOORLIE-BOULDER-AIRPORT,12038,-30.78,121.45,r1i1p1,rcp60,NorESM1-M,2020-2039,33.81,26.65,39.08,43.06,26.53,29.2,38.32,23.16,31.37,33.64,37.98,44.71,47.25,44.63,37.3,30.49,25.55,23.55,24.77
LAUNCESTON-AIRPORT-COMPARISON,91104,-41.54,147.2,r1i1p1,rcp60,NorESM1-M,2020-2039,55.94,45.3,54.86,68.42,55.32,47.86,64.1,45.57,43.7,45.44,54.45,64.69,70.98,70.11,64.17,58.88,55.76,51.33,46.23
LAVERTON-RAAF,87031,-37.86,144.76,r1i1p1,rcp60,NorESM1-M,2020-2039,56.1,49.85,55.67,63.43,55.4,51.15,60.96,50.16,48.38,50.51,54.43,62.05,66.44,64.05,59.8,58.26,55.18,52.75,51.17
MACKAY-M.O,33119,-21.12,149.22,r1i1p1,rcp60,NorESM1-M,2020-2039,68.18,69.06,71,68.33,64.36,68.26,68.12,68.33,73.16,68.32,71.44,73.24,69.4,69.54,66.06,66.72,63.75,62.62,65.63
MEEKATHARRA-AIRPORT,7045,-26.61,118.54,r1i1p1,rcp60,NorESM1-M,2020-2039,25.6,20.37,29.36,34.78,17.72,22.13,28.98,17.08,27.09,27.07,29.29,31.72,39.1,36.86,28.38,20.93,16.9,15.34,16.99
MELBOURNE-AIRPORT,86282,-37.68,144.84,r1i1p1,rcp60,NorESM1-M,2020-2039,53.04,44.77,52.64,62.42,52.2,46.65,59.31,44.72,43.52,46.3,51.13,60.5,65.74,63.83,57.7,55.92,52.19,48.49,46.46
MILDURA-AIRPORT,76031,-34.23,142.08,r1i1p1,rcp60,NorESM1-M,2020-2039,36.81,26.42,37.01,51.05,32.74,28.37,45.26,24.94,27.86,28.54,34.39,48.1,55.26,53.49,44.41,38.48,31.85,27.9,26.49
MOREE-AERO,53115,-29.49,149.85,r1i1p1,rcp60,NorESM1-M,2020-2039,36.8,33.96,37.49,43.57,31.93,33.82,39.7,33.16,38.46,34.16,35.69,42.62,46.39,46.19,38.14,33.72,31.12,30.96,31.01
MOUNT-GAMBIER-AERO,26021,-37.75,140.77,r1i1p1,rcp60,NorESM1-M,2020-2039,57.79,45.85,56.26,70.76,58.42,48.54,67.12,44.91,42.76,47.28,54.05,67.44,74.66,71.98,65.62,63.01,60.01,52.24,49.47
MOUNT-ISA-AERO,29127,-20.68,139.49,r1i1p1,rcp60,NorESM1-M,2020-2039,25.9,32.95,26.96,23.32,20.29,28.99,22.77,30.84,39.87,27.36,24.55,28.96,27.63,23.98,18.35,19.29,18.4,23.18,28.35
NOWRA-RAN-AIR-STATION-AWS,68072,-34.95,150.54,r1i1p1,rcp60,NorESM1-M,2020-2039,57.02,60.1,59.99,53.77,53.89,59.55,54.47,60.46,62.6,60.04,59.41,60.51,56.75,54.94,49.63,49.9,54.93,57.15,57.63
PERTH-AIRPORT,9021,-31.93,115.98,r1i1p1,rcp60,NorESM1-M,2020-2039,45.59,35.74,43.76,56.32,46.69,38.34,52.97,35.34,33.86,38.62,42.82,49.84,58.07,57.92,52.96,51.97,47.04,41.06,37.55
PORT-HEDLAND-AIRPORT,4032,-20.37,118.63,r1i1p1,rcp60,NorESM1-M,2020-2039,38.96,51.18,38.14,31.41,35.23,45.45,32.57,52.15,55.53,45.4,34.82,34.2,34.9,30.32,29.02,31.21,35.75,38.72,45.47
RICHMOND-RAAF,67105,-33.6,150.78,r1i1p1,rcp60,NorESM1-M,2020-2039,47.54,48.38,52.75,47.55,41.34,48.75,46.33,47.3,52.32,51.57,51.1,55.57,52.42,48.94,41.3,38.9,40.87,44.27,45.87
ROCKHAMPTON-AERO,39083,-23.38,150.48,r1i1p1,rcp60,NorESM1-M,2020-2039,45.74,50.97,48.57,41.81,41.68,48.98,42.55,50.62,54.11,48.07,48.92,48.72,45.01,42,38.42,39.13,42.04,43.88,48.02
SYDNEY-AIRPORT-AMO,66037,-33.94,151.17,r1i1p1,rcp60,NorESM1-M,2020-2039,55.91,58.83,60.38,52.49,51.85,58.67,53.19,59.09,61.32,60.15,60.07,60.94,56.17,53.43,47.86,49.03,51.69,54.84,56.36
TENNANT-CREEK-AIRPORT,15135,-19.64,134.18,r1i1p1,rcp60,NorESM1-M,2020-2039,24.55,31.01,25.39,22.25,19.59,27.27,21.82,29.07,36.72,25.6,23.31,27.26,26.28,23.06,17.4,17.93,18.98,21.86,27.12
TOWNSVILLE-AERO,32040,-19.25,146.77,r1i1p1,rcp60,NorESM1-M,2020-2039,56.61,62.59,57.56,51.16,55.06,60.07,53.11,61.52,66.92,58.96,57.67,56.05,51.5,50.93,51.04,53.59,55.57,56.02,59.57
WAGGA-WAGGA-AMO,72150,-35.16,147.46,r1i1p1,rcp60,NorESM1-M,2020-2039,44,27.83,41.49,62.25,44.23,31.33,56.54,25.94,29.54,32,39.09,53.37,65.44,64.29,57,53.92,45.2,33.56,28.62
WILLIAMTOWN-RAAF,61078,-32.79,151.84,r1i1p1,rcp60,NorESM1-M,2020-2039,56.05,57.37,60.84,54.56,51.39,57.72,54.44,56.44,60.69,60.38,59.77,62.38,59.04,55.96,48.68,48.78,51.82,53.58,55.03
WOOMERA-AERODROME,16001,-31.16,136.81,r1i1p1,rcp60,NorESM1-M,2020-2039,28.89,21.6,29.29,39.64,24.98,22.72,35.08,19.34,23.2,23.02,26.97,37.89,44.87,40.62,33.43,27.99,25.68,21.27,22.41
ADELAIDE-KENT-TOWN,23090,-34.92,138.62,r1i1p1,rcp60,NorESM1-M,2040-2059,47.66,37.95,47.85,59.38,45.39,40.13,55.16,36.75,36.83,41.17,46.52,55.86,62.71,60.23,55.2,51.64,45.31,39.22,40.45
ALBANY-AIRPORT-COMPARISON,9741,-34.94,117.8,r1i1p1,rcp60,NorESM1-M,2040-2059,61.77,56.66,60.27,67.06,63.14,58.13,65.48,55.72,55.73,58.86,58.2,63.74,68.17,67.32,65.69,64.42,63.56,61.46,58.36
ALICE-SPRINGS-AIRPORT,15590,-23.8,133.89,r1i1p1,rcp60,NorESM1-M,2040-2059,24.41,22.19,27.15,29.84,18.54,22.03,26.83,18.09,26.88,21.95,25.91,33.6,35.4,28.8,25.31,18.9,18.96,17.77,21.36
AMBERLEY-AMO,40004,-27.63,152.71,r1i1p1,rcp60,NorESM1-M,2040-2059,44.65,49.7,49.54,40.05,39.34,48.66,40.67,47.78,52.93,50.71,48.36,49.56,44.66,39.63,35.87,34.16,40.16,43.7,48.3
BRISBANE-AERO,40842,-27.39,153.13,r1i1p1,rcp60,NorESM1-M,2040-2059,56.31,61.06,58.91,50.16,55.08,59.89,52.66,60.15,61.99,60.3,58.47,57.96,52.91,49.77,47.79,50.79,56.71,57.73,61.1
BROOME-AIRPORT,3003,-17.95,122.23,r1i1p1,rcp60,NorESM1-M,2040-2059,51.4,67.55,49.94,34.06,54.06,62.32,40.52,66.59,71.02,65.51,45.93,38.37,35.89,31.88,34.42,47.4,55.18,59.61,65.05
CAIRNS-AERO,31011,-16.87,145.75,r1i1p1,rcp60,NorESM1-M,2040-2059,63.07,67.25,66.45,59.56,58.98,66.2,59.95,66.87,70.29,67.05,67.07,65.22,62.25,59.09,57.35,56.91,58.9,61.14,64.71
CANBERRA-AIRPORT-COMPARISON,70014,-35.3,149.2,r1i1p1,rcp60,NorESM1-M,2040-2059,45.96,37.08,45.69,56.25,44.68,39.44,52.41,35.92,38.44,39.49,44.39,53.19,60.58,57.55,50.61,48.09,44.44,41.5,37.32
CARNARVON-AIRPORT,6011,-24.89,113.67,r1i1p1,rcp60,NorESM1-M,2040-2059,52.6,56.25,54.11,49.7,50.38,55.43,49.8,55.14,57.48,58.88,53.18,50.28,49.42,50.98,48.69,48.95,50.5,51.71,56.04
CEDUNA-AMO,18012,-32.13,133.7,r1i1p1,rcp60,NorESM1-M,2040-2059,45.73,44.74,45.48,49.65,43.06,44.07,47.38,42.49,45.8,44.61,45.07,46.75,51.45,50.05,47.44,45.55,43.06,40.57,45.9
CHARLEVILLE-AERO,44021,-26.42,146.25,r1i1p1,rcp60,NorESM1-M,2040-2059,29.42,29.22,31.14,33.35,23.8,28.27,30.44,27.41,36.04,26.86,30.74,35.84,38.43,33.81,27.81,24.05,22.7,24.66,24.68
COBAR-MO,48027,-31.49,145.83,r1i1p1,rcp60,NorESM1-M,2040-2059,34.37,26.22,36.29,45.65,29.26,28.43,40.29,24.73,30.03,29.68,34.46,44.71,49.65,47.76,39.54,31.92,28.15,27.72,24.1
COFFS-HARBOUR-MO,59040,-30.31,153.12,r1i1p1,rcp60,NorESM1-M,2040-2059,61.87,67.06,65.34,54.97,60.11,66.29,57.47,65.94,68.88,68.16,64.2,63.67,58.09,54.74,52.07,55.69,60.55,64.09,66.36
DARWIN-AIRPORT,14015,-12.42,130.89,r1i1p1,rcp60,NorESM1-M,2040-2059,53.81,69.97,54.62,37.92,52.81,64.8,42.91,70.41,74.05,67.11,53.68,43.08,36.73,37.45,39.59,48.39,52.22,57.82,65.21
DUBBO-AIRPORT-AWS,65070,-32.22,148.58,r1i1p1,rcp60,NorESM1-M,2040-2059,43.37,33.97,43.49,55.63,40.07,36.2,50.61,33.06,36.66,37.6,40.9,51.98,58.06,57.48,51.28,46,37.93,35.8,32.45
EAST-SALE-AIRPORT,85072,-38.12,147.13,r1i1p1,rcp60,NorESM1-M,2040-2059,56.03,50.93,56.16,61.59,55.38,52.17,59.85,49.95,49.88,52.04,54.99,61.46,65.65,62.72,56.38,57.82,55.09,53.23,53.17
ESPERANCE,9789,-33.83,121.89,r1i1p1,rcp60,NorESM1-M,2040-2059,57.2,56.9,57.42,58.79,55.8,56.7,57.74,55.55,56.78,57.83,56.6,57.82,59.74,59.53,57.1,56.54,55.7,55.14,58.01
GERALDTON-AIRPORT-COMPARISON,8051,-28.8,114.7,r1i1p1,rcp60,NorESM1-M,2040-2059,47.82,43.75,44.62,55.41,47.59,43.56,52.14,42.85,41.87,44.24,42.29,47.33,52.62,57.61,56.01,51.9,47.4,43.46,46.26
HOBART-ELLERSLIE-ROAD,94029,-42.89,147.33,r1i1p1,rcp60,NorESM1-M,2040-2059,55.56,52.09,56.28,60.54,53.44,52.99,58.19,52.93,50.57,53.07,55.76,60,64.59,61.42,55.63,54.66,52.88,52.79,52.41
KALGOORLIE-BOULDER-AIRPORT,12038,-30.78,121.45,r1i1p1,rcp60,NorESM1-M,2040-2059,31.92,24.76,36.62,42.08,24.31,27.2,36.55,21.08,28.62,32.21,34.93,41.93,45.73,43.3,37.2,27.34,23.77,21.81,23.94
LAUNCESTON-AIRPORT-COMPARISON,91104,-41.54,147.2,r1i1p1,rcp60,NorESM1-M,2040-2059,56.03,45.69,54.68,68.62,55.28,48,64.13,45.61,44.5,45.62,54.17,64.23,72.11,70.21,63.53,59.39,55.33,51.11,46.55
LAVERTON-RAAF,87031,-37.86,144.76,r1i1p1,rcp60,NorESM1-M,2040-2059,55.9,50.27,55.4,63.4,54.46,51.05,60.66,50.68,48.6,50.44,54.19,61.56,66.8,63.73,59.67,58.32,53.88,51.18,51.71
MACKAY-M.O,33119,-21.12,149.22,r1i1p1,rcp60,NorESM1-M,2040-2059,68.44,68.74,71.59,69.15,64.3,68.44,68.46,68.94,71.58,69.59,72.12,73.07,70.63,68.73,68.1,65.86,64.36,62.69,65.65
MEEKATHARRA-AIRPORT,7045,-26.61,118.54,r1i1p1,rcp60,NorESM1-M,2040-2059,25.02,19.71,29.14,34.78,16.27,21.65,28.29,15.82,25.79,27.16,28.71,31.53,39.08,37.08,28.18,18,15.87,14.94,17.63
MELBOURNE-AIRPORT,86282,-37.68,144.84,r1i1p1,rcp60,NorESM1-M,2040-2059,52.81,45.17,52.34,62.35,51.24,46.52,58.98,45.27,43.65,46.15,50.88,60,66.01,63.48,57.57,55.94,50.86,46.93,46.97
MILDURA-AIRPORT,76031,-34.23,142.08,r1i1p1,rcp60,NorESM1-M,2040-2059,36.59,26.56,37.5,50.9,31.41,28.39,44.81,25.39,28.05,29.09,35.7,47.7,54.75,53.06,44.89,38.31,30.14,25.78,26.26
MOREE-AERO,53115,-29.49,149.85,r1i1p1,rcp60,NorESM1-M,2040-2059,37.51,34.94,38.23,44.24,32.36,34.8,40.12,34.25,39.05,35.47,36.45,42.77,46.88,46.47,39.38,33.86,31.36,31.87,32.27
MOUNT-GAMBIER-AERO,26021,-37.75,140.77,r1i1p1,rcp60,NorESM1-M,2040-2059,57.65,46.02,56.13,70.75,57.83,48.45,66.94,45.01,43.09,47.38,54.01,67.01,75.16,71.62,65.47,63.53,58.86,51.09,49.55
MOUNT-ISA-AERO,29127,-20.68,139.49,r1i1p1,rcp60,NorESM1-M,2040-2059,26.72,33.67,28.83,24.26,20.05,30.12,23.28,32.47,39.38,30.16,27.29,29.04,28.91,23.79,20.1,19.04,18.79,22.31,29.37
NOWRA-RAN-AIR-STATION-AWS,68072,-34.95,150.54,r1i1p1,rcp60,NorESM1-M,2040-2059,56.7,60.11,59.25,53.71,53.42,59.4,53.98,60.13,62.61,59.77,58.25,59.72,56.89,54.86,49.37,49.53,53.3,57.65,57.97
PERTH-AIRPORT,9021,-31.93,115.98,r1i1p1,rcp60,NorESM1-M,2040-2059,44.76,34.66,42.63,56.4,45.51,37.08,52.56,33.77,32.89,37.64,41.27,48.98,57.34,57.74,54.11,50.84,46.37,39.32,36.87
PORT-HEDLAND-AIRPORT,4032,-20.37,118.63,r1i1p1,rcp60,NorESM1-M,2040-2059,39.48,51.27,40.27,31.6,34.92,46.36,32.71,51.19,54.81,48.32,36.63,35.85,35.78,30.38,28.65,29.91,35.69,39.16,47.41
RICHMOND-RAAF,67105,-33.6,150.78,r1i1p1,rcp60,NorESM1-M,2040-2059,47.35,48.49,52.23,47.5,41.06,48.77,45.94,47.13,52.49,51.67,50.2,54.82,52.42,48.8,41.28,38.51,39.83,44.86,46.2
ROCKHAMPTON-AERO,39083,-23.38,150.48,r1i1p1,rcp60,NorESM1-M,2040-2059,45.95,50.82,49.08,42.33,41.62,49.1,42.84,50.65,53.24,49.13,49.44,48.67,45.92,41.51,39.55,38.81,42.59,43.46,48.39
SYDNEY-AIRPORT-AMO,66037,-33.94,151.17,r1i1p1,rcp60,NorESM1-M,2040-2059,55.72,58.95,59.78,52.48,51.59,58.7,52.78,58.86,61.54,60.23,58.96,60.15,56.3,53.34,47.8,48.63,50.47,55.66,56.73
TENNANT-CREEK-AIRPORT,15135,-19.64,134.18,r1i1p1,rcp60,NorESM1-M,2040-2059,24.87,31.29,26.75,22.66,18.84,27.96,21.78,29.08,37.2,27.64,25.53,27.06,27,22.29,18.7,17.11,18.52,20.87,27.49
TOWNSVILLE-AERO,32040,-19.25,146.77,r1i1p1,rcp60,NorESM1-M,2040-2059,57.21,62.84,58.24,52.08,55.6,60.69,53.69,62.58,66.43,60,58.65,56.07,52.39,51.24,52.59,53.32,56.53,56.96,59.73
WAGGA-WAGGA-AMO,72150,-35.16,147.46,r1i1p1,rcp60,NorESM1-M,2040-2059,43.65,27.94,41.04,61.95,43.44,31.26,55.89,26.09,29.4,32.01,38.46,52.66,65.25,63.9,56.71,53.48,43.37,33.47,28.97
WILLIAMTOWN-RAAF,61078,-32.79,151.84,r1i1p1,rcp60,NorESM1-M,2040-2059,55.96,57.54,60.38,54.62,51.28,57.87,54.12,56.32,60.99,60.85,58.64,61.64,59.26,55.83,48.76,48.29,50.97,54.59,55.39
WOOMERA-AERODROME,16001,-31.16,136.81,r1i1p1,rcp60,NorESM1-M,2040-2059,28.42,21.16,29.66,39.5,23.29,22.55,34.3,18.89,23.03,23.92,28.57,36.48,43.97,40.02,34.52,27.03,23.74,19.1,21.72
ADELAIDE-KENT-TOWN,23090,-34.92,138.62,r1i1p1,rcp60,NorESM1-M,2060-2079,47.79,38.14,47.51,59.24,46.19,40.63,54.91,36.03,36.13,40.6,46.67,55.25,62.53,60.68,54.52,50.7,45.78,42.1,42.45
ALBANY-AIRPORT-COMPARISON,9741,-34.94,117.8,r1i1p1,rcp60,NorESM1-M,2060-2079,61.9,56.92,60.79,66.86,63.08,58.58,65.29,56.06,55.89,60.11,58.5,63.77,68.3,67.2,65.09,64.4,62.99,61.85,58.64
ALICE-SPRINGS-AIRPORT,15590,-23.8,133.89,r1i1p1,rcp60,NorESM1-M,2060-2079,24.05,21.96,25.74,29.43,19.18,21.76,26.38,18.63,25.55,21.59,24.04,31.58,35.18,29.55,23.55,18.97,19.46,19.1,21.45
AMBERLEY-AMO,40004,-27.63,152.71,r1i1p1,rcp60,NorESM1-M,2060-2079,44.73,50.18,49.36,39.87,39.55,48.94,40.55,48.36,53.25,50.72,48.23,49.14,44.18,39.8,35.64,34.3,40.25,44.09,48.82
BRISBANE-AERO,40842,-27.39,153.13,r1i1p1,rcp60,NorESM1-M,2060-2079,56.46,61.67,58.74,50.02,55.39,60.3,52.56,60.91,62.37,60.44,58.32,57.45,52.36,50.07,47.62,50.99,56.88,58.31,61.83
BROOME-AIRPORT,3003,-17.95,122.23,r1i1p1,rcp60,NorESM1-M,2060-2079,50.31,67.1,47.14,32.99,53.98,61.13,39.52,67.59,71.85,61.41,43.43,36.59,34.79,31.52,32.68,46.78,54.74,60.43,61.88
CAIRNS-AERO,31011,-16.87,145.75,r1i1p1,rcp60,NorESM1-M,2060-2079,63.29,67.83,66.04,59.43,59.84,66.48,60.13,66.67,70.48,66.54,66.13,65.47,61.97,59.12,57.19,57.64,59.38,62.5,66.45
CANBERRA-AIRPORT-COMPARISON,70014,-35.3,149.2,r1i1p1,rcp60,NorESM1-M,2060-2079,45.86,36.9,45.76,55.67,44.99,39.43,52.23,35.8,38.03,39.46,44.67,53.15,59.95,57.2,49.87,47.85,45.36,41.75,37.29
CARNARVON-AIRPORT,6011,-24.89,113.67,r1i1p1,rcp60,NorESM1-M,2060-2079,52.01,55.35,53.08,49.37,50.27,54.46,49.59,54.53,56.61,56.41,53.33,49.51,49.57,50.63,47.91,49.02,50.89,50.91,54.82
CEDUNA-AMO,18012,-32.13,133.7,r1i1p1,rcp60,NorESM1-M,2060-2079,45.69,44.26,44.9,49.75,43.85,43.97,47.41,41.2,44.07,43.27,44.59,46.83,51.94,51.13,46.18,44.93,43.44,43.19,47.5
CHARLEVILLE-AERO,44021,-26.42,146.25,r1i1p1,rcp60,NorESM1-M,2060-2079,29.13,29.72,30.41,32.32,23.92,28.45,29.67,27.8,35.76,26.64,29.77,34.8,36.79,33.49,26.68,23.49,22.81,25.47,26.1
COBAR-MO,48027,-31.49,145.83,r1i1p1,rcp60,NorESM1-M,2060-2079,34.46,26.42,36.6,44.91,29.85,28.81,40.1,24.65,29.55,29.85,35.1,44.84,49.37,47.3,38.06,31.59,29.44,28.53,25.3
COFFS-HARBOUR-MO,59040,-30.31,153.12,r1i1p1,rcp60,NorESM1-M,2060-2079,61.82,67.31,65.17,54.69,60.11,66.37,57.29,66.42,68.53,68.14,64.37,63.01,57.47,54.86,51.74,56.05,60.6,63.67,66.98
DARWIN-AIRPORT,14015,-12.42,130.89,r1i1p1,rcp60,NorESM1-M,2060-2079,53.51,69.87,53.98,37.55,52.74,64.48,42.63,70.12,73.75,65.98,52.22,43.75,36.93,37.44,38.27,47.04,52.33,58.84,65.5
DUBBO-AIRPORT-AWS,65070,-32.22,148.58,r1i1p1,rcp60,NorESM1-M,2060-2079,43.35,34.01,43.68,55.04,40.36,36.32,50.45,33.15,36.34,37.67,41.28,52.09,57.68,57.17,50.17,45.99,38.72,35.93,32.77
EAST-SALE-AIRPORT,85072,-38.12,147.13,r1i1p1,rcp60,NorESM1-M,2060-2079,56.03,50.82,56.14,61.23,55.87,52.3,59.73,49.93,49.38,51.75,55.12,61.55,64.71,62.8,56.18,57.13,55.99,54.48,53.32
ESPERANCE,9789,-33.83,121.89,r1i1p1,rcp60,NorESM1-M,2060-2079,57.48,57.41,58.32,58.46,55.84,57.54,57.46,55.84,56.86,59.01,58.01,57.95,60,59.3,56.08,56.64,54.8,56.09,59.17
GERALDTON-AIRPORT-COMPARISON,8051,-28.8,114.7,r1i1p1,rcp60,NorESM1-M,2060-2079,47.44,43.29,44.45,54.81,47.31,43.33,51.61,43.24,40.81,43.81,42.92,46.61,52.77,56.7,54.95,51.48,47.16,43.29,45.57
HOBART-ELLERSLIE-ROAD,94029,-42.89,147.33,r1i1p1,rcp60,NorESM1-M,2060-2079,55.25,51.59,56.13,60.23,53.18,52.7,57.88,52.36,49.97,52.63,55.82,59.94,63.65,61.56,55.48,54.09,52.52,52.92,52.1
KALGOORLIE-BOULDER-AIRPORT,12038,-30.78,121.45,r1i1p1,rcp60,NorESM1-M,2060-2079,31.81,24.28,36.87,41.83,24.34,27.08,36.44,20.59,27.33,31.76,35.64,42.35,46.46,42.82,36.21,27.55,23.28,22.19,24.3
LAUNCESTON-AIRPORT-COMPARISON,91104,-41.54,147.2,r1i1p1,rcp60,NorESM1-M,2060-2079,55.83,45.38,54.56,68.42,55.11,47.87,63.87,45.44,44.03,45.24,54.19,64.25,71.25,70.51,63.49,58.53,55.22,51.56,46.28
LAVERTON-RAAF,87031,-37.86,144.76,r1i1p1,rcp60,NorESM1-M,2060-2079,55.86,50.01,55.23,62.96,55.2,51.23,60.41,49.94,47.91,50.13,54.16,61.42,65.85,63.68,59.34,57.58,54.57,53.45,52.35
MACKAY-M.O,33119,-21.12,149.22,r1i1p1,rcp60,NorESM1-M,2060-2079,69.44,70.8,71.48,69.55,65.94,69.84,69.05,70.14,73.87,69.89,71.8,72.76,70.08,69.99,68.56,67.44,65.44,64.93,68.34
MEEKATHARRA-AIRPORT,7045,-26.61,118.54,r1i1p1,rcp60,NorESM1-M,2060-2079,24.33,18.17,28.03,34.44,16.51,20.31,28.27,15.49,23.81,24.72,28.05,31.32,39.67,36.54,27.11,18.59,16.36,14.58,15.27
MELBOURNE-AIRPORT,86282,-37.68,144.84,r1i1p1,rcp60,NorESM1-M,2060-2079,52.78,44.91,52.18,61.89,51.98,46.7,58.72,44.55,42.98,45.89,50.81,59.84,65.1,63.38,57.2,55.25,51.54,49.15,47.61
MILDURA-AIRPORT,76031,-34.23,142.08,r1i1p1,rcp60,NorESM1-M,2060-2079,37.05,26.86,37.5,50.79,33.06,29.19,44.93,24.56,27.02,28.98,35.84,47.67,54.84,53.26,44.27,38.05,31.52,29.61,29.01
MOREE-AERO,53115,-29.49,149.85,r1i1p1,rcp60,NorESM1-M,2060-2079,37.6,35.43,38.3,43.9,32.52,35.11,40,34.65,39.55,35.77,36.45,42.69,46.72,46.3,38.69,34,31.61,31.95,32.86
MOUNT-GAMBIER-AERO,26021,-37.75,140.77,r1i1p1,rcp60,NorESM1-M,2060-2079,57.68,46.02,56.05,70.45,58.34,48.77,66.68,44.36,42.82,47.12,54.28,66.74,74.35,71.82,65.17,62.61,59.42,53,50.46
MOUNT-ISA-AERO,29127,-20.68,139.49,r1i1p1,rcp60,NorESM1-M,2060-2079,25.76,33.5,26.82,22.69,19.94,29.61,21.86,32.09,38.74,29,25.05,26.42,26.96,22.57,18.55,18.17,18.51,23.13,29.89
NOWRA-RAN-AIR-STATION-AWS,68072,-34.95,150.54,r1i1p1,rcp60,NorESM1-M,2060-2079,56.58,59.79,59.41,53.16,53.65,59.31,53.82,60.15,61.82,59.9,58.64,59.69,56.21,54.62,48.65,49.31,54.31,57.58,57.79
PERTH-AIRPORT,9021,-31.93,115.98,r1i1p1,rcp60,NorESM1-M,2060-2079,44.75,34.83,43.19,55.94,45.21,37.47,52.15,34.37,32.63,38.02,42.45,49.09,57.7,57.24,52.87,50.16,45.87,39.59,37.03
PORT-HEDLAND-AIRPORT,4032,-20.37,118.63,r1i1p1,rcp60,NorESM1-M,2060-2079,39.2,51.03,38.56,32.09,35.24,45.61,32.88,52.05,56.28,45.45,35.35,34.89,36.47,31.47,28.32,30.12,36.02,39.57,44.38
RICHMOND-RAAF,67105,-33.6,150.78,r1i1p1,rcp60,NorESM1-M,2060-2079,47.19,48.26,52.23,46.99,41.14,48.66,45.73,47.2,51.77,51.68,50.47,54.56,51.78,48.61,40.59,38.44,40.41,44.57,46.19
ROCKHAMPTON-AERO,39083,-23.38,150.48,r1i1p1,rcp60,NorESM1-M,2060-2079,46.51,52.16,49.04,42.52,42.36,50.06,43,51.78,54.57,49.54,49.23,48.35,45.4,42.14,40.01,39.37,42.73,44.99,49.96
SYDNEY-AIRPORT-AMO,66037,-33.94,151.17,r1i1p1,rcp60,NorESM1-M,2060-2079,55.59,58.73,59.88,51.94,51.7,58.62,52.59,59.07,60.71,60.34,59.37,59.93,55.54,53.18,47.11,48.54,51.23,55.32,56.69
TENNANT-CREEK-AIRPORT,15135,-19.64,134.18,r1i1p1,rcp60,NorESM1-M,2060-2079,23.88,30.48,24.74,21.45,18.88,27.05,20.69,28.81,35.48,26.1,23.17,24.95,25.69,21.52,17.14,16.53,18.32,21.81,27.04
TOWNSVILLE-AERO,32040,-19.25,146.77,r1i1p1,rcp60,NorESM1-M,2060-2079,57.82,64.11,58.21,52.25,56.64,61.51,54.1,63.11,67.34,59.89,58.48,56.27,52.21,51.82,52.7,54.54,57.04,58.34,62.12
WAGGA-WAGGA-AMO,72150,-35.16,147.46,r1i1p1,rcp60,NorESM1-M,2060-2079,43.6,27.91,41.11,61.3,43.86,31.39,55.68,25.96,29.23,31.88,38.83,52.63,64.62,63.33,55.94,53.16,44.38,34.06,29.17
WILLIAMTOWN-RAAF,61078,-32.79,151.84,r1i1p1,rcp60,NorESM1-M,2060-2079,55.82,57.45,60.36,54.11,51.32,57.81,53.9,56.67,60.18,60.92,59.02,61.15,58.38,55.8,48.14,48.41,51.5,54.06,55.54
WOOMERA-AERODROME,16001,-31.16,136.81,r1i1p1,rcp60,NorESM1-M,2060-2079,28.72,21.28,29.16,39.77,24.62,22.88,34.59,18.19,21.53,22.96,28.02,36.5,45.03,41.13,33.16,26.76,24.95,22.16,24.29
ADELAIDE-KENT-TOWN,23090,-34.92,138.62,r1i1p1,rcp60,NorESM1-M,2080-2099,47.21,38.33,47.26,58.56,44.83,40.5,54.02,36.74,36.36,41.31,45.94,54.54,62,60.26,53.41,49.32,44.6,40.58,41.46
ALBANY-AIRPORT-COMPARISON,9741,-34.94,117.8,r1i1p1,rcp60,NorESM1-M,2080-2099,61.81,56.98,61.01,66.61,62.68,58.62,65.1,56.08,56.33,59.48,59.43,64.14,68.47,66.86,64.48,63.67,62.95,61.4,58.46
ALICE-SPRINGS-AIRPORT,15590,-23.8,133.89,r1i1p1,rcp60,NorESM1-M,2080-2099,23.94,21.75,26.05,28.84,18.89,21.81,25.98,19.22,24.48,20.64,25.63,31.88,34.39,29.63,22.51,17.88,19.59,19.2,22.21
AMBERLEY-AMO,40004,-27.63,152.71,r1i1p1,rcp60,NorESM1-M,2080-2099,44.38,49.89,48.76,39.81,39.16,48.61,40.23,48.68,52.63,49.97,48.14,48.17,44.75,39.51,35.16,34,39.77,43.71,48.06
BRISBANE-AERO,40842,-27.39,153.13,r1i1p1,rcp60,NorESM1-M,2080-2099,56.68,61.75,58.79,50.42,55.64,60.46,52.78,61.58,62.26,60.24,59.11,57.03,53.59,50.2,47.48,51.23,57.17,58.52,61.73
BROOME-AIRPORT,3003,-17.95,122.23,r1i1p1,rcp60,NorESM1-M,2080-2099,50.27,66.86,47.46,32.76,53.94,61,39.52,65.8,71.21,62.87,43.19,36.31,34.86,30.85,32.56,46.99,55.56,59.27,63.79
CAIRNS-AERO,31011,-16.87,145.75,r1i1p1,rcp60,NorESM1-M,2080-2099,63.33,67.74,66.11,60.04,59.53,66.41,60.37,67.46,69,66.73,66.36,65.25,63.12,59.82,57.18,57.47,59.41,61.7,66.42
CANBERRA-AIRPORT-COMPARISON,70014,-35.3,149.2,r1i1p1,rcp60,NorESM1-M,2080-2099,45.46,37.44,44.83,55.47,44.37,39.4,51.63,36.79,38.55,39.07,43.37,52.05,59.92,57.14,49.35,47.51,43.84,41.77,36.23
CARNARVON-AIRPORT,6011,-24.89,113.67,r1i1p1,rcp60,NorESM1-M,2080-2099,51.59,55.7,53.08,47.54,49.99,54.85,48.33,54.5,58.1,57.36,53.7,48.17,48.09,47.34,47.18,48.99,50.22,50.76,54.71
CEDUNA-AMO,18012,-32.13,133.7,r1i1p1,rcp60,NorESM1-M,2080-2099,45.59,44.63,45.06,48.92,43.87,44.27,46.99,42.94,43.73,43.1,45.1,46.98,51.28,49.65,45.83,44.62,43.58,43.41,46.81
CHARLEVILLE-AERO,44021,-26.42,146.25,r1i1p1,rcp60,NorESM1-M,2080-2099,29.46,30.1,31.36,33.05,23.44,28.97,30.15,28.76,36.34,26.82,31.11,36.14,38.94,33.42,26.79,23.28,22.36,24.69,24.83
COBAR-MO,48027,-31.49,145.83,r1i1p1,rcp60,NorESM1-M,2080-2099,34.09,26.56,36.12,45.04,28.9,28.62,39.85,25.22,29.84,28.9,34.55,44.9,50.05,47.23,37.84,31.65,27.45,27.61,23.81
COFFS-HARBOUR-MO,59040,-30.31,153.12,r1i1p1,rcp60,NorESM1-M,2080-2099,61.69,67.22,64.75,54.7,60.17,66.29,57.13,66.94,68.4,67.31,64.57,62.37,58.32,54.37,51.42,56.06,60.26,64.19,66.03
DARWIN-AIRPORT,14015,-12.42,130.89,r1i1p1,rcp60,NorESM1-M,2080-2099,53.41,69.93,53.85,37.11,52.66,64.73,42.06,70.59,74.24,66.39,52.62,42.53,36.76,37.11,37.46,46.52,52.01,59.44,65.29
DUBBO-AIRPORT-AWS,65070,-32.22,148.58,r1i1p1,rcp60,NorESM1-M,2080-2099,42.75,33.63,42.68,55.08,39.75,35.62,50.13,33.19,35.72,36.33,40.12,51.59,57.86,57.35,49.93,45.82,37.25,35.69,31.42
EAST-SALE-AIRPORT,85072,-38.12,147.13,r1i1p1,rcp60,NorESM1-M,2080-2099,55.17,50.84,55.19,60.68,54.29,51.91,58.73,50.14,49.57,51.64,53.64,60.31,64.23,62.43,55.38,56.01,54.04,52.83,51.86
ESPERANCE,9789,-33.83,121.89,r1i1p1,rcp60,NorESM1-M,2080-2099,57.42,57.68,58.27,58.14,55.59,57.67,57.19,56.5,57.92,58.38,58.46,57.96,60.18,58.57,55.67,55.45,55.29,56.03,58.69
GERALDTON-AIRPORT-COMPARISON,8051,-28.8,114.7,r1i1p1,rcp60,NorESM1-M,2080-2099,47.36,43.65,45.08,53.79,46.83,43.81,50.91,42.7,42.67,44.91,43.87,46.45,52.52,54.92,53.93,50.84,46.8,42.85,45.86
HOBART-ELLERSLIE-ROAD,94029,-42.89,147.33,r1i1p1,rcp60,NorESM1-M,2080-2099,54.79,51.11,55.7,60.04,52.67,52.27,57.51,51.62,50.04,52.71,55.12,59.28,63.84,60.87,55.42,53.07,52.61,52.32,50.64
KALGOORLIE-BOULDER-AIRPORT,12038,-30.78,121.45,r1i1p1,rcp60,NorESM1-M,2080-2099,31.77,24.98,37.54,40.5,24.2,27.93,35.61,21.08,28.86,32.26,37.74,41.76,45.6,40.59,35.3,26.87,23.54,22.18,24.27
LAUNCESTON-AIRPORT-COMPARISON,91104,-41.54,147.2,r1i1p1,rcp60,NorESM1-M,2080-2099,55.44,45.02,54.12,68.12,54.69,47.53,63.4,45.05,44.05,45.23,53.93,63.21,70.98,70.14,63.23,57.89,54.98,51.19,45.39
LAVERTON-RAAF,87031,-37.86,144.76,r1i1p1,rcp60,NorESM1-M,2080-2099,55.06,49.83,54.89,62.49,53.32,50.85,59.48,50.41,47.94,50.8,53.2,60.66,65.59,63.63,58.24,56.09,52.7,51.16,50.31
MACKAY-M.O,33119,-21.12,149.22,r1i1p1,rcp60,NorESM1-M,2080-2099,69.51,70.5,72.11,70.41,65.22,69.88,69.37,70.46,71.59,70.01,72.98,73.35,72.27,70.95,68.02,66.52,65.12,64.02,68.77
MEEKATHARRA-AIRPORT,7045,-26.61,118.54,r1i1p1,rcp60,NorESM1-M,2080-2099,23.86,18.68,28.21,32.32,16.02,21.01,26.66,15.17,25.36,25.82,28.99,29.83,38,33.08,25.89,17.64,15.56,14.86,15.7
MELBOURNE-AIRPORT,86282,-37.68,144.84,r1i1p1,rcp60,NorESM1-M,2080-2099,51.89,44.89,51.7,61.4,49.9,46.36,57.7,44.9,43.38,46.37,49.83,58.91,64.58,63.4,56.21,53.62,49.45,46.63,45.4
MILDURA-AIRPORT,76031,-34.23,142.08,r1i1p1,rcp60,NorESM1-M,2080-2099,36.34,26.96,37.07,50.19,31.27,28.74,44.06,25.06,27.55,29.06,34.86,47.31,54.66,52.84,43.08,36.65,29.84,27.31,27.82
MOREE-AERO,53115,-29.49,149.85,r1i1p1,rcp60,NorESM1-M,2080-2099,37.12,35.47,37.59,43.78,31.86,34.78,39.59,35.04,39.16,34.67,35.92,42.18,47.3,45.88,38.17,33.65,30.38,31.54,31.51
MOUNT-GAMBIER-AERO,26021,-37.75,140.77,r1i1p1,rcp60,NorESM1-M,2080-2099,57.01,45.76,55.63,69.98,56.92,48.33,65.9,44.62,42.98,47.85,53.31,65.73,73.8,71.75,64.38,61.23,58.48,51.06,48.94
MOUNT-ISA-AERO,29127,-20.68,139.49,r1i1p1,rcp60,NorESM1-M,2080-2099,26.62,33.81,28.6,23.87,20.15,30.45,22.77,33.59,38.45,29.45,27.23,29.11,29.42,23.74,18.46,17.19,18.69,24.57,29.57
NOWRA-RAN-AIR-STATION-AWS,68072,-34.95,150.54,r1i1p1,rcp60,NorESM1-M,2080-2099,56.15,60.25,58.7,52.87,52.77,59.33,53.09,61.03,62.07,59.47,57.86,58.78,56.42,54.01,48.17,48.64,52.27,57.55,57.15
PERTH-AIRPORT,9021,-31.93,115.98,r1i1p1,rcp60,NorESM1-M,2080-2099,44.6,34.93,43.37,55.35,44.68,37.53,51.68,33.66,33.92,38.31,42.71,49.09,57.52,56.39,52.14,49.26,45.66,39.13,37.4
PORT-HEDLAND-AIRPORT,4032,-20.37,118.63,r1i1p1,rcp60,NorESM1-M,2080-2099,38.86,50.99,38.35,30.62,35.33,45.75,31.95,51.3,56.39,46.42,34.93,33.69,35.01,29.27,27.58,30.18,35.96,39.85,45.78
RICHMOND-RAAF,67105,-33.6,150.78,r1i1p1,rcp60,NorESM1-M,2080-2099,46.66,48.5,51.54,46.46,40.33,48.57,44.87,48.09,51.6,51.08,49.83,53.72,51.82,47.66,39.9,37.77,38.33,44.88,45.24
ROCKHAMPTON-AERO,39083,-23.38,150.48,r1i1p1,rcp60,NorESM1-M,2080-2099,47.11,52.53,49.37,43.76,42.98,50.45,43.96,52.37,54.26,49.41,50.01,48.69,47.36,42.97,40.94,40.09,43.73,45.14,50.4
SYDNEY-AIRPORT-AMO,66037,-33.94,151.17,r1i1p1,rcp60,NorESM1-M,2080-2099,55.27,59.08,59.47,51.64,51.05,58.68,51.97,60.03,60.79,59.81,59.05,59.56,55.9,52.46,46.56,48.11,49.24,55.8,55.87
TENNANT-CREEK-AIRPORT,15135,-19.64,134.18,r1i1p1,rcp60,NorESM1-M,2080-2099,24.5,30.98,25.97,21.9,19.03,27.77,21.13,29.73,35.73,26.46,25.01,26.44,26.78,22.42,16.51,15.94,18.69,22.45,27.81
TOWNSVILLE-AERO,32040,-19.25,146.77,r1i1p1,rcp60,NorESM1-M,2080-2099,57.67,63.58,58.2,52.7,56.3,61.24,54.21,62.97,65.1,60.08,58.49,56.03,53.65,52.17,52.28,54.32,56.8,57.79,62.32
WAGGA-WAGGA-AMO,72150,-35.16,147.46,r1i1p1,rcp60,NorESM1-M,2080-2099,42.93,28.21,40.09,60.89,42.85,31.16,54.89,26.38,29.63,31.09,37.58,51.6,63.91,63.47,55.31,52.34,42.71,33.5,27.68
WILLIAMTOWN-RAAF,61078,-32.79,151.84,r1i1p1,rcp60,NorESM1-M,2080-2099,55.53,57.65,60.02,53.73,50.91,57.82,53.36,57.73,60.03,60.07,59,61,58.66,54.93,47.6,48.13,49.85,54.76,54.61
WOOMERA-AERODROME,16001,-31.16,136.81,r1i1p1,rcp60,NorESM1-M,2080-2099,28.16,21.4,28.95,38.52,23.87,22.72,33.69,19.34,21.66,22.46,27.88,36.51,44.33,39.13,32.1,26.22,23.84,21.54,22.96
ADELAIDE-KENT-TOWN,23090,-34.92,138.62,r1i1p1,rcp85,ACCESS1-0,2020-2039,47.5,36.96,48.22,59.38,45.4,39.93,55.05,36.35,35.69,43.42,45.56,55.68,62.56,60.54,55.03,50.41,46.09,39.69,39.02
ALBANY-AIRPORT-COMPARISON,9741,-34.94,117.8,r1i1p1,rcp85,ACCESS1-0,2020-2039,61.59,55.86,60.48,66.46,63.61,58.02,65.23,55.61,54.75,58.13,59.46,63.84,67.55,66.56,65.27,64.9,63.27,62.66,57.05
ALICE-SPRINGS-AIRPORT,15590,-23.8,133.89,r1i1p1,rcp85,ACCESS1-0,2020-2039,23.85,23.97,24.71,28.96,17.84,22.15,25.58,22.62,27.94,21.27,21.44,31.41,35.52,30.52,20.83,14.64,20.53,18.35,21.12
AMBERLEY-AMO,40004,-27.63,152.71,r1i1p1,rcp85,ACCESS1-0,2020-2039,43.89,49.05,49.52,39.95,37.09,47.97,39.85,47.2,52.53,50.62,47.75,50.17,44.23,40.31,35.31,31.87,37.22,42.19,47.34
BRISBANE-AERO,40842,-27.39,153.13,r1i1p1,rcp85,ACCESS1-0,2020-2039,55.64,60.41,59.09,50.05,53,59.37,51.86,59.35,61.72,60.72,58.02,58.55,52.41,50.49,47.25,48.82,53.62,56.56,60.24
BROOME-AIRPORT,3003,-17.95,122.23,r1i1p1,rcp85,ACCESS1-0,2020-2039,49.36,67.06,45.27,30.95,54.17,60.16,38.6,66.8,70.92,59.61,40.4,35.81,31.3,29.41,32.15,48.02,54.94,59.55,63.47
CAIRNS-AERO,31011,-16.87,145.75,r1i1p1,rcp85,ACCESS1-0,2020-2039,62.6,67.77,65.15,58.73,58.73,65.98,59.24,67.6,69.95,66.48,64.62,64.33,61.33,59.32,55.53,55.3,59.62,61.26,65.87
CANBERRA-AIRPORT-COMPARISON,70014,-35.3,149.2,r1i1p1,rcp85,ACCESS1-0,2020-2039,46.01,38.78,46.5,55.85,42.77,40.24,51.72,39.25,38.42,41.31,44.56,53.63,60.47,57.23,49.87,45.97,43.14,39.19,39.12
CARNARVON-AIRPORT,6011,-24.89,113.67,r1i1p1,rcp85,ACCESS1-0,2020-2039,53.17,57.43,53.8,49.31,52.18,55.91,50.46,58.03,57.8,55.46,54.19,51.75,49.23,50.22,48.49,51.63,51.47,53.44,56.38
CEDUNA-AMO,18012,-32.13,133.7,r1i1p1,rcp85,ACCESS1-0,2020-2039,46.18,44.92,45.96,50.06,43.79,44.54,47.83,44.13,45.28,45.91,43.96,48,51.93,50.27,47.99,45.05,43.73,42.6,45.34
CHARLEVILLE-AERO,44021,-26.42,146.25,r1i1p1,rcp85,ACCESS1-0,2020-2039,28.31,29.44,30.98,32.23,20.44,28.43,28.06,28.05,35.36,28.75,28.81,35.37,37.65,34.18,24.87,18.22,18.09,25.01,25.41
COBAR-MO,48027,-31.49,145.83,r1i1p1,rcp85,ACCESS1-0,2020-2039,34.1,28.89,37.94,44.18,25.31,29.9,38.27,29.09,31.37,33.24,35.29,45.3,48.69,47.09,36.76,27.06,24.73,24.14,26.43
COFFS-HARBOUR-MO,59040,-30.31,153.12,r1i1p1,rcp85,ACCESS1-0,2020-2039,61.51,67.02,65.8,54.44,58.79,66.27,56.77,67.07,67.68,68.67,64.73,64,56.94,54.38,52,54.45,58.83,63.09,66.29
DARWIN-AIRPORT,14015,-12.42,130.89,r1i1p1,rcp85,ACCESS1-0,2020-2039,52.51,69.62,52.35,36.62,51.54,63.59,41.51,70.2,73.89,65.46,49.84,41.74,35.4,36.73,37.72,46.27,51.2,57.15,64.5
DUBBO-AIRPORT-AWS,65070,-32.22,148.58,r1i1p1,rcp85,ACCESS1-0,2020-2039,42.7,35.82,44.5,54.78,35.38,36.74,48.71,36.56,36.66,40.01,41.15,52.34,57.42,57.28,49.51,40.98,33.69,31.06,34.49
EAST-SALE-AIRPORT,85072,-38.12,147.13,r1i1p1,rcp85,ACCESS1-0,2020-2039,56.44,51.53,57.32,61.42,55.41,52.85,59.99,51.35,49.53,53.41,55.55,63,64.95,62.76,56.55,56.36,56.32,53.53,53.91
ESPERANCE,9789,-33.83,121.89,r1i1p1,rcp85,ACCESS1-0,2020-2039,57.25,56.88,56.88,58.64,56.72,56.58,57.97,56.82,56.41,56.57,55.53,58.54,60.52,58.99,56.39,58.2,55.15,56.8,57.06
GERALDTON-AIRPORT-COMPARISON,8051,-28.8,114.7,r1i1p1,rcp85,ACCESS1-0,2020-2039,48.6,44.44,44.83,55.48,49.74,44.46,52.8,44.88,42.01,42.15,44.31,48.04,52.32,56.86,57.26,54.56,47.75,46.89,46.17
HOBART-ELLERSLIE-ROAD,94029,-42.89,147.33,r1i1p1,rcp85,ACCESS1-0,2020-2039,55.35,51.78,56.13,60.26,53.34,52.71,58.04,51.82,51.21,52.75,55.05,60.6,63.51,61.07,56.18,54.09,52.79,53.12,51.94
KALGOORLIE-BOULDER-AIRPORT,12038,-30.78,121.45,r1i1p1,rcp85,ACCESS1-0,2020-2039,32.82,25.72,37.48,42.58,25.61,27.91,37.64,23.57,29.46,31.12,35.52,44.83,47.68,43.36,36.69,29.05,24.2,23.56,23.59
LAUNCESTON-AIRPORT-COMPARISON,91104,-41.54,147.2,r1i1p1,rcp85,ACCESS1-0,2020-2039,55.83,45.38,54.59,68.41,55.06,47.74,63.98,44.85,44.95,45.34,53.43,65,70.83,70.11,64.29,58.53,55.15,51.49,45.93
LAVERTON-RAAF,87031,-37.86,144.76,r1i1p1,rcp85,ACCESS1-0,2020-2039,56.42,50.21,57.17,63.42,54.81,51.69,61.06,51.28,48.2,52.73,55.38,63.41,66.61,63.81,59.84,57.13,55.55,51.76,51.31
MACKAY-M.O,33119,-21.12,149.22,r1i1p1,rcp85,ACCESS1-0,2020-2039,68.49,69.45,71.74,68.75,64.05,69.04,67.96,68.47,71.73,69.88,72.06,73.28,70.61,69.89,65.74,63.39,64.84,63.92,68.1
MEEKATHARRA-AIRPORT,7045,-26.61,118.54,r1i1p1,rcp85,ACCESS1-0,2020-2039,25.53,20.24,29.81,34.19,17.71,22.04,28.93,16.96,27.58,26,29.26,34.18,40.74,35.47,26.34,20.88,15.93,16.32,16.18
MELBOURNE-AIRPORT,86282,-37.68,144.84,r1i1p1,rcp85,ACCESS1-0,2020-2039,53.31,45.08,54.21,62.38,51.44,47.15,59.35,45.91,43.24,48.67,52.12,61.85,65.96,63.56,57.63,54.61,52.49,47.21,46.47
MILDURA-AIRPORT,76031,-34.23,142.08,r1i1p1,rcp85,ACCESS1-0,2020-2039,37.08,27.59,38.91,50.91,30.89,29.43,44.74,27.64,28.32,32.02,35.6,49.1,55.26,53.64,43.85,36.19,30.43,26.06,26.84
MOREE-AERO,53115,-29.49,149.85,r1i1p1,rcp85,ACCESS1-0,2020-2039,36.08,35.2,37.86,43.21,27.79,34.26,37.81,35.73,38.12,35.8,35.47,42.32,45.96,46.21,37.47,28.46,26.41,28.51,32.52
MOUNT-GAMBIER-AERO,26021,-37.75,140.77,r1i1p1,rcp85,ACCESS1-0,2020-2039,57.44,45.35,56.71,70.05,57.76,48.41,66.56,44.55,42.39,48.55,54.24,67.34,73.73,71.36,65.08,62.23,59.61,51.43,48.73
MOUNT-ISA-AERO,29127,-20.68,139.49,r1i1p1,rcp85,ACCESS1-0,2020-2039,24.24,33.02,24.66,22.13,17.07,27.96,20.48,32.95,38.61,26.05,21.07,26.88,27.02,23.68,15.7,14.02,15.57,21.63,27.69
NOWRA-RAN-AIR-STATION-AWS,68072,-34.95,150.54,r1i1p1,rcp85,ACCESS1-0,2020-2039,57.08,62.08,60.11,53.22,52.56,60.48,53.64,63.79,62.44,61.2,58.71,60.41,56.27,54.35,49.03,48.64,52.9,56.37,60.4
PERTH-AIRPORT,9021,-31.93,115.98,r1i1p1,rcp85,ACCESS1-0,2020-2039,44.77,34.5,42.43,55.73,46.56,37.42,52.23,33.88,32.57,35.59,42.73,48.96,56.78,56.55,53.86,52.17,45.08,42.42,36.59
PORT-HEDLAND-AIRPORT,4032,-20.37,118.63,r1i1p1,rcp85,ACCESS1-0,2020-2039,39.04,52.09,38.4,30.38,35.41,45.64,32.54,53.36,55.61,44.05,35.1,36.06,33.27,29.49,28.38,32.23,35.81,38.18,46.9
RICHMOND-RAAF,67105,-33.6,150.78,r1i1p1,rcp85,ACCESS1-0,2020-2039,47.11,49.68,52.34,46.75,39.52,49.15,45.07,49.97,51.63,52.65,49.92,54.44,51.32,48.29,40.64,37.15,38.59,42.83,47.83
ROCKHAMPTON-AERO,39083,-23.38,150.48,r1i1p1,rcp85,ACCESS1-0,2020-2039,45.47,50.84,49.47,41.85,39.79,49.2,41.8,49.95,53.35,49.41,49.45,49.54,45.35,41.6,38.61,35.41,40.28,43.69,49.04
SYDNEY-AIRPORT-AMO,66037,-33.94,151.17,r1i1p1,rcp85,ACCESS1-0,2020-2039,55.81,60.16,60.2,51.86,50.93,59.29,52.37,61.56,60.63,60.96,59.22,60.42,55.2,52.84,47.55,48.2,49.99,54.59,58.6
TENNANT-CREEK-AIRPORT,15135,-19.64,134.18,r1i1p1,rcp85,ACCESS1-0,2020-2039,22.77,31.71,22.32,19.76,17.31,26.51,19.01,30.64,37.97,25.07,18.51,23.39,24.34,21.39,13.56,14.23,17.13,20.56,26.41
TOWNSVILLE-AERO,32040,-19.25,146.77,r1i1p1,rcp85,ACCESS1-0,2020-2039,56.54,63.12,56.98,51.09,54.89,60.43,52.61,63.06,64.89,58.74,56.83,55.36,52.03,51.45,49.79,51.02,55.99,57.65,61.64
WAGGA-WAGGA-AMO,72150,-35.16,147.46,r1i1p1,rcp85,ACCESS1-0,2020-2039,43.54,29.55,41.9,62.06,40.45,31.82,55.13,29.27,29.63,34.22,38.29,53.18,65.83,64.35,56.01,50.38,41.04,29.92,30.41
WILLIAMTOWN-RAAF,61078,-32.79,151.84,r1i1p1,rcp85,ACCESS1-0,2020-2039,55.62,58.14,60.25,53.77,50.31,57.97,53.35,58.43,59.98,60.78,58.82,61.16,57.54,54.93,48.83,47.34,50.28,53.31,56.08
WOOMERA-AERODROME,16001,-31.16,136.81,r1i1p1,rcp85,ACCESS1-0,2020-2039,28.82,22.35,30.74,39.17,22.97,23.48,34.17,21.34,24.72,26.28,27.45,38.5,44.62,39.68,33.21,25.38,23.67,19.86,21.12
ADELAIDE-KENT-TOWN,23090,-34.92,138.62,r1i1p1,rcp85,ACCESS1-0,2040-2059,47.3,37.12,48.09,58.8,45.15,40.07,54.51,36.19,35.52,42.92,46.76,54.6,60.37,61.04,55,50.29,45.77,39.38,39.83
ALBANY-AIRPORT-COMPARISON,9741,-34.94,117.8,r1i1p1,rcp85,ACCESS1-0,2040-2059,61.83,56.63,61.55,65.93,63.28,58.55,65.19,55.53,55.8,59.78,59.77,65.09,66.86,66.25,64.67,64.34,63.93,61.56,58.4
ALICE-SPRINGS-AIRPORT,15590,-23.8,133.89,r1i1p1,rcp85,ACCESS1-0,2040-2059,23.37,22.02,25.02,28.42,18.12,21.42,25.36,19.8,24.87,21.67,22.53,30.87,32.95,31.16,21.14,16.1,19.95,18.31,21.14
AMBERLEY-AMO,40004,-27.63,152.71,r1i1p1,rcp85,ACCESS1-0,2040-2059,43.97,49.09,48.99,39.46,38.36,48.27,39.69,47.56,53.36,50.28,48.01,48.68,43,40.5,34.88,32.68,38.42,43.99,46.25
BRISBANE-AERO,40842,-27.39,153.13,r1i1p1,rcp85,ACCESS1-0,2040-2059,55.89,60.84,58.77,49.68,54.26,59.89,51.83,60.02,63.24,60.7,58.37,57.23,51.23,50.79,47,49.7,55.01,58.07,59.34
BROOME-AIRPORT,3003,-17.95,122.23,r1i1p1,rcp85,ACCESS1-0,2040-2059,48.81,65.38,44.61,30.82,54.42,59.3,38.36,63.76,69.75,57.72,42.37,33.76,31.56,29.08,31.82,47.77,56.17,59.33,62.64
CAIRNS-AERO,31011,-16.87,145.75,r1i1p1,rcp85,ACCESS1-0,2040-2059,62.54,67.42,64.88,58.67,59.16,65.92,59.19,66.77,70.38,66.17,64.79,63.69,61,58.99,56.01,55.63,59.79,62.05,65.23
CANBERRA-AIRPORT-COMPARISON,70014,-35.3,149.2,r1i1p1,rcp85,ACCESS1-0,2040-2059,46.12,38.12,46.08,55.55,44.6,40.06,52.12,39.21,37.84,40.4,44.51,53.31,58.78,57.73,50.14,47.32,45.4,41.07,37.74
CARNARVON-AIRPORT,6011,-24.89,113.67,r1i1p1,rcp85,ACCESS1-0,2040-2059,52.91,57.41,54.22,48.16,51.89,56.09,49.76,56.37,58.7,55.78,55.33,51.55,48.23,48.73,47.52,50.04,52.5,53.14,57.06
CEDUNA-AMO,18012,-32.13,133.7,r1i1p1,rcp85,ACCESS1-0,2040-2059,46.22,45.07,46.52,49.57,43.72,44.92,47.52,44.16,45.2,46.43,45.7,47.43,50.55,50.95,47.22,44.89,44.08,42.2,45.81
CHARLEVILLE-AERO,44021,-26.42,146.25,r1i1p1,rcp85,ACCESS1-0,2040-2059,27.76,27.15,30.56,31.62,21.59,27.41,27.99,27.13,32.47,26.86,30.6,34.22,34.58,35,25.27,19.05,19.81,25.91,22.27
COBAR-MO,48027,-31.49,145.83,r1i1p1,rcp85,ACCESS1-0,2040-2059,33.47,26.22,37.15,43.24,27.19,28.74,38.17,27.19,28.64,31.64,36.26,43.56,44.85,48.3,36.59,28.42,27.33,25.81,23.05
COFFS-HARBOUR-MO,59040,-30.31,153.12,r1i1p1,rcp85,ACCESS1-0,2040-2059,61.76,67.22,65.31,54.31,60.19,66.53,57,66.91,68.57,67.92,64.58,63.45,55.59,55.03,52.29,55.5,60.15,64.93,66.16
DARWIN-AIRPORT,14015,-12.42,130.89,r1i1p1,rcp85,ACCESS1-0,2040-2059,52.23,68.27,52.36,37.02,51.36,62.95,41.6,69.14,72.09,64.88,51.07,41.13,35.89,37.08,38.08,46.47,50.92,56.7,63.32
DUBBO-AIRPORT-AWS,65070,-32.22,148.58,r1i1p1,rcp85,ACCESS1-0,2040-2059,42.57,33.69,43.73,54.2,38.33,36.09,49.12,35.63,33.39,38.36,41.54,51.31,54.68,58.26,49.57,42.94,37.1,34.57,32.3
EAST-SALE-AIRPORT,85072,-38.12,147.13,r1i1p1,rcp85,ACCESS1-0,2040-2059,56.15,51.45,56.57,60.83,55.67,52.53,59.73,51.27,49.68,52.04,55.4,62.28,63.42,62.82,56.25,57.11,56.52,53.38,53.6
ESPERANCE,9789,-33.83,121.89,r1i1p1,rcp85,ACCESS1-0,2040-2059,57.35,57.36,57.31,58.24,56.62,56.92,57.83,56.13,57.69,56.98,56.46,58.48,59.55,59.64,55.53,57.88,55.9,56.09,57.91
GERALDTON-AIRPORT-COMPARISON,8051,-28.8,114.7,r1i1p1,rcp85,ACCESS1-0,2040-2059,48.32,44.64,45.22,54.48,49.04,44.52,52.19,43.99,43.01,43.12,44.35,48.2,51.46,56.07,55.91,53.39,48.08,45.64,46.65
HOBART-ELLERSLIE-ROAD,94029,-42.89,147.33,r1i1p1,rcp85,ACCESS1-0,2040-2059,54.7,51.34,55.67,59.64,52.26,52.17,57.29,51.25,50.74,52.24,54.9,59.88,62.63,60.61,55.66,53.34,51.65,51.81,51.68
KALGOORLIE-BOULDER-AIRPORT,12038,-30.78,121.45,r1i1p1,rcp85,ACCESS1-0,2040-2059,32.09,25.24,36.97,41.23,25.02,27.56,36.54,21.58,30.11,29.53,37.27,43.07,45.68,43.11,34.89,28.65,23.82,22.59,23.38
LAUNCESTON-AIRPORT-COMPARISON,91104,-41.54,147.2,r1i1p1,rcp85,ACCESS1-0,2040-2059,55.15,44.94,53.99,67.85,53.96,47.12,63.26,44.27,44.59,44.67,53.27,64.03,70.13,69.84,63.6,57.92,54.05,49.93,45.56
LAVERTON-RAAF,87031,-37.86,144.76,r1i1p1,rcp85,ACCESS1-0,2040-2059,55.77,49.84,55.99,62.63,54.56,51.08,60.37,50.59,47.95,50.69,55.19,62.11,64.77,63.67,59.46,57.4,54.83,51.45,51.15
MACKAY-M.O,33119,-21.12,149.22,r1i1p1,rcp85,ACCESS1-0,2040-2059,68.44,69.09,71.39,68.38,64.92,69.03,67.86,67.99,71.91,69.69,72.16,72.32,68.79,70,66.35,63.78,65.93,65.04,67.32
MEEKATHARRA-AIRPORT,7045,-26.61,118.54,r1i1p1,rcp85,ACCESS1-0,2040-2059,24.2,19.3,28.21,32.23,16.91,20.98,27.34,14.23,27.97,22.04,31.01,31.59,37.18,34.32,25.19,19.69,16.05,15,15.74
MELBOURNE-AIRPORT,86282,-37.68,144.84,r1i1p1,rcp85,ACCESS1-0,2040-2059,52.57,44.56,52.91,61.52,51.18,46.44,58.59,45.04,42.79,46.37,51.95,60.41,64.02,63.36,57.19,54.9,51.66,46.97,46.24
MILDURA-AIRPORT,76031,-34.23,142.08,r1i1p1,rcp85,ACCESS1-0,2040-2059,36.49,26.33,38.02,50.19,31.44,28.62,44.38,25.64,27.19,30.51,36.42,47.12,52.53,54.05,43.97,37.46,31.14,25.71,26.18
MOREE-AERO,53115,-29.49,149.85,r1i1p1,rcp85,ACCESS1-0,2040-2059,35.56,32.96,37.01,42.37,29.67,33.36,37.69,33.71,35.73,33.75,36.09,41.2,43.12,46.93,37.06,29.29,28.53,31.21,30.16
MOUNT-GAMBIER-AERO,26021,-37.75,140.77,r1i1p1,rcp85,ACCESS1-0,2040-2059,57.14,45.69,56.58,69.44,56.97,48.48,65.89,44.7,42.65,48.22,54.84,66.69,72,71.33,65,61.79,58.52,50.61,49.31
MOUNT-ISA-AERO,29127,-20.68,139.49,r1i1p1,rcp85,ACCESS1-0,2040-2059,24.17,31.46,25.84,21.77,17.55,28,20.3,30.96,37.8,28.98,22.96,25.59,24.79,24.35,16.18,15.01,15.9,21.73,25.8
NOWRA-RAN-AIR-STATION-AWS,68072,-34.95,150.54,r1i1p1,rcp85,ACCESS1-0,2040-2059,57.16,61.66,59.62,52.97,54.06,60.31,53.98,64.37,61.94,60.45,58.24,60.16,54.85,54.84,49.23,49.79,54.87,57.8,59.05
PERTH-AIRPORT,9021,-31.93,115.98,r1i1p1,rcp85,ACCESS1-0,2040-2059,44.23,34.58,42.75,54.93,44.81,37.16,51.42,32.82,33.73,36.22,42.77,49.27,56.02,56.22,52.57,50.2,44.27,39.97,36.73
PORT-HEDLAND-AIRPORT,4032,-20.37,118.63,r1i1p1,rcp85,ACCESS1-0,2040-2059,38.87,51.08,37.98,30.38,36.15,45.17,32.67,50.76,55.19,42.37,36.64,34.92,34.12,28.47,28.56,32.94,36.99,38.54,46.91
RICHMOND-RAAF,67105,-33.6,150.78,r1i1p1,rcp85,ACCESS1-0,2040-2059,47.31,49.32,52.08,46.64,41.06,49.19,45.43,50.45,50.85,52.17,49.91,54.14,50.19,48.86,40.89,38.24,40.29,44.64,47.06
ROCKHAMPTON-AERO,39083,-23.38,150.48,r1i1p1,rcp85,ACCESS1-0,2040-2059,45.12,49.92,48.75,41.37,40.51,48.85,41.44,49.37,52.53,48.94,49.48,47.82,43.32,41.93,38.87,35.71,40.97,44.83,47.68
SYDNEY-AIRPORT-AMO,66037,-33.94,151.17,r1i1p1,rcp85,ACCESS1-0,2040-2059,55.93,60,59.91,51.71,52.01,59.29,52.61,62.16,60.4,60.61,59.06,60.07,53.98,53.35,47.81,49.07,51.38,55.57,57.73
TENNANT-CREEK-AIRPORT,15135,-19.64,134.18,r1i1p1,rcp85,ACCESS1-0,2040-2059,22.43,29.24,23.15,19.54,17.81,25.82,19.02,27.95,34.39,26.17,20.4,22.88,22.02,22.22,14.38,15.44,17.17,20.82,25.28
TOWNSVILLE-AERO,32040,-19.25,146.77,r1i1p1,rcp85,ACCESS1-0,2040-2059,56.37,62.49,56.78,50.76,55.35,60.26,52.43,62.19,64.93,58.55,57.17,54.63,50.79,51.15,50.34,51.11,56.55,58.4,60.57
WAGGA-WAGGA-AMO,72150,-35.16,147.46,r1i1p1,rcp85,ACCESS1-0,2040-2059,43.56,28.59,41.52,61.53,42.41,31.6,55.39,28.82,28.91,33.11,38.91,52.54,63.69,64.74,56.15,51.93,43.32,31.99,28.67
WILLIAMTOWN-RAAF,61078,-32.79,151.84,r1i1p1,rcp85,ACCESS1-0,2040-2059,55.58,57.71,59.81,53.5,51.27,57.73,53.49,58.11,59.65,59.79,58.41,61.23,56.74,55.12,48.63,48.15,51.09,54.57,55.42
WOOMERA-AERODROME,16001,-31.16,136.81,r1i1p1,rcp85,ACCESS1-0,2040-2059,28.38,21.04,30.38,38.77,23.3,23.03,33.75,19.74,22.11,25.3,29.05,36.78,42.69,41.02,32.61,25.51,23.92,20.47,21.42
ADELAIDE-KENT-TOWN,23090,-34.92,138.62,r1i1p1,rcp85,ACCESS1-0,2060-2079,46.98,36.9,47.37,58.69,44.89,39.48,54.45,35.76,36.18,42.86,44.87,54.38,61.25,59.71,55.12,50.49,45.78,38.41,38.94
ALBANY-AIRPORT-COMPARISON,9741,-34.94,117.8,r1i1p1,rcp85,ACCESS1-0,2060-2079,61.77,56.71,60.9,65.86,63.66,58.55,65.06,55.62,55.92,58.36,60.15,64.2,67.24,66.12,64.21,64.21,64.37,62.4,58.43
ALICE-SPRINGS-AIRPORT,15590,-23.8,133.89,r1i1p1,rcp85,ACCESS1-0,2060-2079,22.63,20.9,24.48,28.53,16.69,20.55,24.74,20.28,22.92,21.25,22.37,29.81,32.53,31.9,21.16,14.63,18.41,17.03,19.26
AMBERLEY-AMO,40004,-27.63,152.71,r1i1p1,rcp85,ACCESS1-0,2060-2079,44.09,48.41,49.81,40.05,38.13,47.93,40.28,46.9,52.34,50.55,49.25,49.63,43.11,41.33,35.71,33.08,38.84,42.48,45.91
BRISBANE-AERO,40842,-27.39,153.13,r1i1p1,rcp85,ACCESS1-0,2060-2079,56.37,60.47,59.8,50.71,54.46,59.84,52.83,59.67,62.29,61.08,59.9,58.43,51.66,52.2,48.26,50.54,55.89,56.95,59.51
BROOME-AIRPORT,3003,-17.95,122.23,r1i1p1,rcp85,ACCESS1-0,2060-2079,49.13,65.91,44.78,31.86,53.96,59.78,38.52,64.77,69.39,60.45,41.68,32.22,32.53,30.41,32.65,46.93,56.36,58.6,63.57
CAIRNS-AERO,31011,-16.87,145.75,r1i1p1,rcp85,ACCESS1-0,2060-2079,62.85,67.59,65.26,59.28,59.24,66.24,59.48,66.84,70.22,66.68,65.91,63.19,61.2,60.18,56.44,55.6,60.26,61.85,65.82
CANBERRA-AIRPORT-COMPARISON,70014,-35.3,149.2,r1i1p1,rcp85,ACCESS1-0,2060-2079,45.25,36.94,46.06,54.97,42.91,39.32,51.12,37.15,36.53,40.72,45.2,52.25,58.48,56.59,49.85,46.16,43.37,39.19,37.56
CARNARVON-AIRPORT,6011,-24.89,113.67,r1i1p1,rcp85,ACCESS1-0,2060-2079,52.97,56.87,53.9,48.6,52.53,55.76,50.2,57.54,57.19,55.05,55.37,51.3,48.97,49.16,47.69,52.16,51.95,53.47,55.79
CEDUNA-AMO,18012,-32.13,133.7,r1i1p1,rcp85,ACCESS1-0,2060-2079,46.25,44.91,46.12,50.34,43.62,44.46,48.03,43.66,45.21,46.11,44.72,47.53,51.8,50.79,48.43,45.75,43.89,41.24,45.85
CHARLEVILLE-AERO,44021,-26.42,146.25,r1i1p1,rcp85,ACCESS1-0,2060-2079,27.16,26.84,30.66,31.11,19.89,26.96,27.24,26.5,31.48,27.51,30.92,33.55,33.98,34.71,24.64,18.29,18.26,23.13,22.99
COBAR-MO,48027,-31.49,145.83,r1i1p1,rcp85,ACCESS1-0,2060-2079,32.31,24.82,35.46,43.65,25.24,27.23,37.38,26.1,25.95,30.12,35.31,40.94,45.51,47.56,37.89,28,24.35,23.38,22.62
COFFS-HARBOUR-MO,59040,-30.31,153.12,r1i1p1,rcp85,ACCESS1-0,2060-2079,62.39,66.66,67.16,55.27,60.47,66.61,58.2,66.46,67.69,69.67,67.05,64.77,56.43,55.96,53.44,57.32,61.27,62.83,65.82
DARWIN-AIRPORT,14015,-12.42,130.89,r1i1p1,rcp85,ACCESS1-0,2060-2079,52.05,69.04,51.5,36.69,51.04,63.22,40.96,69.38,72.82,65.01,49.91,39.57,35.36,37.23,37.48,45,51.09,57.03,64.67
DUBBO-AIRPORT-AWS,65070,-32.22,148.58,r1i1p1,rcp85,ACCESS1-0,2060-2079,41.51,32.19,43.13,54.13,36.26,34.82,48.27,33.56,31.95,37.93,41.8,49.67,54.71,57.38,50.28,42.48,34.21,31.65,31.26
EAST-SALE-AIRPORT,85072,-38.12,147.13,r1i1p1,rcp85,ACCESS1-0,2060-2079,55.2,50.28,55.94,60.37,54.16,51.69,58.68,50.09,48.43,52.17,54.71,60.93,63.6,61.9,55.61,56.08,53.96,52.44,52.51
ESPERANCE,9789,-33.83,121.89,r1i1p1,rcp85,ACCESS1-0,2060-2079,57.14,57.2,56.93,58.14,56.4,56.76,57.56,56.03,57.4,56.48,56.9,57.42,60.29,58.56,55.56,57.47,56.04,55.68,57.81
GERALDTON-AIRPORT-COMPARISON,8051,-28.8,114.7,r1i1p1,rcp85,ACCESS1-0,2060-2079,48.55,44.43,45.27,54.72,49.86,44.52,52.64,44.58,41.11,42.27,44.94,48.6,52.48,55.88,55.81,54.72,48.37,46.49,47.33
HOBART-ELLERSLIE-ROAD,94029,-42.89,147.33,r1i1p1,rcp85,ACCESS1-0,2060-2079,54.18,50.81,55.35,59.16,51.54,51.7,56.73,51.28,50.42,52.4,54.24,59.42,62.44,60.07,54.97,53.03,50.46,51.11,50.37
KALGOORLIE-BOULDER-AIRPORT,12038,-30.78,121.45,r1i1p1,rcp85,ACCESS1-0,2060-2079,31.57,24.36,36.05,41.31,24.67,26.7,36.35,22,27.35,29.49,35.26,42.43,45.86,42.76,35.3,28.03,23.72,22.25,23.19
LAUNCESTON-AIRPORT-COMPARISON,91104,-41.54,147.2,r1i1p1,rcp85,ACCESS1-0,2060-2079,54.52,44.34,53.66,67.45,52.75,46.56,62.55,44.34,44.06,44.67,52.82,63.5,69.97,69.25,63.12,57.33,52.15,48.78,44.23
LAVERTON-RAAF,87031,-37.86,144.76,r1i1p1,rcp85,ACCESS1-0,2060-2079,54.9,49.27,55.03,62.14,53.09,50.35,59.36,49.98,47.87,50.98,53.41,60.7,64.84,62.64,58.94,56.51,52.5,50.26,50.12
MACKAY-M.O,33119,-21.12,149.22,r1i1p1,rcp85,ACCESS1-0,2060-2079,68.82,69.32,71.66,69.44,64.88,69.35,68.3,68.36,71.77,70.22,73.25,71.52,69.26,71.87,67.2,63.79,66.16,64.68,67.77
MEEKATHARRA-AIRPORT,7045,-26.61,118.54,r1i1p1,rcp85,ACCESS1-0,2060-2079,23.41,17.72,26.12,33.09,16.54,19.18,27.55,14.53,23.22,20.61,26.89,30.86,39.24,35.15,24.89,19.49,15.65,14.46,15.5
MELBOURNE-AIRPORT,86282,-37.68,144.84,r1i1p1,rcp85,ACCESS1-0,2060-2079,51.61,43.96,51.82,60.94,49.59,45.6,57.49,44.33,42.81,46.6,49.88,58.97,63.97,62.22,56.63,53.87,49.31,45.59,45.11
MILDURA-AIRPORT,76031,-34.23,142.08,r1i1p1,rcp85,ACCESS1-0,2060-2079,35.66,25.84,36.56,50.12,30.11,27.67,43.66,25.65,26.33,29.81,34.11,45.76,52.76,52.91,44.68,36.28,29.57,24.48,25.57
MOREE-AERO,53115,-29.49,149.85,r1i1p1,rcp85,ACCESS1-0,2060-2079,34.83,31.54,36.76,42.42,28.35,32.23,37.34,32.45,33.31,33.6,36.34,40.34,43.24,46.46,37.56,29.63,26.83,28.59,29.57
MOUNT-GAMBIER-AERO,26021,-37.75,140.77,r1i1p1,rcp85,ACCESS1-0,2060-2079,57,45.63,56.1,69.45,56.94,48.27,65.81,44.52,43.3,48.68,53.75,65.87,73.06,70.3,65,62.32,58.32,50.19,48.66
MOUNT-ISA-AERO,29127,-20.68,139.49,r1i1p1,rcp85,ACCESS1-0,2060-2079,23.81,31.33,26.5,21.29,16.05,27.98,19.61,31.76,36.24,29.97,24.55,24.99,23.7,24.76,15.4,13.48,15.32,19.37,26.19
NOWRA-RAN-AIR-STATION-AWS,68072,-34.95,150.54,r1i1p1,rcp85,ACCESS1-0,2060-2079,56.85,60.77,60.63,52.75,52.91,60.14,53.53,62.46,60.95,61.66,60.36,59.85,55.03,54.11,49.12,49.61,53.26,56.1,59.29
PERTH-AIRPORT,9021,-31.93,115.98,r1i1p1,rcp85,ACCESS1-0,2060-2079,43.88,34.3,41.79,54.61,44.97,36.79,51.1,33.33,32.21,35.24,41.78,48.34,56.15,55.95,51.75,50.07,44.36,40.49,36.91
PORT-HEDLAND-AIRPORT,4032,-20.37,118.63,r1i1p1,rcp85,ACCESS1-0,2060-2079,39.06,51.03,37.65,31.77,35.92,45.24,32.98,51.68,53.75,43.4,36.29,33.27,35.18,30.3,29.84,32.6,36.72,38.45,47.27
RICHMOND-RAAF,67105,-33.6,150.78,r1i1p1,rcp85,ACCESS1-0,2060-2079,47.16,48.65,53.17,46.42,40.28,49.11,45.23,49.01,50.26,53.25,52.13,54.14,49.86,48.4,41.01,38.42,39.53,42.9,47.06
ROCKHAMPTON-AERO,39083,-23.38,150.48,r1i1p1,rcp85,ACCESS1-0,2060-2079,44.78,49.86,48.18,41.37,39.77,48.5,41.11,49.38,52.22,48.23,49.48,46.84,42.98,42.55,38.57,35.07,40.67,43.56,47.81
SYDNEY-AIRPORT-AMO,66037,-33.94,151.17,r1i1p1,rcp85,ACCESS1-0,2060-2079,55.95,59.55,61.1,51.61,51.45,59.4,52.53,61.07,59.84,61.89,61.35,60.07,53.9,53.05,47.89,49.71,50.59,54.06,58.04
TENNANT-CREEK-AIRPORT,15135,-19.64,134.18,r1i1p1,rcp85,ACCESS1-0,2060-2079,22.11,28.84,23.82,19.61,16.19,25.76,18.45,28.06,33.19,26.72,21.92,22.83,22.46,22.71,13.65,12.7,16.34,19.53,25.18
TOWNSVILLE-AERO,32040,-19.25,146.77,r1i1p1,rcp85,ACCESS1-0,2060-2079,56.64,62.9,57,51.3,55.29,60.65,52.6,62.36,65.27,59.37,57.96,53.67,51.01,52.41,50.49,51,57.05,57.84,61.31
WAGGA-WAGGA-AMO,72150,-35.16,147.46,r1i1p1,rcp85,ACCESS1-0,2060-2079,41.97,26.96,40.12,60.65,39.95,30.08,53.73,26.54,26.88,32.35,37.73,50.27,62.81,63.35,55.78,49.69,40.48,29.67,28.06
WILLIAMTOWN-RAAF,61078,-32.79,151.84,r1i1p1,rcp85,ACCESS1-0,2060-2079,55.94,57.18,61.5,53.74,51.31,57.96,53.99,57.3,58.87,62.02,60.56,61.93,56.75,55.19,49.28,49.35,51.43,53.15,55.43
WOOMERA-AERODROME,16001,-31.16,136.81,r1i1p1,rcp85,ACCESS1-0,2060-2079,28.37,21.19,29.81,39.86,22.57,22.66,34.09,19.93,22.59,25.07,27.41,36.95,43.82,41.26,34.5,25.03,23.01,19.68,21.21
ADELAIDE-KENT-TOWN,23090,-34.92,138.62,r1i1p1,rcp85,ACCESS1-0,2080-2099,46.12,36.93,47.34,57.55,42.78,39.42,52.9,36.75,35.85,42.98,45,54.04,60.36,58.98,53.31,47.47,43.27,37.59,37.8
ALBANY-AIRPORT-COMPARISON,9741,-34.94,117.8,r1i1p1,rcp85,ACCESS1-0,2080-2099,62.08,57.21,61.89,65.86,63.38,59.07,65.17,56.54,56.11,59.84,60.79,65.02,67.35,66.55,63.67,64.37,64.07,61.69,58.9
ALICE-SPRINGS-AIRPORT,15590,-23.8,133.89,r1i1p1,rcp85,ACCESS1-0,2080-2099,21.33,20.2,23.11,27.83,13.98,19.36,23.21,19.34,21.47,17.88,22.58,28.87,33.87,30.75,18.87,11.61,15.29,15.04,20.38
AMBERLEY-AMO,40004,-27.63,152.71,r1i1p1,rcp85,ACCESS1-0,2080-2099,43.47,49.24,48.82,39.66,36.26,47.8,39.21,47.66,52.55,48.67,48.5,49.29,44.37,40.85,33.75,30.73,36.29,41.77,47.22
BRISBANE-AERO,40842,-27.39,153.13,r1i1p1,rcp85,ACCESS1-0,2080-2099,56.47,61.46,59.6,51.09,53.62,60.17,52.66,60.6,63.03,59.88,60.02,58.89,53.75,52.42,47.11,48.89,54.89,57.07,61.06
BROOME-AIRPORT,3003,-17.95,122.23,r1i1p1,rcp85,ACCESS1-0,2080-2099,49.52,65.25,45.55,32.01,55.2,59.77,39.26,64.7,68.08,59.08,43.14,34.44,33.31,29.24,33.5,47.75,57.3,60.55,63.18
CAIRNS-AERO,31011,-16.87,145.75,r1i1p1,rcp85,ACCESS1-0,2080-2099,62.94,67.87,65.02,59.55,59.45,66.13,59.89,67.74,69.47,65.89,64.96,64.21,61.87,60.42,56.35,55.67,60.81,61.87,66.06
CANBERRA-AIRPORT-COMPARISON,70014,-35.3,149.2,r1i1p1,rcp85,ACCESS1-0,2080-2099,44.08,38.56,45.09,53.18,39.73,39.6,48.66,39.75,37.92,39.87,43.9,51.52,57.92,55.07,46.54,42.23,38.67,38.27,37.24
CARNARVON-AIRPORT,6011,-24.89,113.67,r1i1p1,rcp85,ACCESS1-0,2080-2099,53.01,57.33,54.44,48.61,51.61,56.1,49.92,58.22,56.49,56.09,55.84,51.4,48.5,49.12,48.21,50.95,51.32,52.54,57.49
CEDUNA-AMO,18012,-32.13,133.7,r1i1p1,rcp85,ACCESS1-0,2080-2099,46,45.18,46.26,50.34,42.34,44.53,47.55,44.96,45.02,45.49,45.18,48.11,52.05,51.27,47.68,43.74,42.45,40.83,45.17
CHARLEVILLE-AERO,44021,-26.42,146.25,r1i1p1,rcp85,ACCESS1-0,2080-2099,25.79,27.82,28.14,29.74,17.57,26.49,25.29,27.85,31.48,24.04,28.47,31.91,34.5,32.47,22.25,15.47,15.11,22.14,23.75
COBAR-MO,48027,-31.49,145.83,r1i1p1,rcp85,ACCESS1-0,2080-2099,30.57,25.58,34.5,41.49,20.96,26.84,34.54,27.22,26.55,29.38,33.58,40.54,45.18,45.4,33.89,22.79,19.46,20.62,22.23
COFFS-HARBOUR-MO,59040,-30.31,153.12,r1i1p1,rcp85,ACCESS1-0,2080-2099,61.71,67.58,65.9,54.69,58.77,66.64,56.83,67.43,68.34,67.56,66.15,63.98,57.79,55.42,50.85,54.22,58.73,63.38,66.68
DARWIN-AIRPORT,14015,-12.42,130.89,r1i1p1,rcp85,ACCESS1-0,2080-2099,51.74,68.67,51.42,36.29,50.46,62.88,40.56,69.26,71.48,64.87,49.78,39.6,35.42,36.3,37.16,44.47,50.39,56.54,65.59
DUBBO-AIRPORT-AWS,65070,-32.22,148.58,r1i1p1,rcp85,ACCESS1-0,2080-2099,39.75,34.3,41.18,52.01,31.66,34.78,44.95,36.04,33.47,35.6,39.37,48.57,54.59,55.6,45.65,35.83,28.38,30.29,32.57
EAST-SALE-AIRPORT,85072,-38.12,147.13,r1i1p1,rcp85,ACCESS1-0,2080-2099,54.32,50.91,55.64,59.38,51.65,51.75,57.17,50.94,49.53,52.51,54.02,60.39,63.08,60.89,54.16,53.09,51.44,50.42,51.33
ESPERANCE,9789,-33.83,121.89,r1i1p1,rcp85,ACCESS1-0,2080-2099,57.26,57.59,58.09,57.63,55.71,57.37,57.16,57.53,57.26,57.64,57.96,58.67,59.89,58.45,54.56,56.71,54.69,55.74,58.05
GERALDTON-AIRPORT-COMPARISON,8051,-28.8,114.7,r1i1p1,rcp85,ACCESS1-0,2080-2099,48.78,44.2,45.97,55.21,49.67,44.62,52.95,44.41,41.54,43.41,45.63,48.86,52.73,56.66,56.25,54.51,48.69,45.8,46.91
HOBART-ELLERSLIE-ROAD,94029,-42.89,147.33,r1i1p1,rcp85,ACCESS1-0,2080-2099,53.41,50.08,54.71,58.55,50.65,51.1,55.91,50.34,49.76,51.7,54.09,58.32,62.28,58.9,54.46,51.37,50.14,50.43,49.11
KALGOORLIE-BOULDER-AIRPORT,12038,-30.78,121.45,r1i1p1,rcp85,ACCESS1-0,2080-2099,31.03,24.16,36.28,40.67,23.11,26.86,35.17,22.73,25.75,29.45,37.69,40.73,45.62,41.96,34.43,26.58,21.72,21.02,23.49
LAUNCESTON-AIRPORT-COMPARISON,91104,-41.54,147.2,r1i1p1,rcp85,ACCESS1-0,2080-2099,53.65,43.16,53.11,66.71,51.8,45.65,61.71,43.09,43.17,43.77,53,62.55,69.74,67.95,62.45,55.83,51.73,47.83,42.69
LAVERTON-RAAF,87031,-37.86,144.76,r1i1p1,rcp85,ACCESS1-0,2080-2099,54.16,49.69,55.51,61.25,50.44,50.59,57.93,51.4,48.33,52,53.69,60.83,64.58,62,57.17,53.02,49.96,48.35,48.54
MACKAY-M.O,33119,-21.12,149.22,r1i1p1,rcp85,ACCESS1-0,2080-2099,69.07,69.83,71.57,70.34,64.77,69.34,69.04,69.16,71.6,69.74,71.95,73.02,71.59,72.23,67.2,63.58,66.62,64.11,68.06
MEEKATHARRA-AIRPORT,7045,-26.61,118.54,r1i1p1,rcp85,ACCESS1-0,2080-2099,22.63,17.07,26.44,31.84,14.97,19.12,26.09,14.62,21.2,21.14,28.44,29.73,38.32,32.72,24.49,17.54,13.73,13.64,15.64
MELBOURNE-AIRPORT,86282,-37.68,144.84,r1i1p1,rcp85,ACCESS1-0,2080-2099,50.71,44.51,52.22,59.94,46.48,45.87,55.81,45.85,43.53,47.67,50.18,58.83,63.42,61.58,54.83,50.05,46.19,43.21,43.23
MILDURA-AIRPORT,76031,-34.23,142.08,r1i1p1,rcp85,ACCESS1-0,2080-2099,34.55,25.75,36.91,48.89,26.77,27.25,41.96,25.95,26.36,30.39,33.94,46.41,52.99,52.23,41.45,33.07,25.61,21.62,24.54
MOREE-AERO,53115,-29.49,149.85,r1i1p1,rcp85,ACCESS1-0,2080-2099,33.25,33.73,34.88,40.18,24.41,32.43,34.2,34.7,34.61,31.11,34.64,38.89,43.54,44.11,32.91,24.22,21.53,27.49,31.21
MOUNT-GAMBIER-AERO,26021,-37.75,140.77,r1i1p1,rcp85,ACCESS1-0,2080-2099,56.64,46.08,56.44,68.79,55.51,48.61,64.87,45.59,43.84,49.1,54.02,66.19,72.72,70.07,63.57,59.71,56.97,49.84,48.09
MOUNT-ISA-AERO,29127,-20.68,139.49,r1i1p1,rcp85,ACCESS1-0,2080-2099,22.79,31.94,23.9,20.18,15.1,27.15,18.41,32.19,34.78,24.84,22.61,24.24,23.71,22.62,14.22,11.73,13.94,19.64,29.02
NOWRA-RAN-AIR-STATION-AWS,68072,-34.95,150.54,r1i1p1,rcp85,ACCESS1-0,2080-2099,55.99,62.16,59.96,51.32,50.44,60.57,51.5,64.12,62.52,61.3,59.16,59.43,55.11,52.73,46.13,45.64,49.66,56.15,59.35
PERTH-AIRPORT,9021,-31.93,115.98,r1i1p1,rcp85,ACCESS1-0,2080-2099,43.74,33.46,42.26,54.56,44.64,36.3,51.2,32.4,32.33,35.99,42.27,48.5,55.92,56.06,51.69,51.02,44.02,38.88,35.84
PORT-HEDLAND-AIRPORT,4032,-20.37,118.63,r1i1p1,rcp85,ACCESS1-0,2080-2099,39.6,50.98,38.82,31.94,36.46,45.63,33.54,51.4,53.45,43.32,37.52,35.62,36.36,30.07,29.4,33.24,36.56,39.6,48.65
RICHMOND-RAAF,67105,-33.6,150.78,r1i1p1,rcp85,ACCESS1-0,2080-2099,46.26,50.3,52.2,44.88,37.87,49.64,43,51.15,51.7,52.5,50.81,53.28,50.25,46.73,37.66,34.33,35.74,43.54,47.43
ROCKHAMPTON-AERO,39083,-23.38,150.48,r1i1p1,rcp85,ACCESS1-0,2080-2099,44.66,50.12,47.67,41.81,39.2,48.27,41.22,49.75,52.37,47.33,48.57,47.12,44.97,42.55,37.9,34.4,40.37,42.83,47.72
SYDNEY-AIRPORT-AMO,66037,-33.94,151.17,r1i1p1,rcp85,ACCESS1-0,2080-2099,55.29,60.68,60.68,50.41,49.6,59.89,50.82,62.34,61.02,61.65,60.47,59.9,54.56,51.88,44.8,45.96,47.84,55.02,58.09
TENNANT-CREEK-AIRPORT,15135,-19.64,134.18,r1i1p1,rcp85,ACCESS1-0,2080-2099,21.28,29.28,21.49,18.49,15.73,24.97,17.5,29.22,31.05,21.88,20.41,22.19,22.14,20.6,12.74,11.62,15.71,19.86,27.92
TOWNSVILLE-AERO,32040,-19.25,146.77,r1i1p1,rcp85,ACCESS1-0,2080-2099,56.52,62.74,56.46,51.59,55.4,60.18,52.98,62.94,64.03,58.08,56.61,54.68,52.27,52.12,50.37,51.02,57.4,57.79,60.91
WAGGA-WAGGA-AMO,72150,-35.16,147.46,r1i1p1,rcp85,ACCESS1-0,2080-2099,40.12,28.16,39.27,58.2,35.16,29.9,50.51,28.95,27.53,30.78,37.24,49.8,61.25,61.13,52.2,44.78,33.89,26.79,27.09
WILLIAMTOWN-RAAF,61078,-32.79,151.84,r1i1p1,rcp85,ACCESS1-0,2080-2099,55.27,58.39,60.55,52.83,49.5,58.33,52.33,58.85,60.21,61.01,59.58,61.06,57.39,54.71,46.39,45.71,48.7,54.09,55.51
WOOMERA-AERODROME,16001,-31.16,136.81,r1i1p1,rcp85,ACCESS1-0,2080-2099,26.89,19.97,29.36,38.66,19.65,21.44,32.41,19.57,20.61,24,27.47,36.61,43.83,40.24,31.9,22.51,19.39,17.05,19.54
ADELAIDE-KENT-TOWN,23090,-34.92,138.62,r1i1p1,rcp85,CESM1-CAM5,2020-2039,48.14,38.29,48.75,59.15,46.31,41.1,55.15,36.85,37.44,42.13,47.99,56.14,61.22,60.72,55.49,51.24,46.1,41.58,40.74
ALBANY-AIRPORT-COMPARISON,9741,-34.94,117.8,r1i1p1,rcp85,CESM1-CAM5,2020-2039,61.98,56.68,60.38,66.91,64.01,58.37,65.68,55.85,55.68,57.82,59.63,63.7,68.39,67.09,65.25,65.1,64.51,62.43,58.35
ALICE-SPRINGS-AIRPORT,15590,-23.8,133.89,r1i1p1,rcp85,CESM1-CAM5,2020-2039,24.05,23.66,26.77,28.04,17.81,22.58,25.55,19.63,25.73,21.56,24.35,34.39,35.44,26.87,21.81,16.69,18.12,18.62,25.33
AMBERLEY-AMO,40004,-27.63,152.71,r1i1p1,rcp85,CESM1-CAM5,2020-2039,43.68,48.15,49.36,39.55,37.68,47.64,39.74,47.54,50.57,49.9,49.02,49.16,44.27,38.41,35.95,32.86,37.81,42.37,46.25
BRISBANE-AERO,40842,-27.39,153.13,r1i1p1,rcp85,CESM1-CAM5,2020-2039,55.42,59.38,59.2,49.77,53.31,59.05,51.73,59.71,59.55,59.91,60,57.67,52.59,48.34,48.39,49.22,54.17,56.53,58.96
BROOME-AIRPORT,3003,-17.95,122.23,r1i1p1,rcp85,CESM1-CAM5,2020-2039,48.56,65.26,45.83,31.15,52,58.97,38.19,65.12,66.77,59.55,41.84,36.11,31.45,29.61,32.41,45.84,53.72,56.44,63.91
CAIRNS-AERO,31011,-16.87,145.75,r1i1p1,rcp85,CESM1-CAM5,2020-2039,62.71,67.16,65.93,59.29,58.41,65.84,59.6,65.93,69.96,65.17,66.22,66.4,63.04,57.02,57.82,54.68,58.62,61.94,65.72
CANBERRA-AIRPORT-COMPARISON,70014,-35.3,149.2,r1i1p1,rcp85,CESM1-CAM5,2020-2039,46.28,37.05,47.01,55.63,45.3,40.21,52.28,36.05,38.67,41,46.09,53.94,59.86,56.37,50.65,48.42,44.46,43.01,36.84
CARNARVON-AIRPORT,6011,-24.89,113.67,r1i1p1,rcp85,CESM1-CAM5,2020-2039,53.32,56.54,54.74,50.71,51.32,55.69,50.97,57.04,57.08,55.66,55.69,52.86,50.26,51.67,50.19,49.82,51.05,53.09,55.4
CEDUNA-AMO,18012,-32.13,133.7,r1i1p1,rcp85,CESM1-CAM5,2020-2039,46.18,45.51,45.81,49.37,44.03,45.05,47.31,43.3,47.01,44.7,45.87,46.87,50.36,49.66,48.09,45.62,43.26,43.21,46.18
CHARLEVILLE-AERO,44021,-26.42,146.25,r1i1p1,rcp85,CESM1-CAM5,2020-2039,28.53,27.68,32.15,32.26,21.85,27.72,29.2,26.59,32.11,27.13,32.76,36.56,37.73,32.16,26.89,20.5,21.37,23.69,24.82
COBAR-MO,48027,-31.49,145.83,r1i1p1,rcp85,CESM1-CAM5,2020-2039,34.32,25.08,37.94,45.25,28.94,28.57,40.05,23.94,27.91,31.16,37.37,45.28,49.47,47.22,39.07,31.42,27.84,27.56,23.59
COFFS-HARBOUR-MO,59040,-30.31,153.12,r1i1p1,rcp85,CESM1-CAM5,2020-2039,61.76,66.54,66.31,54.85,59.35,66.51,57.03,66.68,66.78,68.62,66.59,63.7,58.08,53.57,52.9,54.97,58.95,64.14,66.15
DARWIN-AIRPORT,14015,-12.42,130.89,r1i1p1,rcp85,CESM1-CAM5,2020-2039,53.79,70.58,54.41,37.5,52.77,64.56,43.11,71.05,73.49,65.86,52.03,45.35,36.85,37.34,38.3,47.8,53.01,57.49,66.95
DUBBO-AIRPORT-AWS,65070,-32.22,148.58,r1i1p1,rcp85,CESM1-CAM5,2020-2039,43.08,33.36,44.56,54.76,39.28,36.32,49.9,33.34,35.62,38.28,42.91,52.5,57.22,56.7,50.29,44.93,36.83,35.6,31.39
EAST-SALE-AIRPORT,85072,-38.12,147.13,r1i1p1,rcp85,CESM1-CAM5,2020-2039,55.58,49.97,56.58,60.1,55.62,52.11,59.02,48.76,49.66,52.46,55.32,61.96,62.56,61.59,56.14,57.05,54.81,55.01,51.67
ESPERANCE,9789,-33.83,121.89,r1i1p1,rcp85,CESM1-CAM5,2020-2039,57.08,56.86,56.91,58.02,56.63,56.63,57.56,56.45,56.77,56.23,56.42,58.07,59,58.46,56.62,57.66,55.56,56.67,57
GERALDTON-AIRPORT-COMPARISON,8051,-28.8,114.7,r1i1p1,rcp85,CESM1-CAM5,2020-2039,48.46,44.49,45.55,55.59,48.31,44.55,52.44,44.52,42.52,43.06,45.35,48.24,52.62,57.56,56.59,52.35,47.29,45.29,46.16
HOBART-ELLERSLIE-ROAD,94029,-42.89,147.33,r1i1p1,rcp85,CESM1-CAM5,2020-2039,55.31,51.6,56.62,60.12,52.99,52.83,57.85,52.1,50.95,53.15,56.25,60.47,62.82,61.27,56.27,54.1,52.13,52.73,51.41
KALGOORLIE-BOULDER-AIRPORT,12038,-30.78,121.45,r1i1p1,rcp85,CESM1-CAM5,2020-2039,32.18,25.23,37.09,41.79,24.7,27.36,36.9,21.92,30.34,30.72,35.78,43.82,45.59,43.04,36.76,29.18,23.04,21.88,22.8
LAUNCESTON-AIRPORT-COMPARISON,91104,-41.54,147.2,r1i1p1,rcp85,CESM1-CAM5,2020-2039,55.77,45.31,54.98,68.3,54.61,47.9,63.71,45.32,44.87,45.65,54.67,64.62,70.27,70.38,64.24,58.38,54.35,51.09,45.35
LAVERTON-RAAF,87031,-37.86,144.76,r1i1p1,rcp85,CESM1-CAM5,2020-2039,55.27,48.92,55.62,61.84,54.65,50.76,59.69,48.81,48.11,50.36,54.72,61.77,63.73,62.8,58.98,57.24,53.61,53.09,50.01
MACKAY-M.O,33119,-21.12,149.22,r1i1p1,rcp85,CESM1-CAM5,2020-2039,68.54,69.17,72.47,69.19,63.35,68.94,68.16,69.04,70.8,68.21,73.46,75.76,71.45,66.61,69.53,60.52,65.08,64.44,67.62
MEEKATHARRA-AIRPORT,7045,-26.61,118.54,r1i1p1,rcp85,CESM1-CAM5,2020-2039,24.88,19.64,28.81,34.82,16.08,21.01,28.66,16.59,25.08,24.87,29.01,32.55,39.61,36.62,28.23,19.73,15.21,13.3,17.37
MELBOURNE-AIRPORT,86282,-37.68,144.84,r1i1p1,rcp85,CESM1-CAM5,2020-2039,52.15,43.75,52.55,60.77,51.38,46.17,57.99,43.36,43.02,46.06,51.43,60.18,63.04,62.46,56.82,54.9,50.57,48.67,45.25
MILDURA-AIRPORT,76031,-34.23,142.08,r1i1p1,rcp85,CESM1-CAM5,2020-2039,37.22,26.75,39.76,49.73,32.65,29.67,44.79,24.88,28.57,32.01,37.46,49.81,53.88,51.77,43.53,38.06,31.66,28.21,26.82
MOREE-AERO,53115,-29.49,149.85,r1i1p1,rcp85,CESM1-CAM5,2020-2039,35.82,32.95,37.24,42.88,29.98,33.32,38.24,33.61,35.05,34.04,36.44,41.23,45.2,44.87,38.59,31.17,28.41,30.36,30.93
MOUNT-GAMBIER-AERO,26021,-37.75,140.77,r1i1p1,rcp85,CESM1-CAM5,2020-2039,57.24,45.41,56.37,69.6,57.73,48.51,66.07,44.48,43.1,47.58,54.62,66.91,72.32,71.44,65.04,62.18,58.54,52.47,48.23
MOUNT-ISA-AERO,29127,-20.68,139.49,r1i1p1,rcp85,CESM1-CAM5,2020-2039,25.52,32.45,28.42,22.91,18.24,29.04,21.97,31.24,35.98,28.66,26.29,30.32,29.27,21.44,18.01,14.53,18.26,21.93,30.37
NOWRA-RAN-AIR-STATION-AWS,68072,-34.95,150.54,r1i1p1,rcp85,CESM1-CAM5,2020-2039,57.09,60.26,60.78,53.13,53.89,60.34,53.82,60.7,62.59,61.36,60.46,60.5,56.32,53.58,49.48,49.7,53.12,59.02,57.87
PERTH-AIRPORT,9021,-31.93,115.98,r1i1p1,rcp85,CESM1-CAM5,2020-2039,44.49,34.34,42.65,55.96,45.15,37.04,52.06,33.11,32.75,36.14,43.4,48.41,57.14,57.32,53.42,50.61,45.45,39.38,36.72
PORT-HEDLAND-AIRPORT,4032,-20.37,118.63,r1i1p1,rcp85,CESM1-CAM5,2020-2039,37.99,50.4,37.03,30.19,34.49,44.44,31.65,51.68,52.19,42.55,34.3,34.25,32.68,29.98,27.91,30.16,34.91,38.38,46.93
RICHMOND-RAAF,67105,-33.6,150.78,r1i1p1,rcp85,CESM1-CAM5,2020-2039,47.33,48.19,53.24,46.92,40.86,49.11,45.58,47.45,51.72,52.6,51.9,55.24,52.03,47.67,41.06,38.29,39.15,45.14,45.76
ROCKHAMPTON-AERO,39083,-23.38,150.48,r1i1p1,rcp85,CESM1-CAM5,2020-2039,45.87,50.79,50.3,42.04,40.43,49.63,42.17,50.46,52.47,49.59,51.6,49.7,45.94,39.65,40.53,35.41,41.81,44.08,49.25
SYDNEY-AIRPORT-AMO,66037,-33.94,151.17,r1i1p1,rcp85,CESM1-CAM5,2020-2039,55.92,58.84,61.26,51.96,51.52,59.35,52.53,59.56,60.79,61.6,61.31,60.88,55.89,52.08,47.92,48.52,49.89,56.15,56.46
TENNANT-CREEK-AIRPORT,15135,-19.64,134.18,r1i1p1,rcp85,CESM1-CAM5,2020-2039,23.37,30.24,24.6,20.86,17.83,26.25,20.48,28.49,33.48,25.08,21.74,26.99,26.13,20.38,16.05,14.82,18.51,20.16,28.62
TOWNSVILLE-AERO,32040,-19.25,146.77,r1i1p1,rcp85,CESM1-CAM5,2020-2039,56.89,62.97,58.89,51.18,54.43,61.01,52.72,61.5,66.09,58.94,59.46,58.26,52.83,48.83,51.88,49.32,55.21,58.74,61.56
WAGGA-WAGGA-AMO,72150,-35.16,147.46,r1i1p1,rcp85,CESM1-CAM5,2020-2039,44.29,27.95,43.09,61.57,44.33,32.32,56.12,26.14,30,34.37,40.74,54.15,64.47,63.49,56.75,54.1,43.75,35.13,28.32
WILLIAMTOWN-RAAF,61078,-32.79,151.84,r1i1p1,rcp85,CESM1-CAM5,2020-2039,55.61,56.95,61.21,53.72,50.54,57.91,53.38,56.79,59.29,61.37,60.43,61.83,58.38,54.21,48.58,47.57,49.72,54.33,54.84
WOOMERA-AERODROME,16001,-31.16,136.81,r1i1p1,rcp85,CESM1-CAM5,2020-2039,28.93,22.27,30.79,38.73,23.88,23.78,34.09,19.52,23.08,24.97,29.3,38.11,42.98,39.18,34.02,26.7,23.55,21.37,24.36
ADELAIDE-KENT-TOWN,23090,-34.92,138.62,r1i1p1,rcp85,CESM1-CAM5,2040-2059,47.55,37.36,48.16,59.18,45.45,40.16,54.92,36.38,36.16,42.22,46.55,55.71,62.02,60.1,55.43,50.5,45.78,40.08,39.71
ALBANY-AIRPORT-COMPARISON,9741,-34.94,117.8,r1i1p1,rcp85,CESM1-CAM5,2040-2059,61.62,55.86,60.34,66.74,63.6,58.01,65.31,54.85,54.63,57.17,60.78,63.08,68.05,67.3,64.87,64.94,63.59,62.27,57.93
ALICE-SPRINGS-AIRPORT,15590,-23.8,133.89,r1i1p1,rcp85,CESM1-CAM5,2040-2059,21.67,22.41,22.41,26.41,15.53,20.37,23,19.42,24.18,17.81,20.08,29.35,31.49,26.86,20.87,14.05,15.38,17.14,23.37
AMBERLEY-AMO,40004,-27.63,152.71,r1i1p1,rcp85,CESM1-CAM5,2040-2059,43.1,48.07,48.24,38.66,37.45,47.07,39.15,47.01,51.66,48.89,47.61,48.22,43.43,37.79,34.76,32.65,38.07,41.62,45.47
BRISBANE-AERO,40842,-27.39,153.13,r1i1p1,rcp85,CESM1-CAM5,2040-2059,54.92,59.5,58.13,48.83,53.2,58.63,51.15,59.31,60.96,59.06,58.54,56.78,51.76,47.79,46.95,48.96,54.64,55.99,58.32
BROOME-AIRPORT,3003,-17.95,122.23,r1i1p1,rcp85,CESM1-CAM5,2040-2059,47.95,64.15,45.14,31.41,51.1,58.03,37.9,64.99,66.3,59.24,41.71,34.45,29.67,30.64,33.91,45.06,53.69,54.56,61.18
CAIRNS-AERO,31011,-16.87,145.75,r1i1p1,rcp85,CESM1-CAM5,2040-2059,62.25,67.17,65.63,58.53,57.64,65.75,58.76,66.16,70.72,66.43,65.68,64.77,62.21,56.89,56.48,54.04,58.17,60.7,64.72
CANBERRA-AIRPORT-COMPARISON,70014,-35.3,149.2,r1i1p1,rcp85,CESM1-CAM5,2040-2059,46.5,37.73,46.67,55.79,45.66,40.43,52.5,36.58,39.59,41.02,45.62,53.38,59.76,57.09,50.53,48.39,45.84,42.74,37.43
CARNARVON-AIRPORT,6011,-24.89,113.67,r1i1p1,rcp85,CESM1-CAM5,2040-2059,52.92,56.64,54.08,49.03,51.96,55.85,50.02,57.39,56.37,55.03,56.17,51.05,48.1,50.64,48.34,50.01,51.98,53.88,56.09
CEDUNA-AMO,18012,-32.13,133.7,r1i1p1,rcp85,CESM1-CAM5,2040-2059,45.49,44.83,45.29,49.05,42.81,44.21,46.78,43.56,45.84,44.74,44.3,46.82,49.93,49.76,47.45,44.27,42.44,41.73,45.06
CHARLEVILLE-AERO,44021,-26.42,146.25,r1i1p1,rcp85,CESM1-CAM5,2040-2059,27.53,27.66,29.66,31.77,20.9,26.79,28.16,26.82,33.42,25.56,29.65,33.76,37.12,32.08,26.1,19.45,20.43,22.83,23.18
COBAR-MO,48027,-31.49,145.83,r1i1p1,rcp85,CESM1-CAM5,2040-2059,33.26,25.3,35.77,44.42,27.49,27.58,38.92,24.48,28.64,30.63,33.26,43.41,48.51,46.72,38.03,29.6,27.26,25.62,23
COFFS-HARBOUR-MO,59040,-30.31,153.12,r1i1p1,rcp85,CESM1-CAM5,2040-2059,61.63,67.03,65.75,54.14,59.6,66.39,56.88,66.93,68.28,68.06,65.89,63.28,57.41,53.2,51.8,55.82,59.78,63.2,65.88
DARWIN-AIRPORT,14015,-12.42,130.89,r1i1p1,rcp85,CESM1-CAM5,2040-2059,52.89,70.31,53.12,37,51.22,64.11,41.76,70.84,73.63,66.22,50.98,42.15,35.37,36.78,38.86,45.72,51.66,56.28,66.21
DUBBO-AIRPORT-AWS,65070,-32.22,148.58,r1i1p1,rcp85,CESM1-CAM5,2040-2059,43.37,34.35,43.66,55.63,39.53,36.25,50.56,34.3,37.16,37.94,40.92,52.11,57.86,57.85,51.1,45.39,38.13,34.66,31.9
EAST-SALE-AIRPORT,85072,-38.12,147.13,r1i1p1,rcp85,CESM1-CAM5,2040-2059,55.19,49.37,56.33,60.02,54.98,51.65,58.7,49.12,49.06,52.91,55.58,60.5,62.67,61.46,55.94,56.72,54.92,53.3,50.12
ESPERANCE,9789,-33.83,121.89,r1i1p1,rcp85,CESM1-CAM5,2040-2059,56.15,55.17,55.53,57.68,56.35,55.36,56.99,53.76,54.82,53.74,56.87,55.99,58.67,58.38,56,57.33,55.57,56.15,56.57
GERALDTON-AIRPORT-COMPARISON,8051,-28.8,114.7,r1i1p1,rcp85,CESM1-CAM5,2040-2059,47.45,43.14,44.16,54.25,48.32,43.57,51.39,42.76,40.01,41.01,44.96,46.5,50.84,56.79,55.12,51.83,47.24,45.9,46.38
HOBART-ELLERSLIE-ROAD,94029,-42.89,147.33,r1i1p1,rcp85,CESM1-CAM5,2040-2059,55.13,51.1,56.79,59.94,52.81,52.58,57.75,52.39,50.15,52.97,56.72,60.69,62.83,60.64,56.36,53.66,52.34,52.44,50.41
KALGOORLIE-BOULDER-AIRPORT,12038,-30.78,121.45,r1i1p1,rcp85,CESM1-CAM5,2040-2059,29.08,21.26,33.18,39.32,22.61,23.81,34.25,19.42,23.38,25.75,33.22,39.57,42.02,40.97,34.98,27.05,20.91,19.89,20.53
LAUNCESTON-AIRPORT-COMPARISON,91104,-41.54,147.2,r1i1p1,rcp85,CESM1-CAM5,2040-2059,55.55,44.6,55.1,68.15,54.47,47.51,63.66,45.34,43.97,45.38,55.19,64.72,70.19,70.07,64.21,58.17,54.61,50.64,44.11
LAVERTON-RAAF,87031,-37.86,144.76,r1i1p1,rcp85,CESM1-CAM5,2040-2059,54.86,47.93,55.46,62.12,53.89,49.96,59.68,48.84,47.18,50.99,54.45,60.95,64.32,62.97,59.09,56.92,53.86,50.88,47.91
MACKAY-M.O,33119,-21.12,149.22,r1i1p1,rcp85,CESM1-CAM5,2040-2059,66.69,67.57,70.9,67.06,61.24,67.47,65.92,66.44,71.9,69.74,70.48,72.49,70.11,64.66,66.4,58.82,63.02,61.88,64.31
MEEKATHARRA-AIRPORT,7045,-26.61,118.54,r1i1p1,rcp85,CESM1-CAM5,2040-2059,22.04,16.66,25.04,32.17,14.13,17.93,26.07,15.52,20.31,20,25.62,29.51,35.5,34.39,26.61,17.22,13.18,11.99,14.2
MELBOURNE-AIRPORT,86282,-37.68,144.84,r1i1p1,rcp85,CESM1-CAM5,2040-2059,51.73,42.88,52.3,61.03,50.57,45.41,57.92,43.5,42.27,46.6,51.02,59.3,63.57,62.65,56.87,54.47,50.68,46.57,43.24
MILDURA-AIRPORT,76031,-34.23,142.08,r1i1p1,rcp85,CESM1-CAM5,2040-2059,35.84,25.69,37.76,49.27,30.65,28.07,43.63,25.14,27.35,30.69,34.51,48.08,53.19,51.8,42.82,36.05,29.84,26.05,24.6
MOREE-AERO,53115,-29.49,149.85,r1i1p1,rcp85,CESM1-CAM5,2040-2059,36.35,34.4,36.92,43.52,30.32,33.7,38.91,34.59,38.63,34.43,35.09,41.23,46.48,45.46,38.61,32.19,29.47,29.31,30.69
MOUNT-GAMBIER-AERO,26021,-37.75,140.77,r1i1p1,rcp85,CESM1-CAM5,2040-2059,56.81,44.43,56.15,69.85,56.95,47.63,66.08,44,41.68,47.54,54.29,66.61,72.78,71.67,65.1,61.48,58.82,50.53,47.21
MOUNT-ISA-AERO,29127,-20.68,139.49,r1i1p1,rcp85,CESM1-CAM5,2040-2059,23.96,32.07,24.95,22.04,16.72,27.56,20.33,30.98,36.71,26.74,22.27,25.85,26.95,21.33,17.85,13.65,16.37,20.14,28.74
NOWRA-RAN-AIR-STATION-AWS,68072,-34.95,150.54,r1i1p1,rcp85,CESM1-CAM5,2040-2059,57.22,60.79,60.28,53.28,54.22,60.34,54.07,60.91,63.36,60.73,59.99,60.13,56.22,54.06,49.57,50.15,54.16,58.58,58.49
PERTH-AIRPORT,9021,-31.93,115.98,r1i1p1,rcp85,CESM1-CAM5,2040-2059,42.76,31.82,40.51,55.29,43.57,34.95,50.69,31.29,29.24,33.49,41.82,46.22,55.58,57.41,52.87,49.01,43.03,38.67,34.49
PORT-HEDLAND-AIRPORT,4032,-20.37,118.63,r1i1p1,rcp85,CESM1-CAM5,2040-2059,36.93,49.15,36.18,28.97,33.53,43.22,30.73,51.32,51.15,41.9,33.76,32.88,30.27,28.83,27.82,29.45,35.13,36.03,44.59
RICHMOND-RAAF,67105,-33.6,150.78,r1i1p1,rcp85,CESM1-CAM5,2040-2059,47.35,48.77,52.62,46.88,41,49.03,45.68,47.78,52.63,51.85,51.13,54.88,51.75,47.76,41.15,38.76,39.78,44.45,46.28
ROCKHAMPTON-AERO,39083,-23.38,150.48,r1i1p1,rcp85,CESM1-CAM5,2040-2059,44.87,50.22,49.41,40.59,39.33,48.92,40.88,49.32,53.28,50.04,49.86,48.33,45,38.73,38.03,34.19,40.99,42.81,47.88
SYDNEY-AIRPORT-AMO,66037,-33.94,151.17,r1i1p1,rcp85,CESM1-CAM5,2040-2059,56.13,59.6,60.78,52.15,51.9,59.41,52.88,59.9,61.92,60.9,60.74,60.69,55.76,52.44,48.25,49.47,50.68,55.56,57.26
TENNANT-CREEK-AIRPORT,15135,-19.64,134.18,r1i1p1,rcp85,CESM1-CAM5,2040-2059,21.72,29.53,21.68,19.51,16.22,24.87,18.57,28.24,32.91,22.42,19.31,23.31,23,19.87,15.66,13.03,16.56,19.07,27.33
TOWNSVILLE-AERO,32040,-19.25,146.77,r1i1p1,rcp85,CESM1-CAM5,2040-2059,56.29,62.53,58.27,50.78,53.49,60.45,52.09,61.21,66.26,59.8,58.31,56.7,52.2,48.77,51.37,48.91,54.59,56.97,60.36
WAGGA-WAGGA-AMO,72150,-35.16,147.46,r1i1p1,rcp85,CESM1-CAM5,2040-2059,44.27,28.67,42.32,61.6,44.28,32.45,55.96,26.78,31.1,34.43,39.54,53,64.54,63.9,56.38,53.28,44.65,34.9,28.75
WILLIAMTOWN-RAAF,61078,-32.79,151.84,r1i1p1,rcp85,CESM1-CAM5,2040-2059,55.53,57.38,60.52,53.53,50.67,57.69,53.44,56.92,60.23,60.6,59.55,61.4,57.86,54.18,48.55,48.45,50.19,53.38,55.06
WOOMERA-AERODROME,16001,-31.16,136.81,r1i1p1,rcp85,CESM1-CAM5,2040-2059,27.04,20.84,28.03,37.65,21.59,21.73,32.36,19.67,21.55,22.88,25.64,35.56,41.35,38.83,32.75,24.27,21.39,19.12,21.45
ADELAIDE-KENT-TOWN,23090,-34.92,138.62,r1i1p1,rcp85,CESM1-CAM5,2060-2079,47.66,37.74,47.77,59.45,45.62,40.46,54.83,36.45,37.06,41.48,46.9,54.94,62.62,60.54,55.2,49.68,46.03,41.15,39.89
ALBANY-AIRPORT-COMPARISON,9741,-34.94,117.8,r1i1p1,rcp85,CESM1-CAM5,2060-2079,62.45,56.99,61.53,67.61,63.73,58.97,66.01,56.06,55.98,58.21,61.36,65.01,69.35,67.67,65.82,64.39,63.8,63,58.77
ALICE-SPRINGS-AIRPORT,15590,-23.8,133.89,r1i1p1,rcp85,CESM1-CAM5,2060-2079,23.12,23.3,24.54,27.34,17.39,21.96,24.32,18.76,25.27,18.51,24.82,30.3,33.43,28.05,20.55,14.92,18.67,18.59,25.58
AMBERLEY-AMO,40004,-27.63,152.71,r1i1p1,rcp85,CESM1-CAM5,2060-2079,43.44,48.3,48.43,39.31,37.76,47.43,39.48,47.04,51.57,49.14,48.04,48.1,44.24,38.15,35.53,33.22,37.63,42.44,46.19
BRISBANE-AERO,40842,-27.39,153.13,r1i1p1,rcp85,CESM1-CAM5,2060-2079,55.41,59.76,58.29,49.73,53.84,59.08,51.68,59.63,60.95,59.37,58.93,56.56,52.69,48.27,48.23,50.27,54.05,57.19,58.77
BROOME-AIRPORT,3003,-17.95,122.23,r1i1p1,rcp85,CESM1-CAM5,2060-2079,48.81,64.36,46.36,32.65,51.86,58.65,39,64.47,66.07,58.76,44.15,36.16,32.8,31.51,33.65,45.72,54.19,55.68,62.55
CAIRNS-AERO,31011,-16.87,145.75,r1i1p1,rcp85,CESM1-CAM5,2060-2079,62.93,67.68,66.03,59.35,58.61,66.45,59.42,66.75,70.02,66.35,66.94,64.81,63.25,57.34,57.45,55.33,58.35,62.16,66.38
CANBERRA-AIRPORT-COMPARISON,70014,-35.3,149.2,r1i1p1,rcp85,CESM1-CAM5,2060-2079,46,37.18,46.33,55.84,44.51,39.94,51.99,35.69,39.34,40.77,45.37,52.86,60.63,56.98,49.91,46.89,44.67,41.96,36.91
CARNARVON-AIRPORT,6011,-24.89,113.67,r1i1p1,rcp85,CESM1-CAM5,2060-2079,54.07,57.45,55.37,50.88,52.62,56.57,51.6,57.61,58.24,56.45,56.4,53.27,49.29,51.94,51.41,51.22,52.49,54.13,56.4
CEDUNA-AMO,18012,-32.13,133.7,r1i1p1,rcp85,CESM1-CAM5,2060-2079,45.92,44.76,45.72,49.87,43.35,44.49,47.35,42.7,46.41,44.67,45.89,46.6,51.57,50.3,47.74,44.98,42.92,42.14,45.15
CHARLEVILLE-AERO,44021,-26.42,146.25,r1i1p1,rcp85,CESM1-CAM5,2060-2079,27.65,27.58,30.3,31.05,21.52,27.23,27.94,25.04,32.29,26.46,30.59,33.86,37.34,30.97,24.85,19.72,20.92,23.91,25.91
COBAR-MO,48027,-31.49,145.83,r1i1p1,rcp85,CESM1-CAM5,2060-2079,34.14,26.26,36.65,45.97,27.62,28.39,39.87,23.95,30.14,30.59,34.84,44.54,50.59,48.68,38.63,29.18,27.62,26.07,24.91
COFFS-HARBOUR-MO,59040,-30.31,153.12,r1i1p1,rcp85,CESM1-CAM5,2060-2079,61.57,66.66,65.5,54.53,59.59,66.25,56.9,66.72,67.94,67.95,65.74,62.8,57.65,53.46,52.47,55.71,59.31,63.74,65.31
DARWIN-AIRPORT,14015,-12.42,130.89,r1i1p1,rcp85,CESM1-CAM5,2060-2079,53.57,70.56,54.1,36.97,52.72,64.67,42.55,71.27,73.31,65.51,53.03,43.76,37.19,37.26,36.46,47.08,53.52,57.56,66.83
DUBBO-AIRPORT-AWS,65070,-32.22,148.58,r1i1p1,rcp85,CESM1-CAM5,2060-2079,43.61,34.27,44.94,55.98,38.93,36.8,50.49,33.03,37.61,39.24,42.6,52.97,58.86,58.41,50.54,44.09,37.1,35.15,32.46
EAST-SALE-AIRPORT,85072,-38.12,147.13,r1i1p1,rcp85,CESM1-CAM5,2060-2079,54.95,49.89,55.57,59.87,54.41,51.6,58.27,49.04,50.27,52.27,54.12,60.33,63.38,60.87,55.37,54.94,54.74,53.54,50.56
ESPERANCE,9789,-33.83,121.89,r1i1p1,rcp85,CESM1-CAM5,2060-2079,56.84,56.49,56.86,58.04,56.11,56.5,57.23,55.58,56.04,55.04,57.99,57.54,59.4,58.37,56.36,56.55,55.16,56.61,57.49
GERALDTON-AIRPORT-COMPARISON,8051,-28.8,114.7,r1i1p1,rcp85,CESM1-CAM5,2060-2079,48.55,44.26,45.48,55.59,48.95,44.58,52.58,44.53,41.37,43.18,44.72,48.54,52.22,57.45,57.1,52.69,47.47,46.68,46.62
HOBART-ELLERSLIE-ROAD,94029,-42.89,147.33,r1i1p1,rcp85,CESM1-CAM5,2060-2079,54.83,51.12,56.22,59.75,52.34,52.33,57.39,51.98,50.18,52.9,55.48,60.29,63,60.49,55.77,52.79,51.98,52.23,50.86
KALGOORLIE-BOULDER-AIRPORT,12038,-30.78,121.45,r1i1p1,rcp85,CESM1-CAM5,2060-2079,30.68,23.33,35.66,40.59,23.26,25.92,35.37,20.17,26.72,28.24,35.84,41.86,43.9,41.62,36.25,27.18,21.4,21.19,22.54
LAUNCESTON-AIRPORT-COMPARISON,91104,-41.54,147.2,r1i1p1,rcp85,CESM1-CAM5,2060-2079,55.3,44.62,54.47,68.28,53.95,47.25,63.42,44.99,44.03,45.36,53.84,64.22,71.1,69.97,63.77,57.17,54.28,50.4,44.45
LAVERTON-RAAF,87031,-37.86,144.76,r1i1p1,rcp85,CESM1-CAM5,2060-2079,54.31,47.9,54.21,62,53.06,49.44,59.09,48.43,47.47,49.71,52.65,60.28,64.75,62.65,58.6,55.17,53.09,50.92,47.95
MACKAY-M.O,33119,-21.12,149.22,r1i1p1,rcp85,CESM1-CAM5,2060-2079,67,68.16,70.01,67.09,62.77,68.08,65.94,66,70.84,68.11,71.42,70.5,69.79,64.84,66.64,61.39,62.46,64.46,67.58
MEEKATHARRA-AIRPORT,7045,-26.61,118.54,r1i1p1,rcp85,CESM1-CAM5,2060-2079,23.62,17.79,27.62,33.53,15.37,19.72,27.43,15.06,22.78,22.27,28.8,31.79,36.81,35.89,27.88,17.93,14.29,13.89,15.61
MELBOURNE-AIRPORT,86282,-37.68,144.84,r1i1p1,rcp85,CESM1-CAM5,2060-2079,51.15,42.78,51.07,60.89,49.73,44.86,57.31,42.97,42.47,45.41,49.25,58.55,63.97,62.33,56.38,52.78,49.86,46.55,43.24
MILDURA-AIRPORT,76031,-34.23,142.08,r1i1p1,rcp85,CESM1-CAM5,2060-2079,35.7,25.77,36.73,49.63,30.66,27.86,43.55,24.3,27.83,29.54,33.95,46.71,53.93,52.11,42.84,35.55,30.17,26.25,25.2
MOREE-AERO,53115,-29.49,149.85,r1i1p1,rcp85,CESM1-CAM5,2060-2079,36.25,34.3,37.7,42.96,29.78,34.14,38.27,33.15,38.41,34.97,36.6,41.53,46.44,45.32,37.13,30.7,28.51,30.13,32.11
MOUNT-GAMBIER-AERO,26021,-37.75,140.77,r1i1p1,rcp85,CESM1-CAM5,2060-2079,56.95,45.09,55.91,70.16,56.77,47.95,66.04,44.3,42.96,47.13,53.85,66.76,73.7,71.54,65.24,60.61,58.39,51.31,47.62
MOUNT-ISA-AERO,29127,-20.68,139.49,r1i1p1,rcp85,CESM1-CAM5,2060-2079,24.68,32.29,26.44,21.76,18.17,28.75,20.58,30.12,36.07,27.16,25.56,26.6,27.34,20.93,17.02,14.65,16.92,22.92,30.91
NOWRA-RAN-AIR-STATION-AWS,68072,-34.95,150.54,r1i1p1,rcp85,CESM1-CAM5,2060-2079,57.09,60.59,60.13,53.45,53.86,60.31,53.84,60.61,63.66,60.93,59.94,59.52,57.11,54.11,49.13,49.29,53.7,58.8,57.88
PERTH-AIRPORT,9021,-31.93,115.98,r1i1p1,rcp85,CESM1-CAM5,2060-2079,43.64,32.97,41.81,56.22,43.7,35.88,51.53,31.87,31.27,35.01,41.67,48.76,57.21,57.84,53.61,49.24,42.5,39.37,35.35
PORT-HEDLAND-AIRPORT,4032,-20.37,118.63,r1i1p1,rcp85,CESM1-CAM5,2060-2079,37.8,49.62,36.94,30.28,34.5,43.88,31.82,50.67,51.93,41.17,35.19,34.48,32.1,30.23,28.5,29.89,35.73,37.88,45.87
RICHMOND-RAAF,67105,-33.6,150.78,r1i1p1,rcp85,CESM1-CAM5,2060-2079,47.38,48.58,52.78,47.15,40.88,49.16,45.61,47.25,52.95,52.38,51.37,54.59,52.49,48.01,40.97,38.09,39.53,45.02,45.92
ROCKHAMPTON-AERO,39083,-23.38,150.48,r1i1p1,rcp85,CESM1-CAM5,2060-2079,44.74,50.25,48.17,40.85,39.77,48.75,40.79,48.99,52.73,48.14,49.57,46.79,45.22,38.46,38.88,35.15,40.22,43.92,48.84
SYDNEY-AIRPORT-AMO,66037,-33.94,151.17,r1i1p1,rcp85,CESM1-CAM5,2060-2079,56.26,59.63,60.88,52.48,51.94,59.71,52.83,59.73,62.6,61.45,60.91,60.28,56.78,52.63,48.02,48.88,50.4,56.55,56.84
TENNANT-CREEK-AIRPORT,15135,-19.64,134.18,r1i1p1,rcp85,CESM1-CAM5,2060-2079,22.56,30.3,22.8,19.74,17.46,26.06,19.06,28.27,33.08,22.53,21.99,23.87,24.64,19.67,14.9,13.66,17.61,21.12,29.42
TOWNSVILLE-AERO,32040,-19.25,146.77,r1i1p1,rcp85,CESM1-CAM5,2060-2079,56.46,62.85,57.74,50.9,54.29,60.82,52.07,61.11,65.46,59.24,58.98,55.01,52.4,48.86,51.43,50.05,54.65,58.17,62.2
WAGGA-WAGGA-AMO,72150,-35.16,147.46,r1i1p1,rcp85,CESM1-CAM5,2060-2079,43.7,28.27,41.99,61.78,42.56,31.87,55.4,25.93,30.9,34.13,38.95,52.89,65.43,64.03,55.88,51.12,43.06,33.5,28.6
WILLIAMTOWN-RAAF,61078,-32.79,151.84,r1i1p1,rcp85,CESM1-CAM5,2060-2079,55.62,57.31,60.59,53.83,50.71,57.91,53.39,56.67,60.7,61.06,59.62,61.07,58.6,54.31,48.57,47.93,49.86,54.35,54.64
WOOMERA-AERODROME,16001,-31.16,136.81,r1i1p1,rcp85,CESM1-CAM5,2060-2079,27.7,20.81,28.41,39.06,22.47,21.98,33.43,18.76,21.74,21.72,27.43,36.08,43.61,40.14,33.42,24.83,22.48,20.08,22.08
ADELAIDE-KENT-TOWN,23090,-34.92,138.62,r1i1p1,rcp85,CESM1-CAM5,2080-2099,47.12,38.02,48.01,57.97,44.64,40.51,53.84,36.22,37.92,42.48,46.17,55.38,60.77,59.89,53.27,48.96,44.76,40.19,39.5
ALBANY-AIRPORT-COMPARISON,9741,-34.94,117.8,r1i1p1,rcp85,CESM1-CAM5,2080-2099,62.36,57.46,61.93,67.07,63.01,59.33,65.48,56.91,56.81,59.13,62.3,64.37,69.31,66.96,64.93,64.04,63.27,61.71,58.58
ALICE-SPRINGS-AIRPORT,15590,-23.8,133.89,r1i1p1,rcp85,CESM1-CAM5,2080-2099,22.79,22.3,25,26.93,16.68,21.78,23.69,18.35,24.14,20.56,24.57,29.86,32.36,28.01,20.41,13.8,17.71,18.52,25.17
AMBERLEY-AMO,40004,-27.63,152.71,r1i1p1,rcp85,CESM1-CAM5,2080-2099,42.96,47.45,48.55,39.04,36.9,46.9,39.09,46.22,50.73,49.08,48.5,48.05,43.48,38.59,35.04,32.24,37.16,41.3,45.12
BRISBANE-AERO,40842,-27.39,153.13,r1i1p1,rcp85,CESM1-CAM5,2080-2099,55.66,59.57,59.29,50.05,53.62,59.23,51.97,59.19,60.8,60.17,60.36,57.34,52.41,49.61,48.14,49.68,54.67,56.5,59.01
BROOME-AIRPORT,3003,-17.95,122.23,r1i1p1,rcp85,CESM1-CAM5,2080-2099,48.52,64.63,46.09,31.54,51.77,58.84,38.19,64.21,66.34,59.36,44.09,34.81,31.77,30.5,32.36,45.48,54.2,55.62,63.54
CAIRNS-AERO,31011,-16.87,145.75,r1i1p1,rcp85,CESM1-CAM5,2080-2099,63.01,67.1,66.39,59.92,58.71,66.12,60.02,66.57,69.13,66.43,67.34,65.41,63.07,59.13,57.57,55.95,58.99,61.2,65.26
CANBERRA-AIRPORT-COMPARISON,70014,-35.3,149.2,r1i1p1,rcp85,CESM1-CAM5,2080-2099,44.57,36.36,45.28,54.21,42.68,39.02,50.22,34.85,38.72,40.32,43.98,51.54,58.4,55.82,48.4,44.78,42.37,40.88,34.78
CARNARVON-AIRPORT,6011,-24.89,113.67,r1i1p1,rcp85,CESM1-CAM5,2080-2099,54.02,57.39,55.68,50.23,52.73,56.8,51.23,58.15,57.75,57.21,56.73,53.09,49.54,50.99,50.17,51.48,52.14,54.56,56.46
CEDUNA-AMO,18012,-32.13,133.7,r1i1p1,rcp85,CESM1-CAM5,2080-2099,45.16,44.29,45.33,48.7,42.46,44,46.42,42.02,45.78,44.43,44.93,46.64,49.94,49.84,46.33,43.92,41.83,41.63,44.67
CHARLEVILLE-AERO,44021,-26.42,146.25,r1i1p1,rcp85,CESM1-CAM5,2080-2099,27.21,26.98,31.4,30.55,20.03,27.21,27.41,25.17,32.07,27.42,32.15,34.63,36.14,30.9,24.63,18.1,20.05,21.96,23.34
COBAR-MO,48027,-31.49,145.83,r1i1p1,rcp85,CESM1-CAM5,2080-2099,32.26,24.72,36.36,42.51,25.71,27.61,37.18,22.86,29.21,30.31,35.26,43.51,47.2,45.23,35.1,26.76,25.3,25.06,21.35
COFFS-HARBOUR-MO,59040,-30.31,153.12,r1i1p1,rcp85,CESM1-CAM5,2080-2099,61.03,66.02,65.46,53.89,58.87,65.89,56.23,66.16,66.85,68.03,66.17,62.17,56.91,53.21,51.54,54.26,59.27,63.08,64.76
DARWIN-AIRPORT,14015,-12.42,130.89,r1i1p1,rcp85,CESM1-CAM5,2080-2099,53.06,69.95,53.79,36.79,51.62,64.3,41.79,70.83,72.79,66.38,51.84,43.16,37.04,37.22,36.1,45.48,51.77,57.6,66.57
DUBBO-AIRPORT-AWS,65070,-32.22,148.58,r1i1p1,rcp85,CESM1-CAM5,2080-2099,40.36,31.29,42.44,52.41,35.36,34.08,46.86,30.55,34.5,36.14,40.96,50.21,54.71,55.18,47.24,39.03,33.89,32.78,28.41
EAST-SALE-AIRPORT,85072,-38.12,147.13,r1i1p1,rcp85,CESM1-CAM5,2080-2099,53.5,48.28,55.38,58.71,51.92,50.45,56.84,46.57,49.6,52.63,53.8,59.71,61.82,60.17,54.14,53.33,51.85,50.58,47.8
ESPERANCE,9789,-33.83,121.89,r1i1p1,rcp85,CESM1-CAM5,2080-2099,56.98,57.16,57.5,57.78,55.46,56.99,56.98,56.24,57.74,56.67,57.55,58.29,59.65,58.18,55.52,55.5,54.73,56.15,57.58
GERALDTON-AIRPORT-COMPARISON,8051,-28.8,114.7,r1i1p1,rcp85,CESM1-CAM5,2080-2099,48.49,45.31,45.97,54.23,48.36,45.21,51.77,45.61,43.38,43.79,45.37,48.75,51.57,55.83,55.29,52.19,47,45.87,47.22
HOBART-ELLERSLIE-ROAD,94029,-42.89,147.33,r1i1p1,rcp85,CESM1-CAM5,2080-2099,54.09,50.22,55.87,59,51.59,51.8,56.56,50.51,49.83,52.73,55.72,59.18,62.37,59.81,54.83,52.23,50.93,51.6,49.3
KALGOORLIE-BOULDER-AIRPORT,12038,-30.78,121.45,r1i1p1,rcp85,CESM1-CAM5,2080-2099,29.9,23.87,34.84,39.09,21.95,25.94,33.86,21.46,27.36,29.01,34.11,40.52,43.2,40.64,33.43,24.92,20.43,20.49,22.19
LAUNCESTON-AIRPORT-COMPARISON,91104,-41.54,147.2,r1i1p1,rcp85,CESM1-CAM5,2080-2099,54.59,43.66,54.12,67.44,53.31,46.63,62.6,43.47,43.64,44.94,54.15,63.26,70.04,69.45,62.82,56.9,53.13,49.91,43.33
LAVERTON-RAAF,87031,-37.86,144.76,r1i1p1,rcp85,CESM1-CAM5,2080-2099,53.55,47.2,54.89,60.99,51.38,49.22,58.09,46.44,47.95,51.24,53.07,60.34,63.74,61.99,57.26,53.9,51.29,48.95,46.46
MACKAY-M.O,33119,-21.12,149.22,r1i1p1,rcp85,CESM1-CAM5,2080-2099,67.8,68.36,72.22,68.04,62.8,68.92,66.91,67.69,70.96,71.21,72.43,73.03,70.2,67.38,66.54,61.13,63.2,64.08,65.78
MEEKATHARRA-AIRPORT,7045,-26.61,118.54,r1i1p1,rcp85,CESM1-CAM5,2080-2099,22.5,18.03,26.2,31.53,14.05,19.69,25.27,16.04,21.75,22.79,27.53,28.27,35.59,33.81,25.2,15.92,12.81,13.42,16.56
MELBOURNE-AIRPORT,86282,-37.68,144.84,r1i1p1,rcp85,CESM1-CAM5,2080-2099,50.21,42.11,51.58,59.74,47.71,44.6,56.08,40.76,43.18,46.78,49.59,58.37,62.59,61.59,55.04,51.13,47.74,44.25,41.5
MILDURA-AIRPORT,76031,-34.23,142.08,r1i1p1,rcp85,CESM1-CAM5,2080-2099,34.76,25.1,37.23,47.61,29.22,27.6,42.04,22.5,28.24,30.78,34.53,46.38,51.49,50.59,40.76,34.09,28.92,24.63,24.17
MOREE-AERO,53115,-29.49,149.85,r1i1p1,rcp85,CESM1-CAM5,2080-2099,34.25,32.46,36.99,40.39,27.34,32.69,35.93,32.44,35.83,33.62,36.63,40.73,43.92,42.73,34.53,27.17,26.51,28.34,28.5
MOUNT-GAMBIER-AERO,26021,-37.75,140.77,r1i1p1,rcp85,CESM1-CAM5,2080-2099,56.59,44.98,56.25,69.39,55.98,47.9,65.47,43.64,43.75,48.57,53.42,66.76,72.66,71.36,64.14,60.24,57.64,50.05,46.84
MOUNT-ISA-AERO,29127,-20.68,139.49,r1i1p1,rcp85,CESM1-CAM5,2080-2099,25.03,32.67,28.41,21.46,17.53,29.46,20.57,31.64,36.2,28.93,27.62,28.69,26.67,21.19,16.53,13.61,16.76,22.22,30.35
NOWRA-RAN-AIR-STATION-AWS,68072,-34.95,150.54,r1i1p1,rcp85,CESM1-CAM5,2080-2099,56.16,60.07,59.71,52.23,52.61,59.8,52.62,59.83,62.96,61.21,59.27,58.64,55.35,53.17,48.17,48.04,52.17,57.81,56.92
PERTH-AIRPORT,9021,-31.93,115.98,r1i1p1,rcp85,CESM1-CAM5,2080-2099,43.38,33.8,42.38,55.06,42.21,36.35,50.42,33.06,32.89,36.21,42.79,48.13,55.93,56.79,52.46,47.52,41.66,37.46,35.62
PORT-HEDLAND-AIRPORT,4032,-20.37,118.63,r1i1p1,rcp85,CESM1-CAM5,2080-2099,37.73,49.77,36.94,29.85,34.2,44.16,31.28,51.55,51.38,42.44,35.25,33.14,32.57,29.68,27.29,29.62,35.38,37.6,46.91
RICHMOND-RAAF,67105,-33.6,150.78,r1i1p1,rcp85,CESM1-CAM5,2080-2099,46.15,47.8,52.02,45.6,39.38,48.4,44.02,46.86,51.41,52.05,50.73,53.28,50.43,46.76,39.6,36.36,37.72,44.08,44.57
ROCKHAMPTON-AERO,39083,-23.38,150.48,r1i1p1,rcp85,CESM1-CAM5,2080-2099,45.6,50.46,49.7,42.04,40.39,49.42,41.97,49.56,52.75,50.12,50.65,48.34,45.78,40.62,39.72,35.83,41.52,43.83,48.53
SYDNEY-AIRPORT-AMO,66037,-33.94,151.17,r1i1p1,rcp85,CESM1-CAM5,2080-2099,55.45,59,60.74,51.26,50.99,59.24,51.78,59.2,61.32,61.66,60.83,59.74,54.89,51.93,46.97,47.87,49.31,55.79,55.92
TENNANT-CREEK-AIRPORT,15135,-19.64,134.18,r1i1p1,rcp85,CESM1-CAM5,2080-2099,22.61,29.5,24.26,19.5,17.06,26.01,19.11,28.28,32.16,24.93,22.48,25.37,24.01,19.8,14.69,13.3,17.51,20.38,28.39
TOWNSVILLE-AERO,32040,-19.25,146.77,r1i1p1,rcp85,CESM1-CAM5,2080-2099,56.75,62.55,58.66,51.39,54.52,60.84,52.77,61.46,65.04,60.31,59.26,56.4,52.68,50.41,51.08,50.8,55.27,57.5,60.81
WAGGA-WAGGA-AMO,72150,-35.16,147.46,r1i1p1,rcp85,CESM1-CAM5,2080-2099,41.45,26.69,40.43,59.27,39.7,30.33,52.73,23.98,29.75,32.6,37.68,51,62.08,61.88,53.84,47.71,39.88,31.52,25.48
WILLIAMTOWN-RAAF,61078,-32.79,151.84,r1i1p1,rcp85,CESM1-CAM5,2080-2099,54.59,56.38,60.27,52.39,49.5,57.18,52.11,56.27,58.87,60.55,59.78,60.49,56.6,53.36,47.22,46.39,48.6,53.51,53.44
WOOMERA-AERODROME,16001,-31.16,136.81,r1i1p1,rcp85,CESM1-CAM5,2080-2099,26.48,20.33,27.96,36.65,21.07,21.66,31.39,18.16,21.85,22.55,26.75,34.56,40.37,38.13,31.46,23.01,20.78,19.42,20.76
ADELAIDE-KENT-TOWN,23090,-34.92,138.62,r1i1p1,rcp85,CNRM-CM5,2020-2039,47.96,38.63,47.97,59.05,46.11,40.77,55.12,37.2,38.39,41.02,46.57,56.33,62.87,59.81,54.48,51.29,45.96,41.09,40.48
ALBANY-AIRPORT-COMPARISON,9741,-34.94,117.8,r1i1p1,rcp85,CNRM-CM5,2020-2039,61.95,56.19,60.84,66.67,64.15,58.22,65.76,55.89,55,58.51,59.4,64.6,67.99,66.87,65.15,64.92,65.02,62.53,57.51
ALICE-SPRINGS-AIRPORT,15590,-23.8,133.89,r1i1p1,rcp85,CNRM-CM5,2020-2039,24.44,25.13,25.28,27.83,19.61,23.27,25.64,23.39,26.9,19.57,25.49,30.77,35.62,26.78,21.08,15.68,23.92,19.23,24.8
AMBERLEY-AMO,40004,-27.63,152.71,r1i1p1,rcp85,CNRM-CM5,2020-2039,44.47,49.42,49.58,39.97,38.94,48.41,40.56,48.14,53.96,50.12,48.96,49.68,43.94,39.03,36.94,32.99,40.79,43.03,46.07
BRISBANE-AERO,40842,-27.39,153.13,r1i1p1,rcp85,CNRM-CM5,2020-2039,56.04,60.58,58.91,50.1,54.54,59.53,52.49,60.34,62.99,59.59,59.1,58.04,51.97,49.01,49.32,49.27,57.31,57.04,58.5
BROOME-AIRPORT,3003,-17.95,122.23,r1i1p1,rcp85,CNRM-CM5,2020-2039,50.02,68.44,45.6,31.47,54.58,60.65,39.43,68.24,69.38,58.07,42.98,35.76,33.22,29.26,31.93,46.38,60.04,57.31,67.7
CAIRNS-AERO,31011,-16.87,145.75,r1i1p1,rcp85,CNRM-CM5,2020-2039,62.94,67.79,65.75,58.82,59.36,66.61,59.28,66.01,71.51,66.5,67.09,63.64,62.1,57.38,56.99,54.48,61.11,62.49,65.97
CANBERRA-AIRPORT-COMPARISON,70014,-35.3,149.2,r1i1p1,rcp85,CNRM-CM5,2020-2039,46.57,37.52,45.98,56.74,45.88,39.71,53.36,37.07,38.77,39.39,45.09,53.45,60.48,58.4,51.34,48.92,47.56,41.17,37.15
CARNARVON-AIRPORT,6011,-24.89,113.67,r1i1p1,rcp85,CNRM-CM5,2020-2039,53.14,56.87,53.95,50.39,51.37,55.55,50.75,57.4,57.49,56.92,53.88,51.05,50.09,51.47,49.62,50.71,51.59,51.82,55.63
CEDUNA-AMO,18012,-32.13,133.7,r1i1p1,rcp85,CNRM-CM5,2020-2039,46.28,45.98,45.04,49.97,44.16,44.75,47.82,44.3,48.36,42.57,44.96,47.58,52.27,50.2,47.42,46.19,43.23,43.07,45.26
CHARLEVILLE-AERO,44021,-26.42,146.25,r1i1p1,rcp85,CNRM-CM5,2020-2039,28.49,29.51,30.4,31.04,22.84,28.32,28.53,28.09,36.63,26.24,30.72,34.25,36.01,31.54,25.58,19.39,24.39,24.75,24.29
COBAR-MO,48027,-31.49,145.83,r1i1p1,rcp85,CNRM-CM5,2020-2039,34.07,26.22,35.83,44.53,29.65,28.41,39.71,26.18,29.61,28.23,35.11,44.16,48.19,46.99,38.41,29.67,30.86,28.41,23.06
COFFS-HARBOUR-MO,59040,-30.31,153.12,r1i1p1,rcp85,CNRM-CM5,2020-2039,62.14,67.41,65.45,55.17,60.56,66.41,57.9,67.16,69.68,66.91,65.38,64.05,57.42,54.4,53.68,55.32,62.5,63.85,65.37
DARWIN-AIRPORT,14015,-12.42,130.89,r1i1p1,rcp85,CNRM-CM5,2020-2039,53.85,70.45,54.13,36.88,54.02,64.9,42.89,70.09,74.6,65.43,52.78,44.19,36.39,36.27,37.99,47.61,54.91,59.55,66.4
DUBBO-AIRPORT-AWS,65070,-32.22,148.58,r1i1p1,rcp85,CNRM-CM5,2020-2039,43.07,33.87,42.53,55.07,40.51,35.73,50.48,33.98,36.96,35.39,40.84,51.36,56.89,57.39,50.87,44.94,40.69,35.59,31.02
EAST-SALE-AIRPORT,85072,-38.12,147.13,r1i1p1,rcp85,CNRM-CM5,2020-2039,56.92,51.85,57.1,62.15,56.51,53.07,60.74,50.73,50.92,52.54,56.22,62.54,65.06,64.11,57.28,57.87,57.55,54.1,54.1
ESPERANCE,9789,-33.83,121.89,r1i1p1,rcp85,CNRM-CM5,2020-2039,58.02,57.56,57.93,59.08,57.64,57.64,58.45,56.96,57.42,57.44,58.25,58.09,60.33,60.18,56.73,58,57.37,57.54,57.95
GERALDTON-AIRPORT-COMPARISON,8051,-28.8,114.7,r1i1p1,rcp85,CNRM-CM5,2020-2039,48.95,44.96,45.78,56.15,49,44.92,53.04,46.24,42.29,44.16,44.67,48.51,53.42,58.2,56.85,52.9,48.38,45.73,46.06
HOBART-ELLERSLIE-ROAD,94029,-42.89,147.33,r1i1p1,rcp85,CNRM-CM5,2020-2039,56.15,52.4,57.46,60.93,53.95,53.63,58.74,52.81,51.37,54.04,57.04,61.29,64.4,62.15,56.25,54.66,53.71,53.47,52.66
KALGOORLIE-BOULDER-AIRPORT,12038,-30.78,121.45,r1i1p1,rcp85,CNRM-CM5,2020-2039,33.23,26.36,37.78,42.9,25.99,28.6,37.78,23.55,30.45,31.26,37.39,43.71,46.49,44.93,37.28,29.4,24.88,23.7,24.48
LAUNCESTON-AIRPORT-COMPARISON,91104,-41.54,147.2,r1i1p1,rcp85,CNRM-CM5,2020-2039,56.72,45.94,55.86,69.35,55.86,48.58,64.94,45.7,45.09,46.16,55.53,65.88,71.95,71.4,64.71,59.28,56.39,51.91,46.62
LAVERTON-RAAF,87031,-37.86,144.76,r1i1p1,rcp85,CNRM-CM5,2020-2039,56.33,50.87,55.59,63.45,55.35,51.69,60.88,50.5,50.26,50.15,54.76,61.86,66.1,64.47,59.79,57.85,55.23,52.97,52.03
MACKAY-M.O,33119,-21.12,149.22,r1i1p1,rcp85,CNRM-CM5,2020-2039,68.41,69.15,71.18,68.48,64.86,69.21,67.63,66.33,73.25,69.25,73.62,70.68,69.03,66.74,69.66,62.78,66.91,64.89,67.84
MEEKATHARRA-AIRPORT,7045,-26.61,118.54,r1i1p1,rcp85,CNRM-CM5,2020-2039,25.83,21.38,28.62,35.42,17.75,22.09,29.48,19.54,26.59,23.72,28.87,33.27,40.03,37.6,28.62,20.27,17.08,15.88,18.07
MELBOURNE-AIRPORT,86282,-37.68,144.84,r1i1p1,rcp85,CNRM-CM5,2020-2039,53.22,45.73,52.47,62.45,52.1,47.12,59.19,45.12,45.17,45.84,51.36,60.2,65.46,64.25,57.64,55.48,52.1,48.72,47.29
MILDURA-AIRPORT,76031,-34.23,142.08,r1i1p1,rcp85,CNRM-CM5,2020-2039,36.95,27.38,37.75,50.59,32.08,29,44.92,26.64,28.07,28.5,36.03,48.71,54.58,53.13,44.06,38.01,31.01,27.22,27.46
MOREE-AERO,53115,-29.49,149.85,r1i1p1,rcp85,CNRM-CM5,2020-2039,36.66,34.73,37.72,42.61,31.34,34.39,38.85,34.67,39.73,33.88,37.23,42.04,45.03,44.61,38.18,30.77,32.46,30.79,30.52
MOUNT-GAMBIER-AERO,26021,-37.75,140.77,r1i1p1,rcp85,CNRM-CM5,2020-2039,57.87,46.37,56.56,70.13,58.54,48.94,66.88,44.84,44.45,47.11,54.52,68.05,73.92,71.49,64.99,63,59.87,52.75,49.4
MOUNT-ISA-AERO,29127,-20.68,139.49,r1i1p1,rcp85,CNRM-CM5,2020-2039,25.86,34.04,27.44,22.03,19.86,30.35,21.33,33.58,39.85,28.35,27.66,26.3,26.92,21.34,17.84,15.01,20.58,23.99,28.9
NOWRA-RAN-AIR-STATION-AWS,68072,-34.95,150.54,r1i1p1,rcp85,CNRM-CM5,2020-2039,57.17,60.6,59.52,53.94,54.28,59.51,54.8,61.55,62.71,59.33,59.06,60.18,56.48,55.42,49.91,50.4,56.34,56.46,57.94
PERTH-AIRPORT,9021,-31.93,115.98,r1i1p1,rcp85,CNRM-CM5,2020-2039,45.7,35.2,44.19,56.56,47,38.26,53.27,35.27,32.84,38.26,43.7,50.62,57.79,57.88,54.03,52,47.29,41.71,37.04
PORT-HEDLAND-AIRPORT,4032,-20.37,118.63,r1i1p1,rcp85,CNRM-CM5,2020-2039,39.63,54.27,37.92,30.63,35.84,46.56,32.81,56.1,55.19,42.98,35.35,35.42,34.75,29.33,27.8,31.19,38.35,37.98,51.11
RICHMOND-RAAF,67105,-33.6,150.78,r1i1p1,rcp85,CNRM-CM5,2020-2039,47.26,48.51,51.8,47.37,41.24,48.36,46.18,47.94,52.74,50.3,50.47,54.64,51.58,48.97,41.55,38.68,41.64,43.38,45.23
ROCKHAMPTON-AERO,39083,-23.38,150.48,r1i1p1,rcp85,CNRM-CM5,2020-2039,45.21,50.27,48.29,41.12,41.2,48.85,41.61,48.71,53.84,48.18,49.81,46.89,43.72,39.42,40.21,36.04,43.41,44.15,48.1
SYDNEY-AIRPORT-AMO,66037,-33.94,151.17,r1i1p1,rcp85,CNRM-CM5,2020-2039,55.75,59.19,59.51,52.32,51.89,58.38,53.15,59.98,61.6,58.81,59.44,60.29,55.39,53.51,48.06,49.02,52.65,54.01,56.28
TENNANT-CREEK-AIRPORT,15135,-19.64,134.18,r1i1p1,rcp85,CNRM-CM5,2020-2039,24.82,33.34,25.2,20.35,20.42,28.95,20.67,32.9,36.8,25.19,25.18,25.22,25.32,19.72,16.02,14.99,22.74,23.53,30.21
TOWNSVILLE-AERO,32040,-19.25,146.77,r1i1p1,rcp85,CNRM-CM5,2020-2039,57.05,63.52,57.9,51.14,55.58,61.35,52.72,60.81,67.85,59.69,59.35,54.64,51.9,49.33,52.18,50.1,58.18,58.47,62.15
WAGGA-WAGGA-AMO,72150,-35.16,147.46,r1i1p1,rcp85,CNRM-CM5,2020-2039,44.39,28.79,41.06,62.68,44.84,31.72,56.93,27.64,30.36,31.43,38.79,52.94,65.35,65.23,57.46,53.99,46.61,33.92,29.01
WILLIAMTOWN-RAAF,61078,-32.79,151.84,r1i1p1,rcp85,CNRM-CM5,2020-2039,55.61,57.33,59.8,54.21,51.06,57.19,54.1,56.86,61.03,58.92,59.09,61.4,57.86,55.58,49.19,48.08,52.49,52.63,54.18
WOOMERA-AERODROME,16001,-31.16,136.81,r1i1p1,rcp85,CNRM-CM5,2020-2039,28.92,22.32,29.58,39.48,24.25,23.31,34.55,21.74,22.96,22.02,29.45,37.27,45.42,39.7,33.32,27.35,24.23,21.16,22.43
ADELAIDE-KENT-TOWN,23090,-34.92,138.62,r1i1p1,rcp85,CNRM-CM5,2040-2059,47.18,37.01,47.53,58.32,45.8,39.68,54.65,37.22,34.75,40.95,45.96,55.67,61.1,59.49,54.38,51.09,46.18,40.15,39.23
ALBANY-AIRPORT-COMPARISON,9741,-34.94,117.8,r1i1p1,rcp85,CNRM-CM5,2040-2059,61.68,56.19,60.61,66.53,63.43,57.98,65.44,56.37,55.69,58.63,59.15,64.05,67.46,66.94,65.18,65.46,63.56,61.27,56.36
ALICE-SPRINGS-AIRPORT,15590,-23.8,133.89,r1i1p1,rcp85,CNRM-CM5,2040-2059,23.31,23.94,24.32,26.85,18.21,22.23,24.43,20.51,26.43,21.26,22.14,29.58,33.74,26.04,20.78,15.61,20.81,18.21,24.59
AMBERLEY-AMO,40004,-27.63,152.71,r1i1p1,rcp85,CNRM-CM5,2040-2059,43.5,47.73,49.27,38.85,38.18,47.28,39.75,45.39,51.17,48.91,48.5,50.4,43.18,37.42,35.94,33.06,38.52,42.97,46.55
BRISBANE-AERO,40842,-27.39,153.13,r1i1p1,rcp85,CNRM-CM5,2040-2059,55.28,59.03,59.06,49,54,58.67,51.82,57.6,60.34,58.9,59.18,59.11,51.28,47.22,48.5,49.78,55.04,57.17,59.22
BROOME-AIRPORT,3003,-17.95,122.23,r1i1p1,rcp85,CNRM-CM5,2040-2059,50.19,67.76,47.33,30.95,54.73,61.77,38.65,67.83,68.49,63.06,44.38,34.55,32.19,28.59,32.06,45.52,59.02,59.66,66.97
CAIRNS-AERO,31011,-16.87,145.75,r1i1p1,rcp85,CNRM-CM5,2040-2059,62.93,67.8,66.83,58.28,58.76,66.54,59.33,66.07,71.77,67.25,66.81,66.43,61.17,56.65,57.02,55.95,58.76,61.58,65.66
CANBERRA-AIRPORT-COMPARISON,70014,-35.3,149.2,r1i1p1,rcp85,CNRM-CM5,2040-2059,45.55,35.58,45.67,55.92,44.88,38.55,52.47,34.3,36.26,38.3,45.17,53.55,59.56,57.44,50.74,48.55,45,41.08,36.59
CARNARVON-AIRPORT,6011,-24.89,113.67,r1i1p1,rcp85,CNRM-CM5,2040-2059,53.28,57.69,53.94,50.27,51.26,56.2,50.4,59.36,56.79,57.8,54.28,49.74,49.42,51.53,49.87,50.94,50.88,51.96,56.85
CEDUNA-AMO,18012,-32.13,133.7,r1i1p1,rcp85,CNRM-CM5,2040-2059,45.68,44.22,45.53,49.59,43.38,43.77,47.58,44.04,44.88,44.27,44.83,47.48,51.37,50.59,46.81,45.9,43.35,40.89,43.72
CHARLEVILLE-AERO,44021,-26.42,146.25,r1i1p1,rcp85,CNRM-CM5,2040-2059,26.5,25.86,28.86,29.6,21.53,25.57,27.29,22.49,31.45,23.23,28.48,34.87,34.84,30.2,23.74,19.23,20.88,24.49,24.09
COBAR-MO,48027,-31.49,145.83,r1i1p1,rcp85,CNRM-CM5,2040-2059,32.4,23.09,34.56,42.89,28.99,26.24,38.54,21.13,25,26.12,33.93,43.64,47.45,44.92,36.29,30.1,28.82,28.04,23.33
COFFS-HARBOUR-MO,59040,-30.31,153.12,r1i1p1,rcp85,CNRM-CM5,2040-2059,61.54,66.15,65.57,54.58,59.87,65.67,57.43,65.28,67.66,66.42,65.58,64.71,57.26,53.42,53.04,55.96,60.16,63.48,65.51
DARWIN-AIRPORT,14015,-12.42,130.89,r1i1p1,rcp85,CNRM-CM5,2040-2059,53.36,69.75,54.53,36.3,52.94,64.49,42.31,70.16,73.79,66.61,52.57,44.42,35.83,35.58,37.48,47.2,53.37,58.26,65.04
DUBBO-AIRPORT-AWS,65070,-32.22,148.58,r1i1p1,rcp85,CNRM-CM5,2040-2059,41.5,31.03,41.88,53.46,39.3,33.93,49.13,29.22,32.56,33.54,40.63,51.48,56.12,55.62,48.53,44.75,37.37,35.31,31.44
EAST-SALE-AIRPORT,85072,-38.12,147.13,r1i1p1,rcp85,CNRM-CM5,2040-2059,55.99,50.55,56.3,61.46,55.59,51.91,60.03,49.12,49.36,51.73,54.91,62.24,64.22,63.3,56.87,57.55,56,53.21,53.35
ESPERANCE,9789,-33.83,121.89,r1i1p1,rcp85,CNRM-CM5,2040-2059,57.68,57.03,57.94,58.91,56.96,57.21,58.2,57.8,56.09,58.2,57.93,57.68,60.13,60.36,56.24,59.24,55.54,56.1,56.87
GERALDTON-AIRPORT-COMPARISON,8051,-28.8,114.7,r1i1p1,rcp85,CNRM-CM5,2040-2059,48.61,45.11,45.3,55.31,48.83,44.88,52.41,46.77,41.91,44.23,44.64,47.03,51.95,57.62,56.36,53.55,47.96,44.98,46.37
HOBART-ELLERSLIE-ROAD,94029,-42.89,147.33,r1i1p1,rcp85,CNRM-CM5,2040-2059,55.77,52.1,57.01,60.8,53.3,53.2,58.41,52.24,51.75,54.18,56.14,60.71,63.95,62.06,56.4,54.06,53.28,52.55,51.94
KALGOORLIE-BOULDER-AIRPORT,12038,-30.78,121.45,r1i1p1,rcp85,CNRM-CM5,2040-2059,32.26,24.99,37.09,42.23,24.82,27.57,36.86,23.92,27.54,31.76,36.12,42.5,45.49,44.66,36.54,29.03,22.94,22.48,23.09
LAUNCESTON-AIRPORT-COMPARISON,91104,-41.54,147.2,r1i1p1,rcp85,CNRM-CM5,2040-2059,56.21,45.41,55.23,69.1,55.23,47.95,64.55,44.87,45.18,46.22,54.11,65.37,71.43,71.1,64.76,58.8,55.84,51.06,45.79
LAVERTON-RAAF,87031,-37.86,144.76,r1i1p1,rcp85,CNRM-CM5,2040-2059,55.13,49,54.63,62.71,54.13,49.97,60.21,49.03,47.2,48.97,53.25,61.68,65.05,63.65,59.42,57.53,53.94,50.91,50.94
MACKAY-M.O,33119,-21.12,149.22,r1i1p1,rcp85,CNRM-CM5,2040-2059,68.11,68.35,72.76,67.24,64.12,68.85,67.39,65.57,71.7,70.5,73.44,74.35,67.57,64.65,69.52,64.09,64.18,64.08,67.73
MEEKATHARRA-AIRPORT,7045,-26.61,118.54,r1i1p1,rcp85,CNRM-CM5,2040-2059,25.21,20.61,28.39,34.85,16.84,21.71,28.62,19.86,24.44,25.09,28.54,31.54,38.49,36.82,29.25,19.93,15.69,14.9,17.58
MELBOURNE-AIRPORT,86282,-37.68,144.84,r1i1p1,rcp85,CNRM-CM5,2040-2059,52,43.82,51.52,61.66,50.88,45.39,58.5,43.64,42,44.59,49.97,60.01,64.37,63.39,57.23,55.14,50.83,46.67,46.21
MILDURA-AIRPORT,76031,-34.23,142.08,r1i1p1,rcp85,CNRM-CM5,2040-2059,35.92,25.6,36.85,49.32,31.89,27.82,44.03,24.86,24.71,27.78,35.31,47.45,52.78,51.89,43.3,37.71,31.06,26.89,27.25
MOREE-AERO,53115,-29.49,149.85,r1i1p1,rcp85,CNRM-CM5,2040-2059,34.6,31.8,36.11,40.4,29.86,32.2,36.92,29.95,35.32,31.17,35.45,41.71,43.56,42.35,35.29,29.97,28.65,30.94,30.87
MOUNT-GAMBIER-AERO,26021,-37.75,140.77,r1i1p1,rcp85,CNRM-CM5,2040-2059,57.19,45.23,56.04,69.62,57.99,47.93,66.54,44.71,42.46,47.15,53.38,67.58,72.64,71.28,64.94,63,59.77,51.2,48.13
MOUNT-ISA-AERO,29127,-20.68,139.49,r1i1p1,rcp85,CNRM-CM5,2040-2059,24.76,32.1,27.01,21,18.85,28.69,20.79,28.71,39.37,29.2,23.57,28.27,26.01,20.19,16.8,15.23,18.22,23.11,28.44
NOWRA-RAN-AIR-STATION-AWS,68072,-34.95,150.54,r1i1p1,rcp85,CNRM-CM5,2040-2059,56.33,58.75,59.48,53.29,53.5,58.66,53.99,58.92,60.23,59.08,59.3,60.07,55.69,54.53,49.66,50.25,53.53,56.94,57.5
PERTH-AIRPORT,9021,-31.93,115.98,r1i1p1,rcp85,CNRM-CM5,2040-2059,45.11,35.08,42.99,56.01,46.5,37.7,52.64,35.4,32.56,37.22,42.66,49.1,56.67,57.55,53.81,52.25,46.45,40.79,36.82
PORT-HEDLAND-AIRPORT,4032,-20.37,118.63,r1i1p1,rcp85,CNRM-CM5,2040-2059,39.58,53.79,39.08,30.58,35.04,47.37,31.91,56.33,53.88,46.93,36.99,33.31,34.33,29.15,28.26,29.69,36.71,38.72,50.73
RICHMOND-RAAF,67105,-33.6,150.78,r1i1p1,rcp85,CNRM-CM5,2040-2059,46.32,46.52,51.59,46.64,40.4,47.24,45.41,45.21,49.76,49.33,50.64,54.78,51.01,47.96,40.94,38.64,39.1,43.45,44.96
ROCKHAMPTON-AERO,39083,-23.38,150.48,r1i1p1,rcp85,CNRM-CM5,2040-2059,44.44,49.05,48.54,39.82,40.4,48,40.92,46.87,51.24,48.04,49.04,48.53,42.36,37.71,39.38,36.24,41.32,43.64,48.86
SYDNEY-AIRPORT-AMO,66037,-33.94,151.17,r1i1p1,rcp85,CNRM-CM5,2040-2059,54.92,57.34,59.5,51.66,51.09,57.53,52.34,57.48,58.93,58.53,59.73,60.25,54.69,52.59,47.7,48.99,49.84,54.45,55.88
TENNANT-CREEK-AIRPORT,15135,-19.64,134.18,r1i1p1,rcp85,CNRM-CM5,2040-2059,24.11,31.95,25.33,19.63,19.56,28.07,20.13,28.81,36.94,28.33,21.43,26.24,24.57,18.9,15.41,15.01,20.68,23.01,29.98
TOWNSVILLE-AERO,32040,-19.25,146.77,r1i1p1,rcp85,CNRM-CM5,2040-2059,56.7,62.81,58.75,50.37,54.8,60.75,52.62,60.09,67.18,60.4,58.41,57.45,50.86,48.04,52.21,51.66,55.52,57.24,61.4
WAGGA-WAGGA-AMO,72150,-35.16,147.46,r1i1p1,rcp85,CNRM-CM5,2040-2059,42.99,26.17,40.55,61.28,43.75,30.07,55.78,24.18,26.69,29.64,38.91,53.09,63.93,63.74,56.18,53.34,44.38,33.54,28.26
WILLIAMTOWN-RAAF,61078,-32.79,151.84,r1i1p1,rcp85,CNRM-CM5,2040-2059,54.63,55.48,59.54,53.39,50.09,56.11,53.22,54.47,58.33,58.12,58.94,61.55,57.33,54.44,48.4,48.14,49.45,52.67,53.71
WOOMERA-AERODROME,16001,-31.16,136.81,r1i1p1,rcp85,CNRM-CM5,2040-2059,28.17,21.22,29.18,38.85,23.38,22.39,33.97,20.65,21.3,22.59,28.28,36.67,44.11,39.46,32.99,27.01,23.59,19.54,21.87
ADELAIDE-KENT-TOWN,23090,-34.92,138.62,r1i1p1,rcp85,CNRM-CM5,2060-2079,47.73,38.12,47.9,59.15,45.7,40.57,54.88,36.98,38.05,40.59,46.92,56.19,62.78,59.59,55.09,50.18,45.43,41.51,39.51
ALBANY-AIRPORT-COMPARISON,9741,-34.94,117.8,r1i1p1,rcp85,CNRM-CM5,2060-2079,61.91,56.55,61.36,66.62,63.16,58.5,65.39,57.11,55.28,59.67,60.2,64.22,68,66.7,65.16,64.71,63.57,61.19,57.1
ALICE-SPRINGS-AIRPORT,15590,-23.8,133.89,r1i1p1,rcp85,CNRM-CM5,2060-2079,23.95,25.03,25.2,27.1,18.6,23.53,24.42,21.83,26.79,22.05,24.27,29.29,33.77,26.28,21.25,15.61,20.33,19.84,26.15
AMBERLEY-AMO,40004,-27.63,152.71,r1i1p1,rcp85,CNRM-CM5,2060-2079,44.28,48.76,50.03,39.75,38.62,48.06,40.53,47.05,52.54,50.55,49,50.55,44.04,38.69,36.52,33.11,40.29,42.45,46.6
BRISBANE-AERO,40842,-27.39,153.13,r1i1p1,rcp85,CNRM-CM5,2060-2079,56.12,60.17,59.88,49.94,54.45,59.55,52.62,59.6,61.75,60.68,59.66,59.31,52.26,48.64,48.92,49.59,57.01,56.75,59.23
BROOME-AIRPORT,3003,-17.95,122.23,r1i1p1,rcp85,CNRM-CM5,2060-2079,50.95,69.71,48.38,30.77,54.94,63.05,38.88,72.02,66.64,63.45,44.99,36.69,33.44,27.87,31,44.13,60.14,60.54,70.46
CAIRNS-AERO,31011,-16.87,145.75,r1i1p1,rcp85,CNRM-CM5,2060-2079,63.18,67.61,66.94,58.93,59.22,66.76,59.62,65.83,70.76,67.49,67.74,65.59,62.83,57.11,56.83,55.23,60.12,62.3,66.38
CANBERRA-AIRPORT-COMPARISON,70014,-35.3,149.2,r1i1p1,rcp85,CNRM-CM5,2060-2079,46.41,37.48,46.3,56.37,45.35,39.85,52.9,36.72,39.41,39.08,45.95,53.88,60.08,57.58,51.46,48.41,46.01,41.62,36.74
CARNARVON-AIRPORT,6011,-24.89,113.67,r1i1p1,rcp85,CNRM-CM5,2060-2079,53.61,58.4,55.29,49.74,51.01,57.04,50.2,61.12,55.21,59.36,55.84,50.67,50.52,50.5,48.21,49.21,52.1,51.74,58.78
CEDUNA-AMO,18012,-32.13,133.7,r1i1p1,rcp85,CNRM-CM5,2060-2079,46.42,45.92,45.56,50.25,43.94,44.99,47.85,44.63,48.65,43.48,45.51,47.69,52.54,50.65,47.57,45.13,43.5,43.2,44.48
CHARLEVILLE-AERO,44021,-26.42,146.25,r1i1p1,rcp85,CNRM-CM5,2060-2079,27.61,28.32,29.14,30.56,22.27,27.06,28.03,25.92,34.92,24.84,28.93,33.63,35.7,30.78,25.21,19.4,23.48,23.95,24.58
COBAR-MO,48027,-31.49,145.83,r1i1p1,rcp85,CNRM-CM5,2060-2079,33.66,26.14,35.3,43.89,29.22,28.18,39.11,25.33,30.38,27.85,34.52,43.54,48.06,45.82,37.8,29.59,29.88,28.2,22.93
COFFS-HARBOUR-MO,59040,-30.31,153.12,r1i1p1,rcp85,CNRM-CM5,2060-2079,62.38,67.53,66.47,55.22,60.3,66.64,58.13,66.84,69.5,67.81,66.13,65.46,57.51,54.49,53.67,55.83,61.85,63.22,66.24
DARWIN-AIRPORT,14015,-12.42,130.89,r1i1p1,rcp85,CNRM-CM5,2060-2079,53.68,70.65,54.31,36.64,53.21,65.22,42.23,71.1,72.86,67.34,52.18,43.41,36.31,35.81,37.8,46.96,53.07,59.59,67.72
DUBBO-AIRPORT-AWS,65070,-32.22,148.58,r1i1p1,rcp85,CNRM-CM5,2060-2079,42.51,33.85,42.22,54.37,39.29,35.38,49.7,34.13,36.87,34.7,40.59,51.38,56.52,56.31,50.22,44.31,38.64,34.58,30.9
EAST-SALE-AIRPORT,85072,-38.12,147.13,r1i1p1,rcp85,CNRM-CM5,2060-2079,56.67,51.78,57,61.8,56.05,52.96,60.35,50.28,51.46,51.67,56.53,62.79,64.66,63.2,57.53,57.57,56.33,54.27,53.79
ESPERANCE,9789,-33.83,121.89,r1i1p1,rcp85,CNRM-CM5,2060-2079,58.02,57.38,58.6,59.14,57.08,57.78,58.31,58.34,56.61,58.48,59.32,58.01,60.45,60,56.96,58.06,56.37,56.81,56.85
GERALDTON-AIRPORT-COMPARISON,8051,-28.8,114.7,r1i1p1,rcp85,CNRM-CM5,2060-2079,48.84,45.44,46.39,55.29,48.33,45.41,52.33,47.19,42.08,45.98,45.62,47.56,52.97,57.54,55.35,52.06,48.49,44.43,46.78
HOBART-ELLERSLIE-ROAD,94029,-42.89,147.33,r1i1p1,rcp85,CNRM-CM5,2060-2079,55.9,52.14,57.1,60.8,53.67,53.28,58.57,52.14,51.64,53.08,57.04,61.19,64.15,61.63,56.62,54.21,53.65,53.14,52.27
KALGOORLIE-BOULDER-AIRPORT,12038,-30.78,121.45,r1i1p1,rcp85,CNRM-CM5,2060-2079,32.61,25.6,38.04,41.95,24.94,28.32,36.81,23.87,28.12,32.58,37.4,43.24,45.83,43.76,36.25,28.16,23.62,23.03,24.32
LAUNCESTON-AIRPORT-COMPARISON,91104,-41.54,147.2,r1i1p1,rcp85,CNRM-CM5,2060-2079,56.3,45.56,55.39,68.93,55.46,48.13,64.55,44.84,45.22,45.18,55.3,65.69,71.33,70.57,64.88,58.81,56.04,51.54,46.21
LAVERTON-RAAF,87031,-37.86,144.76,r1i1p1,rcp85,CNRM-CM5,2060-2079,56.01,50.5,55.75,63.21,54.52,51.38,60.55,50.16,50.57,49.26,55.42,62.57,65.62,63.74,60.28,57.23,53.88,52.46,50.94
MACKAY-M.O,33119,-21.12,149.22,r1i1p1,rcp85,CNRM-CM5,2060-2079,68.94,68.9,72.82,68.93,65.13,69.45,68.45,66.85,72.13,70.99,74.25,73.21,70.6,66.35,69.85,63.6,67.06,64.73,67.67
MEEKATHARRA-AIRPORT,7045,-26.61,118.54,r1i1p1,rcp85,CNRM-CM5,2060-2079,25.82,21.74,30.32,34.41,16.64,23,28.55,20.69,24.56,26.33,31.38,33.25,39.93,36.22,27.09,18.76,16.03,15.14,20.11
MELBOURNE-AIRPORT,86282,-37.68,144.84,r1i1p1,rcp85,CNRM-CM5,2060-2079,52.93,45.41,52.72,62.19,51.28,46.87,58.86,44.91,45.53,45.11,52.07,60.97,64.94,63.51,58.12,54.84,50.79,48.19,46.17
MILDURA-AIRPORT,76031,-34.23,142.08,r1i1p1,rcp85,CNRM-CM5,2060-2079,36.9,27.35,38.22,50.45,31.57,29.33,44.49,26.42,29.47,29.1,36.78,48.77,54.79,52.39,44.15,36.59,30.23,27.9,26.19
MOREE-AERO,53115,-29.49,149.85,r1i1p1,rcp85,CNRM-CM5,2060-2079,35.79,33.84,36.96,41.86,30.28,33.29,38.21,33.14,38.15,32.6,35.88,42.38,44.48,43.83,37.26,30.68,30.64,29.52,30.98
MOUNT-GAMBIER-AERO,26021,-37.75,140.77,r1i1p1,rcp85,CNRM-CM5,2060-2079,57.53,45.77,56.42,70.06,58,48.57,66.58,44.12,44.14,46.52,55.03,67.71,73.74,70.8,65.66,62.28,59.31,52.4,48.65
MOUNT-ISA-AERO,29127,-20.68,139.49,r1i1p1,rcp85,CNRM-CM5,2060-2079,25.24,33.58,26.79,21.22,19.3,29.96,20.48,31.11,38.77,29.36,25.35,25.65,25.98,20.45,17.22,14.6,18.98,24.33,31.1
NOWRA-RAN-AIR-STATION-AWS,68072,-34.95,150.54,r1i1p1,rcp85,CNRM-CM5,2060-2079,57.11,60.58,59.93,53.59,54.05,59.76,54.45,61.34,63.2,59.22,59.89,60.68,56.07,54.65,50.05,50.06,55.02,57.35,57.57
PERTH-AIRPORT,9021,-31.93,115.98,r1i1p1,rcp85,CNRM-CM5,2060-2079,45.15,34.75,44,56.08,45.9,37.83,52.58,35.26,32.12,38.82,43.55,49.64,57.47,57.31,53.47,51.24,46.38,40.07,36.41
PORT-HEDLAND-AIRPORT,4032,-20.37,118.63,r1i1p1,rcp85,CNRM-CM5,2060-2079,39.98,54.63,39.98,30.19,35.28,48.18,31.89,57.71,51.33,47.24,37.64,35.06,35.14,28.07,27.34,29.32,36.41,40.09,54.39
RICHMOND-RAAF,67105,-33.6,150.78,r1i1p1,rcp85,CNRM-CM5,2060-2079,47.19,48.51,52.09,47.2,40.83,48.39,46,48.15,52.75,50.04,50.81,55.44,51.45,48.45,41.7,38.54,40.45,43.51,44.99
ROCKHAMPTON-AERO,39083,-23.38,150.48,r1i1p1,rcp85,CNRM-CM5,2060-2079,45.06,49.32,48.74,41.19,41.06,48.37,41.8,48.2,51.81,48.63,49.63,47.96,44.47,39.2,39.9,35.84,43.45,43.89,47.77
SYDNEY-AIRPORT-AMO,66037,-33.94,151.17,r1i1p1,rcp85,CNRM-CM5,2060-2079,55.73,59.1,59.99,52.14,51.61,58.54,52.96,60.05,61.61,58.9,60.03,61.05,55.13,52.97,48.31,48.88,51.42,54.52,55.93
TENNANT-CREEK-AIRPORT,15135,-19.64,134.18,r1i1p1,rcp85,CNRM-CM5,2060-2079,24.66,33.99,25.45,19.61,19.62,29.7,19.6,31.99,35.91,28.92,23.82,23.61,24.08,18.98,15.78,14.41,20.71,23.73,33.93
TOWNSVILLE-AERO,32040,-19.25,146.77,r1i1p1,rcp85,CNRM-CM5,2060-2079,57.25,63.05,59.07,51.38,55.44,61.3,53.17,60.95,66.73,60.74,59.95,56.53,52.91,49.2,52.03,50.85,57.47,57.99,61.69
WAGGA-WAGGA-AMO,72150,-35.16,147.46,r1i1p1,rcp85,CNRM-CM5,2060-2079,44.17,28.6,41.63,62.26,44.01,31.84,56.38,27,31.03,31.49,39.9,53.49,64.94,64.19,57.64,53.06,44.95,34.03,28.36
WILLIAMTOWN-RAAF,61078,-32.79,151.84,r1i1p1,rcp85,CNRM-CM5,2060-2079,55.54,57.2,60.18,54.09,50.68,57.14,54.02,56.97,60.65,58.99,59.16,62.38,57.71,55.15,49.41,48.2,51.25,52.6,54.05
WOOMERA-AERODROME,16001,-31.16,136.81,r1i1p1,rcp85,CNRM-CM5,2060-2079,28.8,22.03,30.39,39.29,23.42,23.51,34.1,21.15,23.89,23.25,29.98,37.93,45.77,39.24,32.87,25.52,23.28,21.47,21.2
ADELAIDE-KENT-TOWN,23090,-34.92,138.62,r1i1p1,rcp85,CNRM-CM5,2080-2099,45.64,37.49,45.98,55.91,43.33,39.3,52.08,36.09,37.76,39.53,44.22,54.21,58.91,56.82,52,47.32,43.22,39.44,38.2
ALBANY-AIRPORT-COMPARISON,9741,-34.94,117.8,r1i1p1,rcp85,CNRM-CM5,2080-2099,60.72,55.35,60.42,65.27,61.88,57.27,64.26,55.26,54.48,57.48,59.15,64.62,66.68,65.12,64.01,63.25,61.9,60.48,56.23
ALICE-SPRINGS-AIRPORT,15590,-23.8,133.89,r1i1p1,rcp85,CNRM-CM5,2080-2099,21.87,21.64,23,25.85,16.79,20.46,23.2,17.24,26.59,19.87,20.93,28.19,32.08,25.49,19.98,14.92,18.52,16.93,21.74
AMBERLEY-AMO,40004,-27.63,152.71,r1i1p1,rcp85,CNRM-CM5,2080-2099,43.53,48.22,48.58,39.74,37.68,47.18,39.96,46.97,51.97,48.75,48.04,48.96,43.81,38.87,36.54,33.19,38.36,41.49,45.44
BRISBANE-AERO,40842,-27.39,153.13,r1i1p1,rcp85,CNRM-CM5,2080-2099,56.01,60.16,59.01,50.59,54.18,59.21,52.71,59.94,61.8,59.27,59.56,58.19,52.47,49.53,49.77,50.58,55.74,56.23,59.06
BROOME-AIRPORT,3003,-17.95,122.23,r1i1p1,rcp85,CNRM-CM5,2080-2099,50.69,69.39,46.72,30.77,55.82,62.5,38.86,68.27,70.48,60.96,44.22,34.97,32.09,27.51,32.73,45.67,60.23,61.56,69.64
CAIRNS-AERO,31011,-16.87,145.75,r1i1p1,rcp85,CNRM-CM5,2080-2099,63.21,67.32,66.77,59.28,59.6,66.61,59.95,65.63,71.03,67.27,67.9,65.15,62,58.71,57.13,56.76,59.93,62.11,64.97
CANBERRA-AIRPORT-COMPARISON,70014,-35.3,149.2,r1i1p1,rcp85,CNRM-CM5,2080-2099,44.37,35.35,44.39,55.55,42.42,37.47,51.37,35.15,37.64,37.76,43.09,52.31,59.13,57.07,50.46,46.71,42.53,38.02,32.6
CARNARVON-AIRPORT,6011,-24.89,113.67,r1i1p1,rcp85,CNRM-CM5,2080-2099,52.13,55.91,53.46,48.24,50.83,54.81,49.44,56.06,55.84,55.05,54.46,50.88,48.15,48.1,48.49,49.95,51.08,51.48,56.02
CEDUNA-AMO,18012,-32.13,133.7,r1i1p1,rcp85,CNRM-CM5,2080-2099,44.73,44.27,44.45,48.22,42.11,43.35,46.2,42.52,47.07,42.63,43.91,46.82,50.36,48.95,45.34,44.49,41.25,40.58,42.87
CHARLEVILLE-AERO,44021,-26.42,146.25,r1i1p1,rcp85,CNRM-CM5,2080-2099,26.1,26.37,28.46,29.44,20.26,25.58,26.81,23.13,33.56,23.79,28.09,33.49,34.75,29.55,24,18.88,20.18,21.71,22.08
COBAR-MO,48027,-31.49,145.83,r1i1p1,rcp85,CNRM-CM5,2080-2099,30.5,22.51,33.22,40.77,25.71,24.94,36.3,21.19,26.93,26.4,31.4,41.85,44.9,42.75,34.66,28.22,25.42,23.49,18.78
COFFS-HARBOUR-MO,59040,-30.31,153.12,r1i1p1,rcp85,CNRM-CM5,2080-2099,61.66,66.79,65.3,55.35,59.28,65.82,57.55,66.87,69.01,66.74,65.4,63.77,57.62,54.56,53.87,55.95,59.5,62.39,64.22
DARWIN-AIRPORT,14015,-12.42,130.89,r1i1p1,rcp85,CNRM-CM5,2080-2099,53.52,70.53,54.45,36.71,52.28,64.88,42.12,70.58,74.34,66.91,52.52,43.93,36.21,36.1,37.83,46.45,52.23,58.16,67.01
DUBBO-AIRPORT-AWS,65070,-32.22,148.58,r1i1p1,rcp85,CNRM-CM5,2080-2099,39.66,30.43,40.48,52.05,35.74,32.46,47.07,30.18,34.4,33.92,38.02,49.5,53.98,54.25,47.86,41.86,34.09,30.87,26.38
EAST-SALE-AIRPORT,85072,-38.12,147.13,r1i1p1,rcp85,CNRM-CM5,2080-2099,54.56,49.32,55.09,60.69,53.46,50.5,58.91,48.12,49.61,49.98,53.8,61.48,63.01,62.44,56.6,55.92,54.01,50.44,49.35
ESPERANCE,9789,-33.83,121.89,r1i1p1,rcp85,CNRM-CM5,2080-2099,56.93,56.61,57.89,57.64,55.56,56.82,57.04,56.37,56.78,57.03,58.18,58.46,59.13,57.86,55.92,55.85,55.03,55.79,56.75
GERALDTON-AIRPORT-COMPARISON,8051,-28.8,114.7,r1i1p1,rcp85,CNRM-CM5,2080-2099,47.29,43.65,45.26,52.91,47.25,43.82,50.76,44.31,41.45,42.8,44.86,48.11,50.37,54.16,54.19,50.6,47.12,44.03,45.44
HOBART-ELLERSLIE-ROAD,94029,-42.89,147.33,r1i1p1,rcp85,CNRM-CM5,2080-2099,55.16,51.73,56.13,60.15,52.98,52.69,57.82,51.4,51.7,52.84,55.47,60.09,62.87,61.53,56.04,53.63,52.78,52.52,51.04
KALGOORLIE-BOULDER-AIRPORT,12038,-30.78,121.45,r1i1p1,rcp85,CNRM-CM5,2080-2099,30.81,24.25,36.27,39.82,23.05,26.73,34.89,21.43,28.43,28.71,36.68,42.4,44.57,40.62,34.28,25.96,21.54,21.65,22.26
LAUNCESTON-AIRPORT-COMPARISON,91104,-41.54,147.2,r1i1p1,rcp85,CNRM-CM5,2080-2099,55.35,44.65,54.04,68.16,54.76,47.11,63.66,43.78,44.71,44.11,53.95,64.05,69.71,70.67,64.11,58.26,55.15,50.86,44.89
LAVERTON-RAAF,87031,-37.86,144.76,r1i1p1,rcp85,CNRM-CM5,2080-2099,53.61,48.04,54.02,61.59,51.06,48.81,58.62,47.61,49.06,47.66,52.82,61.59,63.83,62.42,58.53,54.76,50.6,47.81,46.68
MACKAY-M.O,33119,-21.12,149.22,r1i1p1,rcp85,CNRM-CM5,2080-2099,68.24,68.43,71.74,68.23,64.77,68.84,67.87,65.68,72.54,69.4,73.79,72.03,68.21,67.6,68.87,64.64,65.85,63.82,66.44
MEEKATHARRA-AIRPORT,7045,-26.61,118.54,r1i1p1,rcp85,CNRM-CM5,2080-2099,23.51,19.35,26.93,32.06,15.48,20.34,26.62,17.24,24.07,21.78,27.92,31.08,37.43,32.86,25.89,17.58,14.86,14.01,16.97
MELBOURNE-AIRPORT,86282,-37.68,144.84,r1i1p1,rcp85,CNRM-CM5,2080-2099,50.36,42.98,50.79,60.48,47.51,44.23,56.74,42.11,44.26,43.3,49.37,59.7,62.9,62.14,56.39,52.11,47.22,43.18,41.66
MILDURA-AIRPORT,76031,-34.23,142.08,r1i1p1,rcp85,CNRM-CM5,2080-2099,33.85,25.03,35.11,46.55,28.82,26.63,41.18,23.59,27.49,26.55,32.82,45.98,50.78,48.53,40.32,34.04,27.39,25.02,23.64
MOREE-AERO,53115,-29.49,149.85,r1i1p1,rcp85,CNRM-CM5,2080-2099,34.03,32.41,35.41,40.35,28.15,31.86,36.33,31.72,37.15,31.9,34.03,40.31,43.21,42.08,35.76,29.23,27.38,27.84,27.75
MOUNT-GAMBIER-AERO,26021,-37.75,140.77,r1i1p1,rcp85,CNRM-CM5,2080-2099,56.06,45.31,55.24,68.04,55.89,47.55,64.78,43.58,44.51,45.74,52.82,67.16,70.9,69.26,63.96,60.06,57.32,50.3,47.15
MOUNT-ISA-AERO,29127,-20.68,139.49,r1i1p1,rcp85,CNRM-CM5,2080-2099,24.16,31.74,25.45,20.96,18.43,28.32,19.97,28.35,39.7,27.08,24.11,25.16,24.96,20.16,17.76,14.53,17.24,23.52,27.33
NOWRA-RAN-AIR-STATION-AWS,68072,-34.95,150.54,r1i1p1,rcp85,CNRM-CM5,2080-2099,55.63,58.96,58.81,53.19,51.5,58.05,53.32,60.07,62.05,58.8,58.03,59.61,55.81,54.16,49.6,48.83,51.59,54.27,54.29
PERTH-AIRPORT,9021,-31.93,115.98,r1i1p1,rcp85,CNRM-CM5,2080-2099,43.87,33.62,42.83,54.25,44.73,36.55,51.21,33.39,31.7,36.19,42.25,50.06,55.12,55.43,52.18,49.39,45.08,39.73,35.96
PORT-HEDLAND-AIRPORT,4032,-20.37,118.63,r1i1p1,rcp85,CNRM-CM5,2080-2099,39.37,54.37,38.03,29.86,35.01,47.01,31.69,55.1,54.77,43.76,36.16,34.17,34.13,26.94,28.51,29.93,36.45,38.64,53.86
RICHMOND-RAAF,67105,-33.6,150.78,r1i1p1,rcp85,CNRM-CM5,2080-2099,45.49,46.81,50.92,46.2,38.21,46.8,44.29,46.66,51.45,49.91,49.26,53.59,50.59,47.38,40.64,36.91,36.62,41.1,41.79
ROCKHAMPTON-AERO,39083,-23.38,150.48,r1i1p1,rcp85,CNRM-CM5,2080-2099,44.37,49.15,47.48,40.71,40.33,47.74,41.18,47.47,52.32,46.91,48.9,46.62,43.32,39.22,39.59,36.49,41.84,42.67,47.13
SYDNEY-AIRPORT-AMO,66037,-33.94,151.17,r1i1p1,rcp85,CNRM-CM5,2080-2099,54.4,57.86,59.18,51.52,49.23,57.29,51.64,59.07,60.89,58.86,58.85,59.83,54.71,52.28,47.57,47.61,47.82,52.26,53.08
TENNANT-CREEK-AIRPORT,15135,-19.64,134.18,r1i1p1,rcp85,CNRM-CM5,2080-2099,23.2,30.98,23.64,19.08,19,27.39,18.92,28.3,37.24,26.15,21.79,22.98,23.03,18.53,15.68,14.49,18.82,23.7,27.73
TOWNSVILLE-AERO,32040,-19.25,146.77,r1i1p1,rcp85,CNRM-CM5,2080-2099,56.9,62.36,58.39,51.22,55.74,60.78,53.13,59.64,66.92,60.27,59.35,55.54,51.39,50.37,51.91,52.54,57.02,57.65,60.17
WAGGA-WAGGA-AMO,72150,-35.16,147.46,r1i1p1,rcp85,CNRM-CM5,2080-2099,40.71,25.84,38.63,59.21,39.42,28.69,52.88,24.59,28.28,28.68,36.38,50.84,61.49,61.61,54.54,48.81,40.01,29.44,23.85
WILLIAMTOWN-RAAF,61078,-32.79,151.84,r1i1p1,rcp85,CNRM-CM5,2080-2099,54.21,56.03,59.34,53.29,48.37,56.05,52.48,56.34,59.86,58.8,58.45,60.75,56.91,54.46,48.51,46.86,47.42,50.84,51.35
WOOMERA-AERODROME,16001,-31.16,136.81,r1i1p1,rcp85,CNRM-CM5,2080-2099,26.32,20.32,27.51,36.22,21.31,21.26,31.45,18.5,22.81,21.37,26.36,34.81,42.41,36.58,29.68,24.63,20.63,18.68,19.44
ADELAIDE-KENT-TOWN,23090,-34.92,138.62,r1i1p1,rcp85,CanESM2,2020-2039,47.84,37.81,47.95,59.9,45.62,40.18,55.47,37.72,36.07,41.59,46.47,55.79,62.56,60.38,56.77,51.49,45.83,39.54,39.83
ALBANY-AIRPORT-COMPARISON,9741,-34.94,117.8,r1i1p1,rcp85,CanESM2,2020-2039,61.4,56.54,59.85,66.47,62.77,57.97,64.89,56.18,55.69,58.17,58.69,62.7,67.46,67.14,64.82,64.13,63.11,61.06,57.6
ALICE-SPRINGS-AIRPORT,15590,-23.8,133.89,r1i1p1,rcp85,CanESM2,2020-2039,23.24,21.22,25.32,29.07,17.42,20.94,25.57,18.23,24.29,20.73,23.53,31.68,34.22,29.63,23.36,17.11,17.38,17.77,20.9
AMBERLEY-AMO,40004,-27.63,152.71,r1i1p1,rcp85,CanESM2,2020-2039,44.02,48.73,49.51,39.56,38.31,48.04,40.03,47.07,52.31,50.54,48.87,49.14,43.42,39.82,35.43,33.38,39.02,42.53,46.71
BRISBANE-AERO,40842,-27.39,153.13,r1i1p1,rcp85,CanESM2,2020-2039,55.59,60.09,58.88,49.5,53.87,59.29,51.83,59.45,61.4,60.03,59.14,57.48,51.33,49.9,47.27,49.75,55.26,56.61,59.5
BROOME-AIRPORT,3003,-17.95,122.23,r1i1p1,rcp85,CanESM2,2020-2039,48.74,65.45,45.45,32.61,51.46,59.04,38.48,64.74,68.68,59.83,41.93,34.61,33.51,30.64,33.67,44.12,54.34,55.92,62.93
CAIRNS-AERO,31011,-16.87,145.75,r1i1p1,rcp85,CanESM2,2020-2039,62.32,66.72,66.16,58.61,57.74,65.8,58.86,64.55,70.89,67.63,66.27,64.58,61.67,57.98,56.19,54.91,57.81,60.5,64.84
CANBERRA-AIRPORT-COMPARISON,70014,-35.3,149.2,r1i1p1,rcp85,CanESM2,2020-2039,47.29,38.65,47.75,57.39,45.22,40.94,53.57,37.09,40.64,42.08,47.2,53.98,60.4,58.98,52.79,50.17,45.11,40.37,38.66
CARNARVON-AIRPORT,6011,-24.89,113.67,r1i1p1,rcp85,CanESM2,2020-2039,52.33,56.73,51.96,49.99,50.65,54.93,49.75,58.22,56.49,54.48,52.66,48.73,49.38,50.64,49.96,49.08,50.73,52.15,55.39
CEDUNA-AMO,18012,-32.13,133.7,r1i1p1,rcp85,CanESM2,2020-2039,46.31,45.34,45.89,50.54,43.47,44.54,48.08,44.6,45.6,44.9,44.86,47.93,51.6,50.64,49.37,45.68,43.28,41.46,45.79
CHARLEVILLE-AERO,44021,-26.42,146.25,r1i1p1,rcp85,CanESM2,2020-2039,28.5,28.15,31.36,32.53,21.81,27.79,29.09,25.5,35.26,28.54,30.67,34.87,36.92,33.89,26.8,21.46,20.61,23.36,24.17
COBAR-MO,48027,-31.49,145.83,r1i1p1,rcp85,CanESM2,2020-2039,34.86,26.65,37.83,46.13,28.75,29.05,40.64,24.4,31.23,32.06,36.34,45.1,49.42,48.19,40.78,32.5,27.87,25.9,24.52
COFFS-HARBOUR-MO,59040,-30.31,153.12,r1i1p1,rcp85,CanESM2,2020-2039,61.66,66.55,66.38,54.64,59.08,66.28,57.06,65.66,68.7,69.05,66.56,63.54,56.57,55.31,52.03,55.17,59.76,62.32,65.29
DARWIN-AIRPORT,14015,-12.42,130.89,r1i1p1,rcp85,CanESM2,2020-2039,53.03,69.51,53.11,37.51,52.09,63.9,42.26,69.71,72.87,66.1,50.96,42.26,36.71,36.75,39.08,46.56,52.2,57.52,65.71
DUBBO-AIRPORT-AWS,65070,-32.22,148.58,r1i1p1,rcp85,CanESM2,2020-2039,44.24,34.48,45.59,56.74,39.79,36.92,51.63,32.93,38.06,39.91,43.78,53.09,57.79,59.28,53.16,47.74,37.75,33.4,32.73
EAST-SALE-AIRPORT,85072,-38.12,147.13,r1i1p1,rcp85,CanESM2,2020-2039,56.95,51.98,57.9,62.6,55.25,53.2,60.66,51.27,51.05,54.53,56.53,62.64,65.37,63.84,58.6,58.8,54.72,52.21,53.84
ESPERANCE,9789,-33.83,121.89,r1i1p1,rcp85,CanESM2,2020-2039,57.32,57.52,56.72,59.21,55.95,57.03,57.66,57.29,57.8,56.76,56.64,56.75,60.23,60.57,56.85,56.7,54.88,56.26,57.14
GERALDTON-AIRPORT-COMPARISON,8051,-28.8,114.7,r1i1p1,rcp85,CanESM2,2020-2039,47.69,44.47,43.71,55.14,47.52,43.74,51.7,45.39,41.52,41.87,42.83,46.44,51.86,57.15,56.41,51.84,46.48,44.24,46.22
HOBART-ELLERSLIE-ROAD,94029,-42.89,147.33,r1i1p1,rcp85,CanESM2,2020-2039,55.36,51.76,56.54,60.23,53.05,52.85,57.95,51.65,50.99,53.05,56.22,60.36,63.09,61.12,56.47,54.17,52.46,52.51,52.28
KALGOORLIE-BOULDER-AIRPORT,12038,-30.78,121.45,r1i1p1,rcp85,CanESM2,2020-2039,32.29,25.4,36.36,43.17,24.32,27.44,37.05,22.86,29.71,30.26,35.43,42.48,46.64,44.79,38.08,27.77,22.57,22.61,23.08
LAUNCESTON-AIRPORT-COMPARISON,91104,-41.54,147.2,r1i1p1,rcp85,CanESM2,2020-2039,55.97,45.43,55.11,68.64,54.81,47.91,64.1,44.83,44.82,45.85,54.64,64.85,70.77,70.29,64.87,58.97,54.83,50.62,46.25
LAVERTON-RAAF,87031,-37.86,144.76,r1i1p1,rcp85,CanESM2,2020-2039,56.3,49.99,56.46,64.12,54.56,51.21,61.3,50.86,48.21,52.12,54.91,62.33,66.63,64.19,61.56,59.09,54,50.59,51.05
MACKAY-M.O,33119,-21.12,149.22,r1i1p1,rcp85,CanESM2,2020-2039,67.8,68.12,71.98,67.73,63.4,68.62,67,65.78,72.43,70.36,73,72.57,68.59,67.98,66.63,62.94,63.29,63.97,66.1
MEEKATHARRA-AIRPORT,7045,-26.61,118.54,r1i1p1,rcp85,CanESM2,2020-2039,24.83,19.75,27.25,35.64,16.5,20.73,28.83,17.78,25.19,22.91,27.72,31.11,39.16,37.32,30.45,19.13,15.8,14.59,16.31
MELBOURNE-AIRPORT,86282,-37.68,144.84,r1i1p1,rcp85,CanESM2,2020-2039,53.29,44.99,53.44,63.18,51.44,46.76,59.7,45.56,43.32,47.88,51.64,60.8,66.01,64.04,59.49,56.85,51.02,46.45,46.46
MILDURA-AIRPORT,76031,-34.23,142.08,r1i1p1,rcp85,CanESM2,2020-2039,37.27,27.04,38.37,51.54,32.12,29.08,45.48,25.96,28.12,30.91,35.86,48.35,55.25,53.08,46.29,39.21,30.7,26.44,27.08
MOREE-AERO,53115,-29.49,149.85,r1i1p1,rcp85,CanESM2,2020-2039,36.79,33.84,38.75,43.96,30.36,34.12,39.37,32.63,38.55,35.99,37.63,42.63,45.9,47.09,38.88,32.56,29.14,29.37,31.07
MOUNT-GAMBIER-AERO,26021,-37.75,140.77,r1i1p1,rcp85,CanESM2,2020-2039,57.42,45.24,56.25,70.5,57.83,48.03,66.91,44.95,42.09,47.48,54.18,67.09,73.94,71.26,66.3,63.12,59.72,50.64,48.3
MOUNT-ISA-AERO,29127,-20.68,139.49,r1i1p1,rcp85,CanESM2,2020-2039,24.48,31.23,26.86,22.41,17.36,28.02,20.9,29.24,37.24,29.74,24.28,26.55,26.45,23.28,17.51,15.44,16.17,20.46,27.4
NOWRA-RAN-AIR-STATION-AWS,68072,-34.95,150.54,r1i1p1,rcp85,CanESM2,2020-2039,57.9,61.9,61.46,54.18,53.72,61.12,54.65,61.75,64.86,62.66,61.52,60.19,56.24,55.7,50.59,50.94,54,56.47,59.46
PERTH-AIRPORT,9021,-31.93,115.98,r1i1p1,rcp85,CanESM2,2020-2039,44.96,35.36,42.6,56.08,45.94,37.63,52.41,35.19,33.29,36.77,42.11,48.91,56.84,57.69,53.69,51.4,45.91,40.52,37.14
PORT-HEDLAND-AIRPORT,4032,-20.37,118.63,r1i1p1,rcp85,CanESM2,2020-2039,37.91,50.13,36.21,31.42,34,43.85,32.07,51.58,52.18,41.65,33.68,33.31,34.5,30.46,29.31,29.67,35.18,37.15,46.23
RICHMOND-RAAF,67105,-33.6,150.78,r1i1p1,rcp85,CanESM2,2020-2039,48.02,49.32,54.14,47.8,40.69,49.72,46.33,47.62,54.1,53.96,53.16,55.29,51.57,49.76,42.08,39.4,39.89,42.79,46.63
ROCKHAMPTON-AERO,39083,-23.38,150.48,r1i1p1,rcp85,CanESM2,2020-2039,45.34,50.24,49.18,41.45,40.53,48.99,41.73,48.93,53.44,49.4,49.75,48.4,44.31,40.95,39.09,36.51,41.12,43.97,48.16
SYDNEY-AIRPORT-AMO,66037,-33.94,151.17,r1i1p1,rcp85,CanESM2,2020-2039,56.4,59.9,61.77,52.63,51.2,59.75,53.08,59.64,63.03,62.59,62.2,60.53,55.23,54.17,48.49,49.51,50.56,53.52,57.32
TENNANT-CREEK-AIRPORT,15135,-19.64,134.18,r1i1p1,rcp85,CanESM2,2020-2039,23.06,29.32,24.95,20.85,17.16,26.24,19.87,27.88,33.41,27.11,22.93,24.81,24.64,21.59,16.33,15.12,16.76,19.6,26.56
TOWNSVILLE-AERO,32040,-19.25,146.77,r1i1p1,rcp85,CanESM2,2020-2039,56.24,62.16,58.22,50.75,53.76,60.39,52.06,59.61,66.94,60.58,58.56,55.52,51.4,50.31,50.52,50.37,54.21,56.7,60.17
WAGGA-WAGGA-AMO,72150,-35.16,147.46,r1i1p1,rcp85,CanESM2,2020-2039,45.04,29.16,42.83,63.59,44.35,32.49,57.45,26.99,31.14,34.24,40.62,53.62,65.82,65.5,59.45,56.11,44.17,32.76,30.01
WILLIAMTOWN-RAAF,61078,-32.79,151.84,r1i1p1,rcp85,CanESM2,2020-2039,56.07,57.56,62.22,54.44,50.03,58.18,54.03,56,61.96,62.86,61.9,61.9,57.58,56.72,49.03,48.54,50.4,51.14,54.79
WOOMERA-AERODROME,16001,-31.16,136.81,r1i1p1,rcp85,CanESM2,2020-2039,28.86,21.62,29.98,40.29,23.51,22.87,34.88,20.1,23,24.06,28.12,37.75,44.32,40.35,36.21,27.2,23.43,19.91,21.91
ADELAIDE-KENT-TOWN,23090,-34.92,138.62,r1i1p1,rcp85,CanESM2,2040-2059,47.15,36.96,47.37,59.35,44.85,39.41,54.86,36.04,36.69,41.28,45.64,55.21,62.23,60,55.81,51.16,44.77,38.63,38.34
ALBANY-AIRPORT-COMPARISON,9741,-34.94,117.8,r1i1p1,rcp85,CanESM2,2040-2059,61.28,56.01,60.16,66.44,62.57,57.93,64.71,55.2,55.71,59.15,58.66,62.66,67.5,67.06,64.77,63.62,62.65,61.45,56.95
ALICE-SPRINGS-AIRPORT,15590,-23.8,133.89,r1i1p1,rcp85,CanESM2,2040-2059,22.37,20.84,24.66,27.56,16.49,20.23,24.54,17.58,24.7,20.08,22.4,31.51,33.3,27.63,21.77,15.98,17.05,16.42,19.99
AMBERLEY-AMO,40004,-27.63,152.71,r1i1p1,rcp85,CanESM2,2040-2059,43.94,49.3,49.45,38.9,38.16,48.34,39.58,47.59,53.21,50.65,48.63,49.06,43.44,38.76,34.5,32.58,39.14,42.76,47.01
BRISBANE-AERO,40842,-27.39,153.13,r1i1p1,rcp85,CanESM2,2040-2059,55.58,60.76,58.88,48.81,53.83,59.72,51.36,59.91,62.48,60.29,58.98,57.36,51.42,48.72,46.28,48.8,55.6,57.09,59.98
BROOME-AIRPORT,3003,-17.95,122.23,r1i1p1,rcp85,CanESM2,2040-2059,48.64,65.15,45.81,32.06,51.55,59.08,38.24,64.16,68.74,60.61,41.14,35.69,32.46,30.25,33.47,44.5,53.07,57.09,62.55
CAIRNS-AERO,31011,-16.87,145.75,r1i1p1,rcp85,CanESM2,2040-2059,62.36,67.09,65.64,58.74,57.94,65.76,58.98,64.82,71.17,66.52,66.3,64.1,61.95,58.17,56.11,55.59,57.96,60.27,65.4
CANBERRA-AIRPORT-COMPARISON,70014,-35.3,149.2,r1i1p1,rcp85,CanESM2,2040-2059,46.23,38.17,47.28,56.22,43.13,40.11,52.29,37.01,41.19,41.56,45.97,54.3,60.11,57.85,50.7,47.09,43.68,38.6,36.74
CARNARVON-AIRPORT,6011,-24.89,113.67,r1i1p1,rcp85,CanESM2,2040-2059,51.98,55.74,52.89,49.04,50.28,54.71,49.28,56.57,56.08,55.4,53.34,49.94,48.5,49.1,49.52,48.6,50.02,52.2,54.49
CEDUNA-AMO,18012,-32.13,133.7,r1i1p1,rcp85,CanESM2,2040-2059,45.73,44.5,45.47,50.13,42.81,43.89,47.57,43.24,45.47,44.45,44.11,47.85,51.67,50.31,48.4,45.06,42.11,41.28,44.78
CHARLEVILLE-AERO,44021,-26.42,146.25,r1i1p1,rcp85,CanESM2,2040-2059,27.67,28,30.38,31.12,21.04,27.12,28.1,25.69,35.08,26.63,30.04,34.46,36.16,31.99,25.21,20.52,20.26,22.33,23.69
COBAR-MO,48027,-31.49,145.83,r1i1p1,rcp85,CanESM2,2040-2059,33.75,26.3,36.67,44.75,27.22,27.93,39.55,24.56,31.73,30.07,34.64,45.31,49.17,46.19,38.88,30.69,27.07,23.9,22.8
COFFS-HARBOUR-MO,59040,-30.31,153.12,r1i1p1,rcp85,CanESM2,2040-2059,61.12,66.93,65.8,53.42,58.36,66.18,56.09,66.59,69.23,68.61,65.31,63.46,56.4,53.53,50.33,53.66,59.14,62.26,64.95
DARWIN-AIRPORT,14015,-12.42,130.89,r1i1p1,rcp85,CanESM2,2040-2059,53.11,69.99,53.43,37.34,51.78,64.22,42.09,70.6,72.81,66.34,51.38,42.56,36.21,36.75,39.06,47.07,50.9,57.36,66.29
DUBBO-AIRPORT-AWS,65070,-32.22,148.58,r1i1p1,rcp85,CanESM2,2040-2059,42.88,34.13,44.38,55.14,37.53,35.81,50.01,33.58,38.25,38.44,41.57,53.14,57.53,57.2,50.6,44.37,36.24,31.59,30.93
EAST-SALE-AIRPORT,85072,-38.12,147.13,r1i1p1,rcp85,CanESM2,2040-2059,56.1,51,57.3,62,54.04,52.19,59.98,50.4,51.59,53.63,55.49,62.79,65.07,63.53,57.39,57,54.11,51.01,51.21
ESPERANCE,9789,-33.83,121.89,r1i1p1,rcp85,CanESM2,2040-2059,57.05,56.76,57.3,58.79,55.48,56.88,57.26,55.98,57.36,57.75,56.97,57.18,60.07,59.85,56.44,55.79,54.25,56.38,56.61
GERALDTON-AIRPORT-COMPARISON,8051,-28.8,114.7,r1i1p1,rcp85,CanESM2,2040-2059,47.35,43.4,44.16,54.27,47.66,43.54,51.22,43.94,40.84,42.49,43.25,46.74,51.1,55.82,55.87,51.8,45.98,45.2,45.16
HOBART-ELLERSLIE-ROAD,94029,-42.89,147.33,r1i1p1,rcp85,CanESM2,2040-2059,55.33,51.75,56.43,60.22,53.06,52.87,57.86,51.64,51.1,52.86,56.24,60.18,63.09,61.45,56.13,54.03,52.28,52.87,52.15
KALGOORLIE-BOULDER-AIRPORT,12038,-30.78,121.45,r1i1p1,rcp85,CanESM2,2040-2059,31.71,24.23,36.86,42.19,23.67,26.95,36.39,21.5,28.76,30.65,36,42.98,46.34,43.26,36.99,26.86,21.92,22.22,21.88
LAUNCESTON-AIRPORT-COMPARISON,91104,-41.54,147.2,r1i1p1,rcp85,CanESM2,2040-2059,55.83,45.34,54.96,68.45,54.71,47.87,63.87,44.85,44.96,45.77,54.38,64.71,70.72,70.45,64.18,58.58,54.59,50.97,45.82
LAVERTON-RAAF,87031,-37.86,144.76,r1i1p1,rcp85,CanESM2,2040-2059,55.56,49.04,55.83,63.8,53.52,50.24,60.79,49.35,49.32,50.95,54.13,62.4,66.51,64.24,60.64,57.8,53.16,49.6,48.6
MACKAY-M.O,33119,-21.12,149.22,r1i1p1,rcp85,CanESM2,2040-2059,67.68,68.41,71.4,67.59,63.34,68.47,66.9,65.76,72.28,69.64,73.37,71.18,68.57,67.74,66.46,63.35,64.1,62.57,67.15
MEEKATHARRA-AIRPORT,7045,-26.61,118.54,r1i1p1,rcp85,CanESM2,2040-2059,24.22,18.8,27.62,34.28,16.03,20.33,28.03,16.84,24.52,23.2,27.95,31.72,38.8,35.09,28.94,18.5,15.13,14.47,15.04
MELBOURNE-AIRPORT,86282,-37.68,144.84,r1i1p1,rcp85,CanESM2,2040-2059,52.55,44.05,52.82,62.84,50.38,45.8,59.19,44.12,44.35,46.72,50.86,60.88,65.87,64.07,58.57,55.52,50.2,45.41,44.06
MILDURA-AIRPORT,76031,-34.23,142.08,r1i1p1,rcp85,CanESM2,2040-2059,36.49,26.35,37.83,50.66,31.09,28.26,44.72,24.83,29.05,29.97,35.19,48.34,55.01,52.16,44.82,38.1,29.89,25.26,25.2
MOREE-AERO,53115,-29.49,149.85,r1i1p1,rcp85,CanESM2,2040-2059,35.91,33.93,37.8,42.33,29.32,33.63,38.1,33.6,38.6,35.01,36.21,42.19,45.36,44.89,36.73,30.81,28.6,28.56,30.32
MOUNT-GAMBIER-AERO,26021,-37.75,140.77,r1i1p1,rcp85,CanESM2,2040-2059,57.09,44.93,55.89,70.3,57.36,47.79,66.48,43.6,42.92,47.12,54.01,66.55,73.66,71.38,65.87,62.68,58.73,50.67,47.86
MOUNT-ISA-AERO,29127,-20.68,139.49,r1i1p1,rcp85,CanESM2,2040-2059,24.1,31.22,26.21,21.91,16.99,27.63,20.53,28.77,37.47,28.04,24.31,26.29,26.12,22.49,17.11,15.12,16.05,19.8,27.63
NOWRA-RAN-AIR-STATION-AWS,68072,-34.95,150.54,r1i1p1,rcp85,CanESM2,2040-2059,57.09,61.69,61.1,53.11,52.1,60.54,53.61,61.88,65.78,62.46,60.28,60.58,55.91,54.49,48.94,48.73,52.77,55.06,57.79
PERTH-AIRPORT,9021,-31.93,115.98,r1i1p1,rcp85,CanESM2,2040-2059,44.85,34.89,42.87,55.85,45.93,37.64,52.18,34.62,32.94,37.51,42.32,48.79,56.65,57.25,53.66,51.4,45.34,41.05,36.67
PORT-HEDLAND-AIRPORT,4032,-20.37,118.63,r1i1p1,rcp85,CanESM2,2040-2059,37.24,49.07,36.5,30.41,33.1,43.16,31.42,50.79,51.78,42.42,32.91,34.16,33.13,29.37,28.74,29.55,33.54,36.22,44.28
RICHMOND-RAAF,67105,-33.6,150.78,r1i1p1,rcp85,CanESM2,2040-2059,47.1,49.08,53.42,46.6,39.17,49.03,45.18,48.11,54.4,53.44,51.41,55.41,51.2,48.29,40.31,37.3,38.58,41.64,45.11
ROCKHAMPTON-AERO,39083,-23.38,150.48,r1i1p1,rcp85,CanESM2,2040-2059,45.38,50.66,49.08,41.25,40.57,49.19,41.61,49.26,53.73,49.27,50.1,47.89,44.43,40.61,38.72,36.39,41.64,43.68,48.82
SYDNEY-AIRPORT-AMO,66037,-33.94,151.17,r1i1p1,rcp85,CanESM2,2040-2059,55.5,59.73,61.17,51.37,49.63,59.15,51.88,60.15,63.48,62.31,60.48,60.72,54.81,52.64,46.66,47.26,49.16,52.45,55.85
TENNANT-CREEK-AIRPORT,15135,-19.64,134.18,r1i1p1,rcp85,CanESM2,2040-2059,22.62,29.2,24.21,20.31,16.78,25.74,19.48,27.27,33.87,25.52,22.43,24.68,24.22,20.76,15.94,14.79,16.46,19.09,26.34
TOWNSVILLE-AERO,32040,-19.25,146.77,r1i1p1,rcp85,CanESM2,2040-2059,56.01,62.34,57.35,50.6,53.66,60.02,51.95,59.76,66.74,58.83,58.63,54.6,51.31,50.11,50.37,50.92,54.4,55.67,60.74
WAGGA-WAGGA-AMO,72150,-35.16,147.46,r1i1p1,rcp85,CanESM2,2040-2059,43.93,28.57,42.26,62.55,42.12,31.54,56.18,26.62,31.83,33.3,39.55,53.94,65.85,64.52,57.3,52.83,42.67,30.86,27.87
WILLIAMTOWN-RAAF,61078,-32.79,151.84,r1i1p1,rcp85,CanESM2,2040-2059,54.84,57.21,61.25,52.78,48.11,57.37,52.38,56.81,61.75,62.44,59.52,61.8,57.02,54.73,46.61,45.82,48.33,50.18,53.13
WOOMERA-AERODROME,16001,-31.16,136.81,r1i1p1,rcp85,CanESM2,2040-2059,28.14,20.82,29.52,39.36,22.81,22.14,34.16,19.15,22.84,23.66,27.21,37.68,44.24,39.31,34.53,26.51,22.69,19.23,20.62
ADELAIDE-KENT-TOWN,23090,-34.92,138.62,r1i1p1,rcp85,CanESM2,2060-2079,46.91,36.78,47.63,59.17,43.99,39.27,54.52,37.02,35.15,41.07,46.19,55.61,62.67,60.16,54.68,50.02,43.95,37.99,38.35
ALBANY-AIRPORT-COMPARISON,9741,-34.94,117.8,r1i1p1,rcp85,CanESM2,2060-2079,61.18,56.09,59.9,66.42,62.37,57.85,64.59,55.72,55.69,58.64,58.8,62.28,67.48,67.02,64.75,63.77,62.22,61.11,56.7
ALICE-SPRINGS-AIRPORT,15590,-23.8,133.89,r1i1p1,rcp85,CanESM2,2060-2079,21.98,20.32,24.41,27.85,15.42,19.83,24.16,17.65,22.94,20.16,22.29,30.79,34.99,28.03,20.52,14.77,15.88,15.6,20.13
AMBERLEY-AMO,40004,-27.63,152.71,r1i1p1,rcp85,CanESM2,2060-2079,44,49.71,49.76,39.22,37.34,48.54,39.48,47.92,53.03,51.55,48.59,49.13,43.72,39.18,34.75,32.19,37.91,41.9,48.08
BRISBANE-AERO,40842,-27.39,153.13,r1i1p1,rcp85,CanESM2,2060-2079,55.7,61.21,59.19,49.26,53.1,59.95,51.38,60.33,62.18,61.27,58.9,57.41,51.72,49.3,46.77,48.6,54.47,56.22,61.19
BROOME-AIRPORT,3003,-17.95,122.23,r1i1p1,rcp85,CanESM2,2060-2079,48.73,65.11,45.98,32.23,51.6,59.29,38.2,63.87,68.63,60.37,42.46,35.11,33.8,30.38,32.51,43.54,53.9,57.36,62.83
CAIRNS-AERO,31011,-16.87,145.75,r1i1p1,rcp85,CanESM2,2060-2079,62.79,67.78,66.44,59.06,57.83,66.43,59.16,66.24,71.68,68.16,66.51,64.66,61.97,58.75,56.47,55.2,57.93,60.37,65.53
CANBERRA-AIRPORT-COMPARISON,70014,-35.3,149.2,r1i1p1,rcp85,CanESM2,2060-2079,46.38,39.24,47.89,56.32,41.92,40.74,51.95,38.35,41.62,42.43,46.39,54.86,61.11,58.18,49.68,45.97,41.89,37.91,38.18
CARNARVON-AIRPORT,6011,-24.89,113.67,r1i1p1,rcp85,CanESM2,2060-2079,52.25,56.12,52.82,49.51,50.56,54.92,49.6,56.73,56.06,55.2,53.62,49.64,48.98,50.03,49.5,49.33,50.11,52.23,55.49
CEDUNA-AMO,18012,-32.13,133.7,r1i1p1,rcp85,CanESM2,2060-2079,45.74,44.59,45.79,50.21,42.37,43.94,47.53,44.14,44.63,44.77,44.68,47.9,52.28,50.68,47.66,44.62,42.07,40.44,44.99
CHARLEVILLE-AERO,44021,-26.42,146.25,r1i1p1,rcp85,CanESM2,2060-2079,27.65,28.63,31.01,31.35,19.43,27.46,27.71,26.15,35.63,28.23,29.85,34.96,37.09,32.36,24.62,19.13,18.11,21.05,24.59
COBAR-MO,48027,-31.49,145.83,r1i1p1,rcp85,CanESM2,2060-2079,33.74,26.53,37.55,45.03,25.77,28.33,39.12,24.88,31.3,31.9,35.1,45.65,50.48,47.19,37.44,28.94,25.04,23.33,23.62
COFFS-HARBOUR-MO,59040,-30.31,153.12,r1i1p1,rcp85,CanESM2,2060-2079,61.14,67.83,66.21,53.71,56.81,66.53,55.77,67.36,69.26,69.4,65.43,63.8,57.25,53.83,50.05,52.68,57.01,60.75,66.85
DARWIN-AIRPORT,14015,-12.42,130.89,r1i1p1,rcp85,CanESM2,2060-2079,53.04,70.25,53.2,37.34,51.47,64.26,41.91,71.07,72.99,66.21,51.12,42.28,36.51,36.68,38.81,46.32,50.87,57.23,66.44
DUBBO-AIRPORT-AWS,65070,-32.22,148.58,r1i1p1,rcp85,CanESM2,2060-2079,42.63,34.8,44.87,55.01,35.52,36.17,49.15,34,38.52,39.62,41.69,53.29,58.86,57.35,48.61,42.04,33.66,30.45,32.2
EAST-SALE-AIRPORT,85072,-38.12,147.13,r1i1p1,rcp85,CanESM2,2060-2079,56.29,52.51,57.87,62.11,52.62,52.97,59.58,52.8,52.1,54.46,56.1,63.06,65.89,63.6,56.85,55.63,52.45,49.77,52.81
ESPERANCE,9789,-33.83,121.89,r1i1p1,rcp85,CanESM2,2060-2079,57.37,57.25,57.7,59.06,55.6,57.35,57.44,57,57.48,58.11,57.73,57.27,60.42,60.31,56.44,56.05,54.15,56.59,56.92
GERALDTON-AIRPORT-COMPARISON,8051,-28.8,114.7,r1i1p1,rcp85,CanESM2,2060-2079,47.37,43.21,44.14,54.59,47.63,43.33,51.48,43.28,40.33,42.23,43.53,46.67,51.43,56.41,55.93,52.36,46.07,44.47,45.75
HOBART-ELLERSLIE-ROAD,94029,-42.89,147.33,r1i1p1,rcp85,CanESM2,2060-2079,54.81,51.63,55.75,59.5,52.47,52.51,57.17,51.79,50.69,52.53,55.38,59.35,62.15,60.7,55.63,53.23,51.93,52.25,52.04
KALGOORLIE-BOULDER-AIRPORT,12038,-30.78,121.45,r1i1p1,rcp85,CanESM2,2060-2079,31.7,24.28,37.02,42.09,23.52,27.07,36.25,21.62,28.24,30.55,36.56,42.99,46.56,43.53,36.19,26.65,21.57,22.34,22.43
LAUNCESTON-AIRPORT-COMPARISON,91104,-41.54,147.2,r1i1p1,rcp85,CanESM2,2060-2079,55.47,45.53,54.52,67.94,54.02,47.72,63.3,45.46,44.8,45.54,53.91,64.12,70.28,69.87,63.67,57.63,54.23,50.22,45.95
LAVERTON-RAAF,87031,-37.86,144.76,r1i1p1,rcp85,CanESM2,2060-2079,55.59,50.09,56.31,63.78,52.13,50.77,60.33,51.63,49.13,51.65,54.62,62.65,67.03,64.12,60.19,56.24,51.78,48.38,49.68
MACKAY-M.O,33119,-21.12,149.22,r1i1p1,rcp85,CanESM2,2060-2079,68.01,68.67,72.18,68.13,63.09,68.8,67.24,67.07,71.77,71.12,73.05,72.38,68.72,68.79,66.88,63.03,63.62,62.63,67.12
MEEKATHARRA-AIRPORT,7045,-26.61,118.54,r1i1p1,rcp85,CanESM2,2060-2079,23.86,18.57,27.27,33.81,15.63,20.02,27.62,16.07,23.91,22.21,28.05,31.56,38.63,35.3,27.51,17.98,14.74,14.18,15.8
MELBOURNE-AIRPORT,86282,-37.68,144.84,r1i1p1,rcp85,CanESM2,2060-2079,52.59,45.07,53.33,62.84,49,46.33,58.74,46.25,44.19,47.45,51.37,61.16,66.43,63.96,58.12,53.96,48.78,44.26,45.13
MILDURA-AIRPORT,76031,-34.23,142.08,r1i1p1,rcp85,CanESM2,2060-2079,36.48,26.42,38.66,50.71,30.1,28.54,44.43,25.59,28.01,31.05,36.1,48.83,55.61,52.89,43.64,36.92,28.66,24.72,25.69
MOREE-AERO,53115,-29.49,149.85,r1i1p1,rcp85,CanESM2,2060-2079,35.77,34.59,38.19,42.61,27.44,33.88,37.57,33.78,39.11,35.77,36.23,42.57,46.58,45.33,35.92,28.92,26.09,27.31,31.63
MOUNT-GAMBIER-AERO,26021,-37.75,140.77,r1i1p1,rcp85,CanESM2,2060-2079,56.84,45,55.88,70.1,56.52,47.61,66.17,44.77,42.28,46.7,53.96,66.99,74,71.05,65.24,61.58,58.15,49.85,47.57
MOUNT-ISA-AERO,29127,-20.68,139.49,r1i1p1,rcp85,CanESM2,2060-2079,24.17,31.94,26.43,21.93,16.31,28.02,20.28,31.46,36.94,29.29,23.86,26.15,26.33,22.51,16.93,14.64,15.15,19.16,27.62
NOWRA-RAN-AIR-STATION-AWS,68072,-34.95,150.54,r1i1p1,rcp85,CanESM2,2060-2079,57.25,62.73,61.57,53.19,51.13,61.11,53.35,63.31,66.15,63.09,60.71,60.92,56.65,54.76,48.15,47.89,51.42,54.31,59.12
PERTH-AIRPORT,9021,-31.93,115.98,r1i1p1,rcp85,CanESM2,2060-2079,44.97,34.9,42.85,56.14,46.13,37.63,52.43,34.39,32.99,37.22,42.55,48.77,56.99,57.61,53.82,51.94,45.47,40.99,36.88
PORT-HEDLAND-AIRPORT,4032,-20.37,118.63,r1i1p1,rcp85,CanESM2,2060-2079,36.99,48.85,36.23,30.44,32.54,43.05,31.02,49.89,50.99,41.71,33.74,33.25,34.23,29.35,27.74,28.59,32.95,36.08,45.31
RICHMOND-RAAF,67105,-33.6,150.78,r1i1p1,rcp85,CanESM2,2060-2079,47.06,49.97,53.79,46.56,37.78,49.42,44.7,49,54.81,54.03,51.67,55.67,52.18,48.29,39.21,35.99,36.87,40.48,46.47
ROCKHAMPTON-AERO,39083,-23.38,150.48,r1i1p1,rcp85,CanESM2,2060-2079,45.54,50.86,49.5,41.53,40.33,49.41,41.72,49.57,53.49,50.45,49.83,48.22,44.42,41.1,39.06,36.19,41.3,43.49,49.36
SYDNEY-AIRPORT-AMO,66037,-33.94,151.17,r1i1p1,rcp85,CanESM2,2060-2079,55.45,60.67,61.5,51.33,48.18,59.53,51.38,61.2,63.88,62.75,60.81,60.96,55.75,52.67,45.58,45.91,47.43,51.21,57.21
TENNANT-CREEK-AIRPORT,15135,-19.64,134.18,r1i1p1,rcp85,CanESM2,2060-2079,22.56,29.21,24.48,20.39,16.18,25.82,19.28,28.81,32.76,26.65,22.25,24.53,24.93,20.75,15.5,14.26,15.75,18.54,25.94
TOWNSVILLE-AERO,32040,-19.25,146.77,r1i1p1,rcp85,CanESM2,2060-2079,56.35,62.78,58.34,50.95,53.27,60.56,52.11,61.01,66.78,60.82,58.69,55.49,51.4,50.77,50.67,50.44,53.87,55.49,60.8
WAGGA-WAGGA-AMO,72150,-35.16,147.46,r1i1p1,rcp85,CanESM2,2060-2079,44.03,29.35,43.09,62.67,40.78,32.13,55.79,27.67,31.83,34.58,40.05,54.63,66.6,65.13,56.29,51.42,40.66,30.28,29.19
WILLIAMTOWN-RAAF,61078,-32.79,151.84,r1i1p1,rcp85,CanESM2,2060-2079,54.58,58.31,61.57,52.6,45.8,57.68,51.53,57.76,62.3,62.79,59.79,62.13,58.4,54.4,45.01,43.61,45.66,48.13,54.93
WOOMERA-AERODROME,16001,-31.16,136.81,r1i1p1,rcp85,CanESM2,2060-2079,27.97,20.65,29.8,39.39,21.99,22.13,33.83,19.58,21.7,24.09,27.89,37.42,44.84,40.05,33.26,25.5,21.88,18.6,20.81
ADELAIDE-KENT-TOWN,23090,-34.92,138.62,r1i1p1,rcp85,CanESM2,2080-2099,47.11,37.02,47.35,59.42,44.78,39.27,55.04,37.15,36.06,40.46,46.08,55.51,62.59,60.88,54.78,51.61,44.86,37.86,37.44
ALBANY-AIRPORT-COMPARISON,9741,-34.94,117.8,r1i1p1,rcp85,CanESM2,2080-2099,60.99,56.07,60.54,66.04,61.33,57.83,64.23,56.11,55.45,58.96,59.46,63.18,67.39,66.66,64.06,62.62,61.47,59.89,56.58
ALICE-SPRINGS-AIRPORT,15590,-23.8,133.89,r1i1p1,rcp85,CanESM2,2080-2099,22.21,20.42,24.19,28.19,15.83,19.94,24.39,17.73,23.23,19.47,23.07,30.03,34.96,28.36,21.25,16.03,15.73,15.73,20.92
AMBERLEY-AMO,40004,-27.63,152.71,r1i1p1,rcp85,CanESM2,2080-2099,43.79,49.61,48.47,39.53,37.66,48.04,39.62,48.55,52.63,49.47,47.86,48.09,44.33,39.43,34.83,32.51,38.56,41.9,47.37
BRISBANE-AERO,40842,-27.39,153.13,r1i1p1,rcp85,CanESM2,2080-2099,56.09,61.48,58.57,50.11,54.1,59.93,52.15,61.35,62.4,59.76,58.95,57.01,52.89,50.08,47.36,49.56,55.99,56.76,60.99
BROOME-AIRPORT,3003,-17.95,122.23,r1i1p1,rcp85,CanESM2,2080-2099,49.21,65.15,46.39,32.4,52.82,59.71,38.68,64.21,68.24,60.52,43.37,35.28,34.11,29.95,33.13,44.38,55.2,58.87,63.2
CAIRNS-AERO,31011,-16.87,145.75,r1i1p1,rcp85,CanESM2,2080-2099,63.04,68.52,66.05,59.61,58.09,66.66,59.54,67.37,72.55,67.89,66.29,63.96,62.83,58.66,57.34,56.36,58.1,59.81,65.3
CANBERRA-AIRPORT-COMPARISON,70014,-35.3,149.2,r1i1p1,rcp85,CanESM2,2080-2099,46.21,39.36,46.62,56.39,42.75,40.38,52.15,39.03,41.52,41.77,44.63,53.45,60.78,58.67,49.7,47.54,42.75,37.96,36.75
CARNARVON-AIRPORT,6011,-24.89,113.67,r1i1p1,rcp85,CanESM2,2080-2099,52.04,56.23,52.95,49.08,49.85,54.74,49.34,58.06,55.17,54.28,53.76,50.79,48.32,49.33,49.59,49.01,48.99,51.53,55.67
CEDUNA-AMO,18012,-32.13,133.7,r1i1p1,rcp85,CanESM2,2080-2099,45.73,44.2,45.83,50.33,42.69,43.66,47.89,43.94,44.21,43.62,45.65,48.21,51.99,51.02,47.99,46.09,42.03,39.95,44.05
CHARLEVILLE-AERO,44021,-26.42,146.25,r1i1p1,rcp85,CanESM2,2080-2099,27.44,28.01,29.99,32.26,19.64,26.9,28.18,25.69,34.34,26.6,29.51,33.86,38.31,33.1,25.36,19.84,18.58,20.49,23.64
COBAR-MO,48027,-31.49,145.83,r1i1p1,rcp85,CanESM2,2080-2099,33.38,26.01,36.38,45.18,26.19,27.66,39.35,24.58,29.97,30.5,34.11,44.52,50.47,47.84,37.25,30.63,25.42,22.51,22.71
COFFS-HARBOUR-MO,59040,-30.31,153.12,r1i1p1,rcp85,CanESM2,2080-2099,61.1,67.47,64.97,54.23,57.84,66.02,56.24,67.29,69.32,68.14,64.5,62.26,57.91,54.11,50.68,53.82,58.63,61.08,65.51
DARWIN-AIRPORT,14015,-12.42,130.89,r1i1p1,rcp85,CanESM2,2080-2099,52.99,70.34,52.9,37.26,51.35,64.13,41.82,71.12,73.15,66.34,50.6,41.75,36.57,36.72,38.5,46.59,50.78,56.68,67.08
DUBBO-AIRPORT-AWS,65070,-32.22,148.58,r1i1p1,rcp85,CanESM2,2080-2099,42.34,33.82,43.29,55.55,36.82,35.16,49.76,33.18,36.78,38.09,40.2,51.59,58.7,58.57,49.18,44.39,35.05,30.6,31
EAST-SALE-AIRPORT,85072,-38.12,147.13,r1i1p1,rcp85,CanESM2,2080-2099,55.76,52.41,56.79,61.65,52.5,52.42,59.38,52.86,52.07,53.36,54.76,62.26,65,63.5,56.44,56.41,52.67,48.42,51.36
ESPERANCE,9789,-33.83,121.89,r1i1p1,rcp85,CanESM2,2080-2099,57.63,57.83,58.25,59.14,55.28,57.66,57.6,58.56,57.52,58.29,57.94,58.52,60.69,60.28,56.47,55.85,53.82,56.16,57.48
GERALDTON-AIRPORT-COMPARISON,8051,-28.8,114.7,r1i1p1,rcp85,CanESM2,2080-2099,47.34,43.81,44.45,54.11,46.9,43.46,51.22,44.97,40.54,41.83,43.43,48.1,51.24,55.48,55.62,51.19,45.69,43.82,46.17
HOBART-ELLERSLIE-ROAD,94029,-42.89,147.33,r1i1p1,rcp85,CanESM2,2080-2099,54.03,50.97,54.74,58.67,52.09,51.86,56.4,51.18,50.5,51.77,54.68,57.78,61.37,59.76,54.87,52.84,51.78,51.66,50.21
KALGOORLIE-BOULDER-AIRPORT,12038,-30.78,121.45,r1i1p1,rcp85,CanESM2,2080-2099,31.84,24.36,37.47,42.12,23.54,27.16,36.5,22.9,26.85,30.08,37.29,44,47.19,43.08,36.1,27.29,21.34,21.99,22.79
LAUNCESTON-AIRPORT-COMPARISON,91104,-41.54,147.2,r1i1p1,rcp85,CanESM2,2080-2099,54.92,44.97,53.79,67.18,53.94,47.21,62.7,45.08,44.55,44.75,53.9,62.71,69.27,69.26,63.01,57.83,54.1,49.88,44.72
LAVERTON-RAAF,87031,-37.86,144.76,r1i1p1,rcp85,CanESM2,2080-2099,55.42,50.08,55.91,63.55,52.39,50.56,60.47,51.61,49.32,51.12,53.99,62.61,66.7,64.35,59.61,57.18,52.38,47.62,48.5
MACKAY-M.O,33119,-21.12,149.22,r1i1p1,rcp85,CanESM2,2080-2099,67.6,68.13,71.15,68.02,63.31,68.29,67.14,66.17,71.78,70.09,72.32,71.03,69.24,67.65,67.18,63.61,64.13,62.19,65.8
MEEKATHARRA-AIRPORT,7045,-26.61,118.54,r1i1p1,rcp85,CanESM2,2080-2099,23.61,18.25,27.05,33.46,15.48,19.74,27.43,16.9,21.91,21.83,27.62,31.69,38.95,34.13,27.29,18.21,14.29,13.95,16.19
MELBOURNE-AIRPORT,86282,-37.68,144.84,r1i1p1,rcp85,CanESM2,2080-2099,52.36,45.24,52.83,62.6,49.09,46.2,58.79,46.14,44.78,46.85,50.7,60.95,65.84,64.3,57.65,54.78,49.2,43.3,43.85
MILDURA-AIRPORT,76031,-34.23,142.08,r1i1p1,rcp85,CanESM2,2080-2099,36.57,26.38,37.85,51.14,31.06,28.13,45.13,25.74,27.95,29.75,35.4,48.4,55.87,53.87,43.68,39.07,29.89,24.21,25.03
MOREE-AERO,53115,-29.49,149.85,r1i1p1,rcp85,CanESM2,2080-2099,35.52,34.27,36.65,43.34,28.04,33.21,37.96,33.81,37.99,33.86,35.03,41.05,47.65,46.12,36.24,29.99,26.74,27.38,30.37
MOUNT-GAMBIER-AERO,26021,-37.75,140.77,r1i1p1,rcp85,CanESM2,2080-2099,56.98,44.96,55.78,70.13,57.29,47.57,66.59,44.62,42.93,46.67,53.72,66.95,73.77,71.41,65.22,62.62,59.59,49.66,46.64
MOUNT-ISA-AERO,29127,-20.68,139.49,r1i1p1,rcp85,CanESM2,2080-2099,24.25,32.35,26.05,22.12,16.43,28.1,20.37,30.98,38.41,28.72,24.02,25.41,26.7,22.59,17.07,15.08,15.36,18.86,27.81
NOWRA-RAN-AIR-STATION-AWS,68072,-34.95,150.54,r1i1p1,rcp85,CanESM2,2080-2099,56.96,62.52,60.67,53.26,51.31,60.71,53.31,63.63,65.56,62.8,59.41,59.78,56.76,54.84,48.17,48.46,51.54,54.16,57.9
PERTH-AIRPORT,9021,-31.93,115.98,r1i1p1,rcp85,CanESM2,2080-2099,44.97,35.01,43.44,55.7,45.66,37.69,52.26,34.92,33.19,37.58,42.81,49.93,56.43,57.19,53.48,51.19,45.36,40.42,37.11
PORT-HEDLAND-AIRPORT,4032,-20.37,118.63,r1i1p1,rcp85,CanESM2,2080-2099,36.79,48.63,35.77,29.88,32.73,42.72,30.84,50.95,49.29,40.67,33.32,33.31,33.29,28.63,27.72,29.3,32.79,36.09,46.15
RICHMOND-RAAF,67105,-33.6,150.78,r1i1p1,rcp85,CanESM2,2080-2099,46.57,49.54,52.56,46.38,37.98,48.84,44.4,49.07,53.9,53.52,50.21,53.96,52,48.03,39.11,36.53,36.8,40.62,45.06
ROCKHAMPTON-AERO,39083,-23.38,150.48,r1i1p1,rcp85,CanESM2,2080-2099,45.36,50.66,48.49,41.94,40.52,48.97,41.92,49.68,53.36,48.75,49.43,47.28,45.37,40.84,39.62,36.85,41.59,43.13,48.42
SYDNEY-AIRPORT-AMO,66037,-33.94,151.17,r1i1p1,rcp85,CanESM2,2080-2099,55.15,60.26,60.6,51.4,48.51,59.05,51.36,61.24,63.22,62.45,59.56,59.8,55.87,52.68,45.65,46.65,47.54,51.36,55.76
TENNANT-CREEK-AIRPORT,15135,-19.64,134.18,r1i1p1,rcp85,CanESM2,2080-2099,22.73,29.35,24.23,20.5,16.71,25.93,19.44,28.26,32.96,26.23,22.65,23.82,24.98,20.81,15.7,14.89,16.42,18.83,27.17
TOWNSVILLE-AERO,32040,-19.25,146.77,r1i1p1,rcp85,CanESM2,2080-2099,56.43,63.18,57.54,51.29,53.81,60.54,52.42,61.26,67.86,60.25,57.95,54.41,52.17,50.34,51.34,51.65,54.58,55.21,60.06
WAGGA-WAGGA-AMO,72150,-35.16,147.46,r1i1p1,rcp85,CanESM2,2080-2099,43.71,29.47,41.65,62.49,41.55,31.68,55.92,27.88,31.83,33.13,38.59,53.24,65.48,65.72,56.27,53.02,41.81,29.8,27.76
WILLIAMTOWN-RAAF,61078,-32.79,151.84,r1i1p1,rcp85,CanESM2,2080-2099,54.07,57.49,60.09,52.54,46.34,56.8,51.45,57.45,61.46,61.88,58.02,60.36,58.1,54.21,45.3,44.66,46.06,48.31,53
WOOMERA-AERODROME,16001,-31.16,136.81,r1i1p1,rcp85,CanESM2,2080-2099,27.96,20.6,29.54,39.37,22.4,21.89,34.1,19.5,21.81,22.81,28.36,37.45,45.28,39.89,32.95,27.36,21.67,18.17,20.25
ADELAIDE-KENT-TOWN,23090,-34.92,138.62,r1i1p1,rcp85,GFDL-ESM2M,2020-2039,45.7,38.46,45.29,56.69,42.32,39.71,51.67,36.85,38.36,39.96,44.08,51.82,61.53,57.79,50.75,47.13,40.99,38.83,40.34
ALBANY-AIRPORT-COMPARISON,9741,-34.94,117.8,r1i1p1,rcp85,GFDL-ESM2M,2020-2039,61.43,56.64,59.77,66.4,62.95,58.12,64.81,56.41,55.56,58.06,58.85,62.39,66.89,66.85,65.47,63.83,63.44,61.58,57.8
ALICE-SPRINGS-AIRPORT,15590,-23.8,133.89,r1i1p1,rcp85,GFDL-ESM2M,2020-2039,20.81,20.87,20.7,24.71,17.06,19.57,22.09,16.8,22.12,17.17,18.98,25.94,29.8,27.06,17.27,12.73,19.74,18.72,23.42
AMBERLEY-AMO,40004,-27.63,152.71,r1i1p1,rcp85,GFDL-ESM2M,2020-2039,43.44,48.31,48.36,38.22,38.89,48.24,38.66,47.16,51.63,50.78,47.75,46.55,42.23,39.17,33.26,30.95,39.83,45.88,46.05
BRISBANE-AERO,40842,-27.39,153.13,r1i1p1,rcp85,GFDL-ESM2M,2020-2039,55.2,59.93,57.81,48.26,54.77,59.63,50.7,59.75,61.06,60.59,57.8,55.04,50.29,49.41,45.1,47.5,56.89,59.9,59.05
BROOME-AIRPORT,3003,-17.95,122.23,r1i1p1,rcp85,GFDL-ESM2M,2020-2039,48.16,65.14,44.74,30.49,52.26,59.06,37.28,63.43,68.01,58.36,42.23,33.63,31.04,28.87,31.55,44,54.61,58.17,63.98
CAIRNS-AERO,31011,-16.87,145.75,r1i1p1,rcp85,GFDL-ESM2M,2020-2039,61.78,65.88,65.86,56.84,58.48,65.51,58.06,63.88,69.46,67.33,65.81,64.46,60.82,56.26,53.46,55.08,58.28,62.07,64.42
CANBERRA-AIRPORT-COMPARISON,70014,-35.3,149.2,r1i1p1,rcp85,GFDL-ESM2M,2020-2039,45.69,37.57,46.24,54.27,44.52,40.31,50.99,35.13,37.55,40.1,46.7,51.92,59.16,56.39,47.25,45.96,45.26,42.32,40.5
CARNARVON-AIRPORT,6011,-24.89,113.67,r1i1p1,rcp85,GFDL-ESM2M,2020-2039,51.87,56.51,51.93,48.45,50.61,54.72,49.04,57.25,56.56,54.2,53.1,48.48,47.74,48.54,49.07,50.07,50.33,51.43,55.64
CEDUNA-AMO,18012,-32.13,133.7,r1i1p1,rcp85,GFDL-ESM2M,2020-2039,44.35,44.54,43.31,46.75,42.83,43.63,45.08,43.43,45.84,41.67,44.36,43.91,49.99,47.84,42.42,43.81,42.5,42.17,44.32
CHARLEVILLE-AERO,44021,-26.42,146.25,r1i1p1,rcp85,GFDL-ESM2M,2020-2039,25.97,25.94,28.2,28.15,21.44,26.75,25.06,23.8,30.12,27.01,27.58,30.03,33.98,30.94,19.54,15.12,20.72,28.48,24.38
COBAR-MO,48027,-31.49,145.83,r1i1p1,rcp85,GFDL-ESM2M,2020-2039,31.47,24.48,33.76,41.36,26.2,27.26,35.66,22.15,25.51,28.55,33.61,39.1,45.97,46.06,32.07,23.6,27.15,27.84,26.01
COFFS-HARBOUR-MO,59040,-30.31,153.12,r1i1p1,rcp85,GFDL-ESM2M,2020-2039,60.98,65.73,64.73,53.26,60.19,66.26,55.71,65.15,66.89,68.56,64.61,61.01,55.99,54.32,49.48,52.76,60.72,67.09,65.13
DARWIN-AIRPORT,14015,-12.42,130.89,r1i1p1,rcp85,GFDL-ESM2M,2020-2039,53.12,70.33,52.72,36.44,53.07,64.69,41.64,68.58,74.14,65.7,50.49,41.97,35.56,36.44,37.33,46.26,52.27,60.68,68
DUBBO-AIRPORT-AWS,65070,-32.22,148.58,r1i1p1,rcp85,GFDL-ESM2M,2020-2039,41.17,32.54,42.42,51.82,37.58,35.92,46.48,30.27,33.07,37.23,42.26,47.78,54.99,56.09,44.05,38.23,36.85,37.33,34.32
EAST-SALE-AIRPORT,85072,-38.12,147.13,r1i1p1,rcp85,GFDL-ESM2M,2020-2039,55.52,51.33,56.41,60.32,53.94,52.7,58.3,49.68,51.33,53.1,55.8,60.33,64.16,61.81,54.98,54.56,53.96,53.29,53.19
ESPERANCE,9789,-33.83,121.89,r1i1p1,rcp85,GFDL-ESM2M,2020-2039,56.13,56.5,55.07,57.73,55.34,56.11,56.19,55.74,57.17,56.42,55.28,53.52,58.76,59.71,54.72,55.51,54.94,55.57,56.24
GERALDTON-AIRPORT-COMPARISON,8051,-28.8,114.7,r1i1p1,rcp85,GFDL-ESM2M,2020-2039,47.36,44.29,43.55,54.21,47.47,43.8,50.98,44.7,41.88,42.19,43.14,45.31,51.9,55.18,55.54,51.48,46.45,44.46,46.03
HOBART-ELLERSLIE-ROAD,94029,-42.89,147.33,r1i1p1,rcp85,GFDL-ESM2M,2020-2039,55.13,51.99,55.98,60.08,52.58,52.9,57.42,53.05,51.5,53.39,55.39,59.15,62.8,61.66,55.77,54.1,51.04,52.6,51.06
KALGOORLIE-BOULDER-AIRPORT,12038,-30.78,121.45,r1i1p1,rcp85,GFDL-ESM2M,2020-2039,30.68,24.83,34.47,40.01,23.5,26.73,34.56,22.21,29.09,29.54,33.97,39.07,44.11,41.93,33.97,25.15,23.1,22.26,22.65
LAUNCESTON-AIRPORT-COMPARISON,91104,-41.54,147.2,r1i1p1,rcp85,GFDL-ESM2M,2020-2039,55.14,45.39,53.61,67.98,53.69,47.36,62.99,45.98,45.38,45.45,52.79,62.59,70.45,70.38,63.11,58.55,52.84,49.69,44.43
LAVERTON-RAAF,87031,-37.86,144.76,r1i1p1,rcp85,GFDL-ESM2M,2020-2039,54.54,49.85,54.66,61.52,52.07,50.69,58.3,50.12,50.46,50.86,53.61,59.52,65.22,62.08,57.26,54.08,51.67,50.45,49.13
MACKAY-M.O,33119,-21.12,149.22,r1i1p1,rcp85,GFDL-ESM2M,2020-2039,66.77,69.38,71.05,63.73,62.93,69.22,64.33,69.19,72.01,71.93,70.59,70.64,66.15,64.58,60.48,61.03,63.12,64.65,66.89
MEEKATHARRA-AIRPORT,7045,-26.61,118.54,r1i1p1,rcp85,GFDL-ESM2M,2020-2039,22.17,17.83,25.61,30.72,14.38,19.33,24.93,16.17,23.03,22.44,26.23,28.15,35.39,32.54,24.22,15.49,13.81,13.85,14.29
MELBOURNE-AIRPORT,86282,-37.68,144.84,r1i1p1,rcp85,GFDL-ESM2M,2020-2039,51.46,44.79,51.65,60.45,48.84,46.19,56.61,44.67,45.48,46.62,50.38,57.95,64.52,61.8,55.04,51.61,48.75,46.15,44.58
MILDURA-AIRPORT,76031,-34.23,142.08,r1i1p1,rcp85,GFDL-ESM2M,2020-2039,34.74,27.17,35.26,47.36,29.15,28.34,41.15,24.64,28.44,27.75,34.22,43.82,53.08,49.96,39.05,33.11,27.88,26.46,28.45
MOREE-AERO,53115,-29.49,149.85,r1i1p1,rcp85,GFDL-ESM2M,2020-2039,34.38,31.66,35.84,40.13,29.65,33.23,35.45,30.98,34.45,34.2,35.31,38.02,43.88,44.27,32.24,25.82,28.49,34.65,30.26
MOUNT-GAMBIER-AERO,26021,-37.75,140.77,r1i1p1,rcp85,GFDL-ESM2M,2020-2039,56.13,46.47,54.41,68.83,54.94,48.05,64.3,45.58,44.24,46.51,52.54,64.19,73.63,69.37,63.48,60.26,54.86,49.69,49.18
MOUNT-ISA-AERO,29127,-20.68,139.49,r1i1p1,rcp85,GFDL-ESM2M,2020-2039,23.1,30.43,25.02,18.72,18.18,27.8,18.37,26.86,34.81,28.58,22.62,23.85,23.28,20.05,12.83,13.21,16.99,24.35,29.83
NOWRA-RAN-AIR-STATION-AWS,68072,-34.95,150.54,r1i1p1,rcp85,GFDL-ESM2M,2020-2039,56.63,60.17,60.02,52.28,53.73,60.41,52.82,58.79,60.83,60.5,61.01,58.54,55.63,53.81,47.41,47.32,54.13,60,61.31
PERTH-AIRPORT,9021,-31.93,115.98,r1i1p1,rcp85,GFDL-ESM2M,2020-2039,44.29,35.75,41.54,55.69,44.32,37.42,51.28,35.57,34.07,36.85,40.69,47.09,56.33,56.81,53.92,51.48,42.06,39.43,37.16
PORT-HEDLAND-AIRPORT,4032,-20.37,118.63,r1i1p1,rcp85,GFDL-ESM2M,2020-2039,36.7,50.16,34.96,27.76,34.04,43.79,29.71,49.91,52.83,41.01,32.56,31.31,30.55,26.67,26.04,27.97,35.7,38.45,47.35
RICHMOND-RAAF,67105,-33.6,150.78,r1i1p1,rcp85,GFDL-ESM2M,2020-2039,46.62,47.74,52.33,45.48,40.8,49.13,44.12,45.66,49.39,51.74,51.97,53.29,50.5,47.33,38.6,35.39,39.63,47.39,48.57
ROCKHAMPTON-AERO,39083,-23.38,150.48,r1i1p1,rcp85,GFDL-ESM2M,2020-2039,43.81,50.45,47.25,38.05,39.56,48.93,38.74,50.47,52.06,49.9,47.21,44.63,41.67,37.97,34.52,33.91,39.74,45.02,48.65
SYDNEY-AIRPORT-AMO,66037,-33.94,151.17,r1i1p1,rcp85,GFDL-ESM2M,2020-2039,55.13,58.22,60.13,50.62,51.44,59.23,51.06,57.33,58.4,60.44,61.06,58.88,54.39,51.92,45.53,45.25,50.36,58.69,59.24
TENNANT-CREEK-AIRPORT,15135,-19.64,134.18,r1i1p1,rcp85,GFDL-ESM2M,2020-2039,21.23,28.65,21.41,17.23,17.65,25.06,17.38,26.18,31.84,23.59,19.49,21.17,21.25,18.68,11.77,13.4,18.02,21.52,27.8
TOWNSVILLE-AERO,32040,-19.25,146.77,r1i1p1,rcp85,GFDL-ESM2M,2020-2039,55.99,62.56,58.96,47.81,54.54,61.16,50.78,61.39,65.82,61.97,58.84,56.08,49.6,47.01,46.82,50.12,55.04,58.44,60.7
WAGGA-WAGGA-AMO,72150,-35.16,147.46,r1i1p1,rcp85,GFDL-ESM2M,2020-2039,42.79,28.4,40.93,59.5,42.11,31.86,53.57,25.44,29.22,32.21,39.81,50.76,63.99,62.51,52,49.23,42.94,34.15,31.2
WILLIAMTOWN-RAAF,61078,-32.79,151.84,r1i1p1,rcp85,GFDL-ESM2M,2020-2039,54.99,56.21,60.39,52.53,50.8,57.97,52.08,54.98,57.81,61.16,60.28,59.73,57.13,54.73,45.72,44.79,50.41,57.2,55.91
WOOMERA-AERODROME,16001,-31.16,136.81,r1i1p1,rcp85,GFDL-ESM2M,2020-2039,26.48,20.68,27.06,36.65,21.48,21.63,31.35,18.91,21.73,20.76,26.59,33.82,42.86,38.39,28.69,23.03,21.29,20.13,21.55
ADELAIDE-KENT-TOWN,23090,-34.92,138.62,r1i1p1,rcp85,GFDL-ESM2M,2040-2059,45.27,38.12,46.29,57.41,39.17,39.39,51.12,36.86,38.9,39.34,45.66,53.88,61.39,58.14,52.72,43.15,37.44,36.93,38.78
ALBANY-AIRPORT-COMPARISON,9741,-34.94,117.8,r1i1p1,rcp85,GFDL-ESM2M,2040-2059,60.78,56.17,59.48,65.33,62.2,57.76,63.88,56.02,54.64,57.79,58.44,62.2,65.59,66.21,64.2,63.23,61.87,61.52,57.69
ALICE-SPRINGS-AIRPORT,15590,-23.8,133.89,r1i1p1,rcp85,GFDL-ESM2M,2040-2059,18.68,16.87,21.02,23.66,13.24,16.99,20.39,14.85,20.22,16.78,18.81,27.47,31.54,23.44,16,10.23,13.67,15.81,15.36
AMBERLEY-AMO,40004,-27.63,152.71,r1i1p1,rcp85,GFDL-ESM2M,2040-2059,42.45,47.64,47.64,38.34,36.22,46.89,38.04,45.56,52.04,51.13,45.47,46.32,43.18,38.24,33.58,29.6,37.35,41.72,45.22
BRISBANE-AERO,40842,-27.39,153.13,r1i1p1,rcp85,GFDL-ESM2M,2040-2059,54.38,59.25,57.43,48.55,52.25,58.47,50.22,57.99,61.44,61.09,56.03,55.15,51.41,48.62,45.63,46.15,54.38,56.23,58.41
BROOME-AIRPORT,3003,-17.95,122.23,r1i1p1,rcp85,GFDL-ESM2M,2040-2059,47.82,64.66,45.32,29.32,51.98,58.61,37.06,63.63,68.06,58.81,41.83,35.32,30.11,26.76,31.09,43.38,55.72,56.83,62.29
CAIRNS-AERO,31011,-16.87,145.75,r1i1p1,rcp85,GFDL-ESM2M,2040-2059,60.94,64.71,65.03,56.47,57.49,64.36,57.53,62.06,68.47,66.5,64.82,63.76,59.72,55.33,54.38,54.04,57.95,60.49,63.73
CANBERRA-AIRPORT-COMPARISON,70014,-35.3,149.2,r1i1p1,rcp85,GFDL-ESM2M,2040-2059,43.79,36.12,44.57,53.89,40.46,37.78,49.75,35.59,36.46,38.35,42.43,52.94,60.26,55.47,45.96,43.85,40.01,37.51,36.72
CARNARVON-AIRPORT,6011,-24.89,113.67,r1i1p1,rcp85,GFDL-ESM2M,2040-2059,50.08,54.91,49.84,46.38,49.2,53.01,47.17,55.29,53.85,51.21,51.39,46.91,45.12,47.36,46.67,48.02,48.94,50.64,55.52
CEDUNA-AMO,18012,-32.13,133.7,r1i1p1,rcp85,GFDL-ESM2M,2040-2059,43.56,43.94,43.08,46.73,40.49,42.78,44.34,43.2,45.78,41.41,42.87,44.95,49.45,47.69,43.05,41,39.9,40.57,42.82
CHARLEVILLE-AERO,44021,-26.42,146.25,r1i1p1,rcp85,GFDL-ESM2M,2040-2059,22.77,22.26,25.08,27.21,16.4,22.18,23.25,19.1,28.59,23.86,22.83,28.56,34.19,28.39,19.04,12.51,16.82,19.88,19.48
COBAR-MO,48027,-31.49,145.83,r1i1p1,rcp85,GFDL-ESM2M,2040-2059,29.02,21.91,32.38,41.4,20.33,23.78,34.23,21.17,23.68,26.15,29.96,41.02,47.22,45.4,31.57,20.43,19.74,20.81,21.05
COFFS-HARBOUR-MO,59040,-30.31,153.12,r1i1p1,rcp85,GFDL-ESM2M,2040-2059,59.83,64.74,63.52,53.58,57.49,64.37,55.31,63.68,66.63,68.3,61.18,61.08,56.98,54.11,49.64,51.79,58.27,62.41,63.89
DARWIN-AIRPORT,14015,-12.42,130.89,r1i1p1,rcp85,GFDL-ESM2M,2040-2059,52.58,69.77,53.06,35.87,51.69,64.21,41.03,70.77,74.33,66.22,51,41.97,35.2,34.75,37.66,45.32,51.28,58.49,63.94
DUBBO-AIRPORT-AWS,65070,-32.22,148.58,r1i1p1,rcp85,GFDL-ESM2M,2040-2059,38.42,29.72,40.35,51.88,31.44,31.82,45.09,29.56,30.9,34.32,37.66,49.08,55.98,55.78,43.53,35.69,29.32,28.9,28.89
EAST-SALE-AIRPORT,85072,-38.12,147.13,r1i1p1,rcp85,GFDL-ESM2M,2040-2059,54.38,50.62,55.78,59.93,51.14,51.23,57.51,51.36,50.24,51.56,54.63,61.15,64.29,61.39,54.11,52.82,51.29,49.32,50.43
ESPERANCE,9789,-33.83,121.89,r1i1p1,rcp85,GFDL-ESM2M,2040-2059,54.96,55.79,53.38,55.6,55.19,54.97,55,55.02,55.87,53.87,52.97,53.31,56.39,57.35,53.08,55.34,54.52,55.72,56.13
GERALDTON-AIRPORT-COMPARISON,8051,-28.8,114.7,r1i1p1,rcp85,GFDL-ESM2M,2040-2059,45.46,42.69,41.51,51.53,46.22,41.91,49.08,43.18,39.44,38.63,41.45,44.46,47.92,53.57,53.09,50.43,45.02,43.21,45.17
HOBART-ELLERSLIE-ROAD,94029,-42.89,147.33,r1i1p1,rcp85,GFDL-ESM2M,2040-2059,54.98,51.9,56.29,59.98,51.88,52.67,57.36,53.18,51.7,52.2,56.68,60,62.64,61.46,55.84,53.64,50.6,51.39,50.47
KALGOORLIE-BOULDER-AIRPORT,12038,-30.78,121.45,r1i1p1,rcp85,GFDL-ESM2M,2040-2059,28.97,23.57,32.67,37.24,22.5,25.19,32.69,20.88,27.57,25.98,32.61,38.49,39.63,39.52,32.59,24.34,21.56,21.59,21.72
LAUNCESTON-AIRPORT-COMPARISON,91104,-41.54,147.2,r1i1p1,rcp85,GFDL-ESM2M,2040-2059,55.16,45.22,54.54,68.33,52.67,47.19,63.19,46.35,45.53,44.8,54.42,64.38,70.45,70.72,63.82,57.55,52.24,48.21,43.4
LAVERTON-RAAF,87031,-37.86,144.76,r1i1p1,rcp85,GFDL-ESM2M,2040-2059,53.73,49.3,54.76,61.63,49.18,49.41,57.97,52,49.3,48.97,53.97,61.34,65.44,62.13,57.33,52.07,49.55,45.93,46.76
MACKAY-M.O,33119,-21.12,149.22,r1i1p1,rcp85,GFDL-ESM2M,2040-2059,65.55,68,70.34,62.88,61.01,67.78,63.33,66.22,71.23,69.68,70.91,70.43,65.15,62.46,61.02,58.78,62.13,62.11,66.5
MEEKATHARRA-AIRPORT,7045,-26.61,118.54,r1i1p1,rcp85,GFDL-ESM2M,2040-2059,20.27,17.64,23.74,27.2,12.38,18.26,22.21,15.36,23.93,18.76,25.72,26.72,30.75,29.15,21.69,12.74,12.18,12.22,13.64
MELBOURNE-AIRPORT,86282,-37.68,144.84,r1i1p1,rcp85,GFDL-ESM2M,2040-2059,50.56,44.11,51.64,60.52,45.86,44.8,56.22,46.5,44.12,44.61,50.54,59.78,64.81,61.72,55.03,49.51,46.45,41.61,42.07
MILDURA-AIRPORT,76031,-34.23,142.08,r1i1p1,rcp85,GFDL-ESM2M,2040-2059,33.26,24.86,35.28,47.95,24.93,26.2,40.33,23.96,25.95,26.05,33.7,46.1,54.37,50.06,39.44,28.53,23.49,22.79,24.69
MOREE-AERO,53115,-29.49,149.85,r1i1p1,rcp85,GFDL-ESM2M,2040-2059,32.11,30.41,33.27,40.17,24.37,30.15,33.99,29.78,33.86,32.21,30.15,37.45,44.95,42.73,32.83,22.78,23.21,27.13,28.27
MOUNT-GAMBIER-AERO,26021,-37.75,140.77,r1i1p1,rcp85,GFDL-ESM2M,2040-2059,56.28,47.05,55.52,69.16,53.51,48.39,64.25,46.27,45.45,46.48,54.43,65.65,72.85,70.02,64.63,58.79,53.59,48.14,49.03
MOUNT-ISA-AERO,29127,-20.68,139.49,r1i1p1,rcp85,GFDL-ESM2M,2040-2059,20.62,27.13,23.55,17.44,14.32,24.5,16.71,24.11,34.49,26.42,21.33,22.89,22.22,17.86,12.24,11.39,13.67,17.9,22.96
NOWRA-RAN-AIR-STATION-AWS,68072,-34.95,150.54,r1i1p1,rcp85,GFDL-ESM2M,2040-2059,55.03,58.87,58.41,51.9,50.6,58.15,51.88,58.98,60.22,59.6,56.68,58.95,56.08,53.37,46.24,45.75,50.61,55.64,57.8
PERTH-AIRPORT,9021,-31.93,115.98,r1i1p1,rcp85,GFDL-ESM2M,2040-2059,42.53,34,40.38,54.17,41.7,35.9,49.27,33.94,31.49,34.84,40.17,46.13,53.68,56.02,52.8,48.46,38.54,38.1,36.13
PORT-HEDLAND-AIRPORT,4032,-20.37,118.63,r1i1p1,rcp85,GFDL-ESM2M,2040-2059,35.67,49.09,34.63,25.98,33.1,43.09,28.35,48.29,53.11,40.69,32.83,30.38,29.64,23.38,24.91,27.24,34.54,37.5,45.49
RICHMOND-RAAF,67105,-33.6,150.78,r1i1p1,rcp85,GFDL-ESM2M,2040-2059,44.81,45.66,50.38,45.56,37.53,46.29,43.35,44.9,48.32,50.72,47.33,53.09,51.03,47.66,37.99,33.97,36.33,42.29,44.11
ROCKHAMPTON-AERO,39083,-23.38,150.48,r1i1p1,rcp85,GFDL-ESM2M,2040-2059,42.97,49.02,47.06,38.01,37.83,47.38,38.6,46.85,52.07,48.56,46.63,46,41.92,36.89,35.21,32.62,38.95,41.94,47.97
SYDNEY-AIRPORT-AMO,66037,-33.94,151.17,r1i1p1,rcp85,GFDL-ESM2M,2040-2059,53.38,56.44,58.13,50.58,48.29,56.62,50.18,56.63,57.77,59.84,56.17,58.38,54.8,52.16,44.78,43.65,47.31,53.9,55.22
TENNANT-CREEK-AIRPORT,15135,-19.64,134.18,r1i1p1,rcp85,GFDL-ESM2M,2040-2059,19.86,25.41,22.53,16.8,14.74,22.98,16.73,23.72,31.48,24.16,20.21,23.23,21.87,16.89,11.66,11.93,14.83,17.44,20.93
TOWNSVILLE-AERO,32040,-19.25,146.77,r1i1p1,rcp85,GFDL-ESM2M,2040-2059,54.83,61.05,57.41,47.33,53.47,59.79,49.84,57.99,65.25,61.08,57.76,53.38,47.91,46.51,47.57,49.02,54.66,56.74,60.13
WAGGA-WAGGA-AMO,72150,-35.16,147.46,r1i1p1,rcp85,GFDL-ESM2M,2040-2059,40.61,26.55,39.6,58.95,37.13,28.98,52.11,25.92,27.24,30.06,36.13,52.62,64.8,61.49,50.57,46.29,36.92,28.2,27.07
WILLIAMTOWN-RAAF,61078,-32.79,151.84,r1i1p1,rcp85,GFDL-ESM2M,2040-2059,53.22,54.44,58.27,52.65,47.49,55.17,51.33,53.69,56.96,60.07,55.39,59.35,57.73,55.03,45.18,43.43,47.23,51.79,52.72
WOOMERA-AERODROME,16001,-31.16,136.81,r1i1p1,rcp85,GFDL-ESM2M,2040-2059,24.65,18.23,26.19,36.35,17.77,19.31,30,18.24,19.1,19.2,24.53,34.85,43.69,37.54,27.83,19.27,16.83,17.22,17.46
ADELAIDE-KENT-TOWN,23090,-34.92,138.62,r1i1p1,rcp85,GFDL-ESM2M,2060-2079,44.22,37.12,44.6,55.64,39.46,38.36,50.05,36.26,36.07,39.1,42.73,51.98,60.24,56.4,50.27,43.22,38.2,36.97,39.2
ALBANY-AIRPORT-COMPARISON,9741,-34.94,117.8,r1i1p1,rcp85,GFDL-ESM2M,2060-2079,60.88,56.51,59.88,65.23,61.95,58.08,63.76,55.84,55.13,58.86,57.98,62.81,65.73,65.6,64.35,62.29,61.76,61.81,58.4
ALICE-SPRINGS-AIRPORT,15590,-23.8,133.89,r1i1p1,rcp85,GFDL-ESM2M,2060-2079,18.06,18.16,18.66,21.36,14.13,17.22,18.93,15.7,19.15,15.81,16.46,23.71,28.22,20.56,15.31,11.05,14.73,16.61,19.4
AMBERLEY-AMO,40004,-27.63,152.71,r1i1p1,rcp85,GFDL-ESM2M,2060-2079,42.71,48.7,46.85,37.91,37.41,47.3,38.16,47.06,52.29,49.07,46,45.48,41.45,38.19,34.09,30.64,39.08,42.5,46.66
BRISBANE-AERO,40842,-27.39,153.13,r1i1p1,rcp85,GFDL-ESM2M,2060-2079,54.88,60.5,56.88,48.28,53.85,59.08,50.62,59.71,61.84,59.31,56.91,54.41,49.76,48.57,46.5,47.73,56.78,57.03,60.03
BROOME-AIRPORT,3003,-17.95,122.23,r1i1p1,rcp85,GFDL-ESM2M,2060-2079,47.15,65.92,41.16,28.54,52.99,58.68,35.65,65,68.87,56.92,37.98,28.58,28.68,25.76,31.18,44.5,55.22,59.24,63.88
CAIRNS-AERO,31011,-16.87,145.75,r1i1p1,rcp85,GFDL-ESM2M,2060-2079,62.2,68.37,64.14,57.04,59.19,66.32,58.09,66.42,70.62,66.51,64.09,61.83,60.15,55.22,55.74,56.01,59.59,61.97,68.2
CANBERRA-AIRPORT-COMPARISON,70014,-35.3,149.2,r1i1p1,rcp85,GFDL-ESM2M,2060-2079,43.66,37.31,43.6,53.36,40.23,37.99,49.26,35.22,39.04,37.84,41.27,51.68,58.33,55.94,45.81,43.52,40.3,36.88,38.09
CARNARVON-AIRPORT,6011,-24.89,113.67,r1i1p1,rcp85,GFDL-ESM2M,2060-2079,51.02,56.49,51.26,46.58,49.77,54.43,47.64,57.36,56.75,54.06,51.65,48.06,46.07,46.96,46.71,48.8,49.21,51.31,55.29
CEDUNA-AMO,18012,-32.13,133.7,r1i1p1,rcp85,GFDL-ESM2M,2060-2079,43.81,43.84,43.26,46.55,41.6,42.92,44.7,42.7,45.44,43.2,42.34,44.23,49.04,47.33,43.29,42.42,41.89,40.48,43.35
CHARLEVILLE-AERO,44021,-26.42,146.25,r1i1p1,rcp85,GFDL-ESM2M,2060-2079,22.66,24.73,23.14,25.61,16.99,23.13,22.06,22.71,27.93,22.38,21.52,25.52,30.39,27.79,18.65,13.81,16.21,20.96,24.03
COBAR-MO,48027,-31.49,145.83,r1i1p1,rcp85,GFDL-ESM2M,2060-2079,28.65,23.35,29.92,39.7,21.57,24.12,33.16,22.07,23.82,24.97,27.29,37.49,44.08,43.58,31.43,20.98,21.36,22.38,24.36
COFFS-HARBOUR-MO,59040,-30.31,153.12,r1i1p1,rcp85,GFDL-ESM2M,2060-2079,60.52,66.4,63.11,53.67,58.89,65.35,55.7,65.32,67.58,66.71,62.2,60.41,55.44,54.39,51.17,52.55,60.24,63.88,66.31
DARWIN-AIRPORT,14015,-12.42,130.89,r1i1p1,rcp85,GFDL-ESM2M,2060-2079,52.77,71.25,51.24,35.58,53.08,64.9,40.73,70.52,74.46,66.12,49.48,38.13,33.51,34.42,38.81,46.74,52.75,59.75,68.5
DUBBO-AIRPORT-AWS,65070,-32.22,148.58,r1i1p1,rcp85,GFDL-ESM2M,2060-2079,38.71,32.21,38.43,50.96,33.04,32.82,44.67,30.91,32.57,33.02,35.32,46.95,53.49,54.99,44.14,35.64,31.84,31.29,33.22
EAST-SALE-AIRPORT,85072,-38.12,147.13,r1i1p1,rcp85,GFDL-ESM2M,2060-2079,53.42,49.95,55.18,58.97,49.53,50.31,56.51,50.14,49.01,51.37,53.5,60.67,63.57,60.65,52.69,52.28,49.19,47.11,50.89
ESPERANCE,9789,-33.83,121.89,r1i1p1,rcp85,GFDL-ESM2M,2060-2079,56.09,56.32,56.2,56.6,55.35,56.46,55.76,55.65,56.22,58.6,54.77,55.23,57.99,57.71,54.11,55.12,54.41,56.51,56.74
GERALDTON-AIRPORT-COMPARISON,8051,-28.8,114.7,r1i1p1,rcp85,GFDL-ESM2M,2060-2079,46.1,43.71,43.21,51.03,46.56,43.28,48.99,44.41,41.33,42.37,42.08,45.18,48.44,51.68,52.97,50.6,45.05,44.03,45.1
HOBART-ELLERSLIE-ROAD,94029,-42.89,147.33,r1i1p1,rcp85,GFDL-ESM2M,2060-2079,54.76,51.85,55.7,59.85,51.76,52.44,57.15,52.76,51.36,52.57,55.23,59.29,62.63,61.4,55.52,53.38,50.68,51.22,51.09
KALGOORLIE-BOULDER-AIRPORT,12038,-30.78,121.45,r1i1p1,rcp85,GFDL-ESM2M,2060-2079,29.85,24.51,34.73,37.49,22.76,26.63,32.99,23.08,28.35,30.77,33.01,39.68,41.72,38.08,32.68,24.03,21.77,22.48,21.64
LAUNCESTON-AIRPORT-COMPARISON,91104,-41.54,147.2,r1i1p1,rcp85,GFDL-ESM2M,2060-2079,54.81,45.17,53.86,68.03,52.31,46.86,62.83,45.89,44.91,44.95,53.17,63.45,70.39,70.55,63.15,57.43,52.01,47.48,44.34
LAVERTON-RAAF,87031,-37.86,144.76,r1i1p1,rcp85,GFDL-ESM2M,2060-2079,52.26,47.99,53.75,60.03,47.21,48.06,56.38,50.39,46.84,48.79,52.21,60.23,64.6,60.66,54.85,51.62,46.34,43.67,46.9
MACKAY-M.O,33119,-21.12,149.22,r1i1p1,rcp85,GFDL-ESM2M,2060-2079,65.4,68.67,68.01,62.79,62.15,67.63,63.19,66.52,70.35,68.3,69.05,66.68,64.22,62.18,61.95,60.99,63.08,62.37,69.1
MEEKATHARRA-AIRPORT,7045,-26.61,118.54,r1i1p1,rcp85,GFDL-ESM2M,2060-2079,21.08,17.92,25.22,27.74,13.29,19.2,22.88,16.36,24.38,22.61,25.68,27.39,32.72,28.42,22.08,13.75,12.9,13.23,12.97
MELBOURNE-AIRPORT,86282,-37.68,144.84,r1i1p1,rcp85,GFDL-ESM2M,2060-2079,49.07,42.83,50.65,58.85,43.83,43.47,54.56,44.96,41.71,44.51,48.81,58.64,63.9,60.16,52.49,49.07,43.11,39.32,42.19
MILDURA-AIRPORT,76031,-34.23,142.08,r1i1p1,rcp85,GFDL-ESM2M,2060-2079,32.17,24.36,33.55,45.51,25.25,25.68,38.67,23.24,24.49,26.62,30.87,43.15,51.03,47.8,37.71,28.61,23.72,23.41,25.36
MOREE-AERO,53115,-29.49,149.85,r1i1p1,rcp85,GFDL-ESM2M,2060-2079,32.19,31.45,31.94,39.28,25.86,30.74,33.55,31.25,33.53,30.22,30.4,35.18,42.15,42.51,33.17,23.6,24.71,29.27,30.28
MOUNT-GAMBIER-AERO,26021,-37.75,140.77,r1i1p1,rcp85,GFDL-ESM2M,2060-2079,55.29,46.07,54.64,67.64,52.94,47.52,63.15,45.39,43.52,46.55,52.18,65.2,71.97,68.43,62.52,56.86,53.94,48.03,48.89
MOUNT-ISA-AERO,29127,-20.68,139.49,r1i1p1,rcp85,GFDL-ESM2M,2060-2079,21.41,30.66,21.67,17.22,15.99,26.38,16.39,27.38,35.17,26.72,18.62,19.68,21.03,18.12,12.5,12.55,14.47,20.97,29.65
NOWRA-RAN-AIR-STATION-AWS,68072,-34.95,150.54,r1i1p1,rcp85,GFDL-ESM2M,2060-2079,55.28,60.41,57.86,51.68,50.83,58.66,51.87,59.25,62.81,59.05,56.04,58.49,54.61,53.55,46.88,46.15,51.33,55.24,59.55
PERTH-AIRPORT,9021,-31.93,115.98,r1i1p1,rcp85,GFDL-ESM2M,2060-2079,42.69,34.6,41.5,53.53,41.3,36.55,48.96,34.33,32.66,36.54,40.34,47.6,53.97,54.54,52.07,47.52,38.04,38.33,36.37
PORT-HEDLAND-AIRPORT,4032,-20.37,118.63,r1i1p1,rcp85,GFDL-ESM2M,2060-2079,35.5,50.36,32.98,25.33,33.47,43.5,27.61,50.52,53.4,40.42,30.75,27.75,28.29,22.96,24.74,27.08,34.81,38.53,46.76
RICHMOND-RAAF,67105,-33.6,150.78,r1i1p1,rcp85,GFDL-ESM2M,2060-2079,45.4,48.06,49.76,45.36,38.31,47.43,43.39,46.06,50.88,50.05,46.93,52.29,49.59,47.49,39.01,34.48,37.48,42.98,47.61
ROCKHAMPTON-AERO,39083,-23.38,150.48,r1i1p1,rcp85,GFDL-ESM2M,2060-2079,43.06,50.09,45.66,37.93,38.62,47.64,38.53,48.14,51.87,47.47,45.89,43.62,40.85,36.95,36,33.82,39.93,42.11,50.09
SYDNEY-AIRPORT-AMO,66037,-33.94,151.17,r1i1p1,rcp85,GFDL-ESM2M,2060-2079,53.98,58.65,57.69,50.43,49.04,57.63,50.36,57.73,60.23,59.19,55.98,57.9,53.4,52.03,45.88,44.47,48.46,54.2,58.31
TENNANT-CREEK-AIRPORT,15135,-19.64,134.18,r1i1p1,rcp85,GFDL-ESM2M,2060-2079,19.87,28.7,18.88,15.73,16.19,24.25,15.47,26.74,31.45,22.94,16.04,17.66,19.55,15.89,11.76,12.48,15.47,20.62,27.81
TOWNSVILLE-AERO,32040,-19.25,146.77,r1i1p1,rcp85,GFDL-ESM2M,2060-2079,55.01,63.72,54.95,47.05,54.26,60.38,49.61,60.61,66.78,58.41,55.53,50.91,47.56,45.58,48.01,50.09,55.53,57.16,64
WAGGA-WAGGA-AMO,72150,-35.16,147.46,r1i1p1,rcp85,GFDL-ESM2M,2060-2079,39.91,27.5,38.24,57.4,36.31,29.03,50.68,25.61,29.08,29.7,34.49,50.53,62.37,60.8,49.03,45.17,36.15,27.61,28.43
WILLIAMTOWN-RAAF,61078,-32.79,151.84,r1i1p1,rcp85,GFDL-ESM2M,2060-2079,53.79,56.45,57.68,52.63,48.39,56.18,51.48,54.82,58.6,59.04,55.41,58.58,56.23,55.04,46.63,43.9,48.51,52.75,56.01
WOOMERA-AERODROME,16001,-31.16,136.81,r1i1p1,rcp85,GFDL-ESM2M,2060-2079,24.81,18.75,25.67,36.07,18.69,19.65,29.98,16.95,19.86,20.86,23.54,32.61,42.1,36.94,29.19,21.03,18.02,17.04,19.58
ADELAIDE-KENT-TOWN,23090,-34.92,138.62,r1i1p1,rcp85,GFDL-ESM2M,2080-2099,42.82,37.13,44.7,53.25,36.35,38.11,47.62,36.27,37.61,39.48,43.5,51.13,56.46,55.7,47.59,39.42,35.42,34.19,37.11
ALBANY-AIRPORT-COMPARISON,9741,-34.94,117.8,r1i1p1,rcp85,GFDL-ESM2M,2080-2099,60.22,56.47,59.42,64.24,60.78,57.84,62.7,56.53,54.61,57.93,58.27,62.05,65.48,64.47,62.78,60.53,60.87,60.95,58.19
ALICE-SPRINGS-AIRPORT,15590,-23.8,133.89,r1i1p1,rcp85,GFDL-ESM2M,2080-2099,16.52,16.44,17.36,20.13,11.99,15.69,17.28,14.54,18.09,14.57,16.58,20.92,25.87,20.66,13.86,9.18,13.2,13.58,17.19
AMBERLEY-AMO,40004,-27.63,152.71,r1i1p1,rcp85,GFDL-ESM2M,2080-2099,41.92,48.27,46.28,36.5,36.75,47.06,36.87,46.54,51.63,49.58,44.8,44.45,40.75,37.07,31.66,29.61,37.65,43,46.34
BRISBANE-AERO,40842,-27.39,153.13,r1i1p1,rcp85,GFDL-ESM2M,2080-2099,54.7,60.39,57.02,47.45,53.84,59.33,49.97,59.53,61.67,60.42,56.41,54.23,49.75,48.2,44.41,47.1,56.1,58.32,60.29
BROOME-AIRPORT,3003,-17.95,122.23,r1i1p1,rcp85,GFDL-ESM2M,2080-2099,46.62,64.93,41.29,28.05,52.14,58.14,35.08,64.17,68.53,57.46,38.37,28.05,28.8,25.23,30.13,43.23,55.02,58.18,62.28
CAIRNS-AERO,31011,-16.87,145.75,r1i1p1,rcp85,GFDL-ESM2M,2080-2099,61.62,65.41,64.54,57.73,58.91,65.01,58.35,62.37,68.05,68.09,63.96,61.55,60.37,56.5,56.33,55.86,59.51,61.35,65.47
CANBERRA-AIRPORT-COMPARISON,70014,-35.3,149.2,r1i1p1,rcp85,GFDL-ESM2M,2080-2099,41.73,36.4,42.99,50.95,36.81,37.28,46.28,35.82,37.34,37.98,40.99,50,56.66,54.22,41.96,39.63,35.21,35.61,35.3
CARNARVON-AIRPORT,6011,-24.89,113.67,r1i1p1,rcp85,GFDL-ESM2M,2080-2099,48.91,54.78,48.04,44.37,48.4,52.22,45.6,56.24,53.76,48.55,50.05,45.52,43.7,44.51,44.88,46.56,48.39,50.25,54.54
CEDUNA-AMO,18012,-32.13,133.7,r1i1p1,rcp85,GFDL-ESM2M,2080-2099,42.46,43.59,42.12,44.32,39.92,42.12,42.87,43.2,45.18,40.87,42.05,43.45,46.06,46.17,40.74,40.57,40.26,38.93,42.03
CHARLEVILLE-AERO,44021,-26.42,146.25,r1i1p1,rcp85,GFDL-ESM2M,2080-2099,20.78,22.58,22.39,23.66,14.58,21.64,20.08,21.37,27.22,22.36,20.96,23.85,28.96,25.52,16.49,11.87,13.76,18.12,18.86
COBAR-MO,48027,-31.49,145.83,r1i1p1,rcp85,GFDL-ESM2M,2080-2099,25.92,21.77,28.82,36.14,17.18,22.85,29.22,21.49,22.89,24.85,26.93,34.68,40.47,41.82,26.13,16.53,15.69,19.33,20.24
COFFS-HARBOUR-MO,59040,-30.31,153.12,r1i1p1,rcp85,GFDL-ESM2M,2080-2099,59.72,66.4,62.62,51.98,57.97,65.43,54.06,65.59,67.72,67.65,61.13,59.07,54.57,53.31,48.05,51.66,57.69,64.56,65.6
DARWIN-AIRPORT,14015,-12.42,130.89,r1i1p1,rcp85,GFDL-ESM2M,2080-2099,52.36,69.98,51.83,35.49,52.02,64.11,40.57,69.61,73.5,66.7,49.77,39,33.99,34.47,38,45.52,52.43,58.12,67.17
DUBBO-AIRPORT-AWS,65070,-32.22,148.58,r1i1p1,rcp85,GFDL-ESM2M,2080-2099,35.46,30.56,36.46,47.14,27.82,31.21,39.92,30.17,31.55,33.06,33.45,42.87,50.05,52.33,38.66,29.64,24.86,28.53,29.36
EAST-SALE-AIRPORT,85072,-38.12,147.13,r1i1p1,rcp85,GFDL-ESM2M,2080-2099,52.32,49.26,54.54,58.47,47.32,49.72,55.2,49.53,49.33,50.37,53.94,59.3,62.37,61.11,51.92,50.75,45.72,45.48,48.04
ESPERANCE,9789,-33.83,121.89,r1i1p1,rcp85,GFDL-ESM2M,2080-2099,54.87,56.14,53.96,55.39,53.95,55.32,54.41,56.17,55.63,55.39,52.85,53.65,56.64,56.78,52.75,53.3,53.37,55.17,56.7
GERALDTON-AIRPORT-COMPARISON,8051,-28.8,114.7,r1i1p1,rcp85,GFDL-ESM2M,2080-2099,44.74,42.65,41.34,49.53,45.36,41.79,47.7,43.56,39.93,38.28,41.64,44.09,47.34,50.73,50.52,48.44,45.07,42.58,44.72
HOBART-ELLERSLIE-ROAD,94029,-42.89,147.33,r1i1p1,rcp85,GFDL-ESM2M,2080-2099,54.62,51.56,55.5,59.99,51.78,52.22,57.22,52.19,52.14,52.26,55.38,58.87,62.67,61.23,56.06,53.49,50.98,50.87,49.35
KALGOORLIE-BOULDER-AIRPORT,12038,-30.78,121.45,r1i1p1,rcp85,GFDL-ESM2M,2080-2099,28.07,23.09,31.65,36.38,21.26,24.51,31.62,21.67,25.76,26.04,31.05,37.06,40.01,38.04,31.1,23.03,20.46,20.29,21.32
LAUNCESTON-AIRPORT-COMPARISON,91104,-41.54,147.2,r1i1p1,rcp85,GFDL-ESM2M,2080-2099,54.61,44.79,53.64,67.91,52.27,46.7,62.57,45.24,45.59,44.67,53.76,62.48,70.01,70.21,63.51,57.76,51.45,47.61,43.01
LAVERTON-RAAF,87031,-37.86,144.76,r1i1p1,rcp85,GFDL-ESM2M,2080-2099,50.86,47.1,53.11,59.18,44.29,47.17,54.73,49.25,47.48,48.15,52.39,58.8,62.89,60.84,53.81,49.25,42.79,40.83,43.84
MACKAY-M.O,33119,-21.12,149.22,r1i1p1,rcp85,GFDL-ESM2M,2080-2099,64.37,66.74,67.09,62.14,61.72,66.28,62.68,64.41,67.15,67.15,67.47,66.63,63.5,62.07,60.84,60.02,63.03,62.1,68.02
MEEKATHARRA-AIRPORT,7045,-26.61,118.54,r1i1p1,rcp85,GFDL-ESM2M,2080-2099,19.05,17.27,22.02,25.19,11.57,17.57,20.48,16.97,22.2,17.59,24.83,23.64,29.3,26.98,19.28,12.17,11.51,11.04,12.69
MELBOURNE-AIRPORT,86282,-37.68,144.84,r1i1p1,rcp85,GFDL-ESM2M,2080-2099,47.58,42.06,49.89,57.96,40.69,42.61,52.78,43.7,42.67,43.73,48.92,57.01,61.86,60.49,51.53,46.53,39.28,36.26,38.98
MILDURA-AIRPORT,76031,-34.23,142.08,r1i1p1,rcp85,GFDL-ESM2M,2080-2099,30.03,22.99,32.27,43.3,21.66,24.15,36.01,22.64,23.48,25,30.86,40.96,48.06,47.12,34.73,24.9,20.27,19.81,22.47
MOREE-AERO,53115,-29.49,149.85,r1i1p1,rcp85,GFDL-ESM2M,2080-2099,29.86,30.94,30.29,35.93,22.46,29.74,30.1,30.71,33.59,30.33,28.07,32.48,39.55,39.91,28.35,20.4,19.94,27.06,27.92
MOUNT-GAMBIER-AERO,26021,-37.75,140.77,r1i1p1,rcp85,GFDL-ESM2M,2080-2099,54.57,46.01,54.46,66.61,51.44,47.48,61.85,45.09,44.89,47,52.81,63.57,70.09,68.55,61.18,55.04,52.67,46.6,47.36
MOUNT-ISA-AERO,29127,-20.68,139.49,r1i1p1,rcp85,GFDL-ESM2M,2080-2099,19.48,27.43,20.8,15.52,14.14,24.03,14.91,26.02,33.64,26.81,17.55,18.04,18.61,16.31,11.64,10.85,14.01,17.55,22.75
NOWRA-RAN-AIR-STATION-AWS,68072,-34.95,150.54,r1i1p1,rcp85,GFDL-ESM2M,2080-2099,53.8,59.96,57.67,49.54,47.99,58.5,49.2,59.83,61.46,59.72,56.46,56.83,53.76,51.73,43.14,42.66,46.75,54.64,58.1
PERTH-AIRPORT,9021,-31.93,115.98,r1i1p1,rcp85,GFDL-ESM2M,2080-2099,40.99,33.6,39.11,51.93,39.28,34.88,47.11,33.93,31.3,33.29,38.58,45.45,52.16,53.72,49.9,43.89,37.56,36.37,35.76
PORT-HEDLAND-AIRPORT,4032,-20.37,118.63,r1i1p1,rcp85,GFDL-ESM2M,2080-2099,34.83,50.47,32.34,24.13,32.22,43.09,26.55,51.46,53.79,39.4,30.46,27.15,26.61,22.12,23.67,26.35,33.42,36.89,46.69
RICHMOND-RAAF,67105,-33.6,150.78,r1i1p1,rcp85,GFDL-ESM2M,2080-2099,43.64,47.72,49.12,42.61,35.29,47.19,40.2,46.9,49.84,50.91,46.35,50.1,48.2,45.06,34.59,30.65,32.59,42.63,45.84
ROCKHAMPTON-AERO,39083,-23.38,150.48,r1i1p1,rcp85,GFDL-ESM2M,2080-2099,42.21,48.33,45.13,37.26,38.28,46.6,37.98,45.91,50.68,47.54,44.92,42.93,40.54,36.44,34.81,33.54,39.63,41.67,47.87
SYDNEY-AIRPORT-AMO,66037,-33.94,151.17,r1i1p1,rcp85,GFDL-ESM2M,2080-2099,52.5,58.59,57.56,47.91,46.15,57.74,47.39,58.72,59.39,60.09,56.26,56.34,52.53,49.88,41.32,40.62,43.63,54.2,57.08
TENNANT-CREEK-AIRPORT,15135,-19.64,134.18,r1i1p1,rcp85,GFDL-ESM2M,2080-2099,19.03,26.52,19.44,14.84,15.22,23.34,14.64,26.75,30.56,24.39,17.83,16.11,17.79,15.38,11.35,11.43,15.79,18.44,22.52
TOWNSVILLE-AERO,32040,-19.25,146.77,r1i1p1,rcp85,GFDL-ESM2M,2080-2099,53.62,60.17,53.83,46.51,54.07,58.26,49.09,56.82,61.35,57.9,53.59,49.99,46.65,44.99,47.88,49.59,55.41,57.22,62
WAGGA-WAGGA-AMO,72150,-35.16,147.46,r1i1p1,rcp85,GFDL-ESM2M,2080-2099,37.6,26.21,37.24,55.05,32.2,27.85,47.52,25.3,27.41,28.78,34.18,48.75,59.62,59.8,45.74,40.71,30.48,25.41,25.07
WILLIAMTOWN-RAAF,61078,-32.79,151.84,r1i1p1,rcp85,GFDL-ESM2M,2080-2099,52.17,56.3,57.13,49.89,45.56,56.05,48.41,55.73,58.14,59.66,54.87,56.87,54.84,52.85,41.97,40.46,43.47,52.74,54.45
WOOMERA-AERODROME,16001,-31.16,136.81,r1i1p1,rcp85,GFDL-ESM2M,2080-2099,22.18,17.2,23.73,32.03,15.83,17.84,26.58,17.08,17.98,17.82,22.5,30.88,37.28,34.38,24.43,17,15.52,14.96,16.36
ADELAIDE-KENT-TOWN,23090,-34.92,138.62,r1i1p1,rcp85,HadGEM2-CC,2020-2039,47.21,37.41,46.65,58.7,46,39.9,54.49,36.87,35.91,39.93,46.81,53.22,60.21,59.73,56.16,51.67,45.95,40.38,39.63
ALBANY-AIRPORT-COMPARISON,9741,-34.94,117.8,r1i1p1,rcp85,HadGEM2-CC,2020-2039,61.9,56.57,60.16,66.88,64.03,58.09,65.78,55.8,56.26,57.88,57.91,64.69,67.05,67.47,66.11,65.74,63.59,62.75,57.49
ALICE-SPRINGS-AIRPORT,15590,-23.8,133.89,r1i1p1,rcp85,HadGEM2-CC,2020-2039,22.14,19.18,24.09,27.84,17.51,19.59,24.71,14.77,23.6,19.19,24.01,29.07,34.14,28.04,21.34,16.91,18.78,16.84,18.93
AMBERLEY-AMO,40004,-27.63,152.71,r1i1p1,rcp85,HadGEM2-CC,2020-2039,43.75,49.33,48.86,38.29,38.56,48.29,39.24,47.68,51.7,50.24,48.31,48.02,41.74,38.25,34.87,33.54,39.01,43.12,48.51
BRISBANE-AERO,40842,-27.39,153.13,r1i1p1,rcp85,HadGEM2-CC,2020-2039,55.44,60.62,58.49,48.49,54.13,59.53,51.28,59.89,61.13,60.3,58.4,56.76,49.74,48.78,46.94,50.22,55.23,56.93,60.91
BROOME-AIRPORT,3003,-17.95,122.23,r1i1p1,rcp85,HadGEM2-CC,2020-2039,49.05,64.42,44.99,33.14,53.65,58.4,39.73,63.98,66.9,59.18,40.4,35.38,34.92,30.5,34.01,49.04,54.53,57.38,62.39
CAIRNS-AERO,31011,-16.87,145.75,r1i1p1,rcp85,HadGEM2-CC,2020-2039,62.25,66.42,65.19,58.66,58.69,65.18,59.34,65.04,67.98,65.34,65.69,64.56,61.08,56.24,58.67,56.68,58.8,60.59,66.37
CANBERRA-AIRPORT-COMPARISON,70014,-35.3,149.2,r1i1p1,rcp85,HadGEM2-CC,2020-2039,44.95,36.02,43.96,54.54,45.15,38.5,51.34,35.19,36.13,38.32,43.55,50.02,57.39,56.51,49.72,49.76,44.61,41.07,37.16
CARNARVON-AIRPORT,6011,-24.89,113.67,r1i1p1,rcp85,HadGEM2-CC,2020-2039,52.1,56.34,51.59,49.83,50.67,54.21,50.01,56.67,56.87,53.38,51.64,49.76,48.62,52.06,48.8,50.6,50.24,51.16,55.4
CEDUNA-AMO,18012,-32.13,133.7,r1i1p1,rcp85,HadGEM2-CC,2020-2039,46,44.67,45.43,49.96,43.95,44.37,47.63,44.02,44.57,44.56,45.32,46.41,50.6,50.01,49.28,46.05,43.44,42.35,45.38
CHARLEVILLE-AERO,44021,-26.42,146.25,r1i1p1,rcp85,HadGEM2-CC,2020-2039,27.31,27.57,29.13,29.15,23.23,27.16,27.32,26.48,31.27,24.76,30.92,31.71,33.18,29.3,24.96,22.4,22.38,24.9,25.44
COBAR-MO,48027,-31.49,145.83,r1i1p1,rcp85,HadGEM2-CC,2020-2039,32.95,24.56,34.13,43.16,29.86,27.23,38.64,23.49,26.18,27.36,34.53,40.49,46.55,45.48,37.45,32.38,29.51,27.69,24.23
COFFS-HARBOUR-MO,59040,-30.31,153.12,r1i1p1,rcp85,HadGEM2-CC,2020-2039,61.87,68,65.46,53.65,60.39,67.22,56.55,67.02,68.12,69.23,64.9,62.25,55.16,54.32,51.46,55.63,60.49,65.06,68.85
DARWIN-AIRPORT,14015,-12.42,130.89,r1i1p1,rcp85,HadGEM2-CC,2020-2039,53.33,69.37,53.11,37.92,53.01,63.9,42.85,69.92,72.25,66.6,50.65,42.07,37.19,36.56,40,48.38,52.89,57.77,65.7
DUBBO-AIRPORT-AWS,65070,-32.22,148.58,r1i1p1,rcp85,HadGEM2-CC,2020-2039,41.48,31.59,40.74,52.54,40.77,34.54,48.49,30.59,30.9,34.96,40.43,46.84,54.07,54.92,48.58,46.27,39.56,36.06,33.29
EAST-SALE-AIRPORT,85072,-38.12,147.13,r1i1p1,rcp85,HadGEM2-CC,2020-2039,55.64,50.25,55.67,61.08,55.49,51.73,59.51,49.38,49.32,51.16,54.75,61.11,63.53,63.08,56.62,58.12,54.62,53.73,52.24
ESPERANCE,9789,-33.83,121.89,r1i1p1,rcp85,HadGEM2-CC,2020-2039,57.37,57.49,56.53,58.95,56.6,56.83,57.95,56.4,58.52,56.71,55.28,57.6,58.62,60.52,57.72,58.81,54.44,56.56,57.21
GERALDTON-AIRPORT-COMPARISON,8051,-28.8,114.7,r1i1p1,rcp85,HadGEM2-CC,2020-2039,48.09,43.59,44.41,56.28,48.16,43.43,52.82,43.57,42.17,42.09,43.23,47.91,52.44,58.69,57.72,53.24,46.9,44.35,44.78
HOBART-ELLERSLIE-ROAD,94029,-42.89,147.33,r1i1p1,rcp85,HadGEM2-CC,2020-2039,55.1,51.02,56.39,60.25,52.85,52.36,57.9,51.56,50.52,53.34,55.78,60.04,63.27,61.55,55.92,54.13,52.48,51.92,50.64
KALGOORLIE-BOULDER-AIRPORT,12038,-30.78,121.45,r1i1p1,rcp85,HadGEM2-CC,2020-2039,31.96,24.55,36.55,42.4,24.41,27.11,36.72,21.33,29.13,32.42,34.56,41.91,44.65,45.19,37.37,29.27,21.92,22.02,22.58
LAUNCESTON-AIRPORT-COMPARISON,91104,-41.54,147.2,r1i1p1,rcp85,HadGEM2-CC,2020-2039,55.84,45.07,55.07,68.41,54.96,47.72,64.05,44.6,44.78,46.26,54.21,64.72,70.75,70.44,64.04,59.23,55.1,50.56,45.43
LAVERTON-RAAF,87031,-37.86,144.76,r1i1p1,rcp85,HadGEM2-CC,2020-2039,54.79,48.54,53.59,62.76,54.21,49.73,59.77,49.4,47.71,47.99,53.48,59.31,64.56,63.87,59.86,57.95,53.07,51.62,48.68
MACKAY-M.O,33119,-21.12,149.22,r1i1p1,rcp85,HadGEM2-CC,2020-2039,66.55,67.36,69.67,65.99,63.17,67.05,66.05,66.68,68.44,67.28,70.72,71.02,65,64.88,68.08,64.04,63.31,62.17,66.93
MEEKATHARRA-AIRPORT,7045,-26.61,118.54,r1i1p1,rcp85,HadGEM2-CC,2020-2039,24.43,18.76,27.83,34.8,16.13,20.46,28.3,15.97,24.86,26.21,26.98,30.31,38.18,37.41,28.81,20.26,14.8,13.34,15.5
MELBOURNE-AIRPORT,86282,-37.68,144.84,r1i1p1,rcp85,HadGEM2-CC,2020-2039,51.56,43.27,50.27,61.7,50.88,45.02,57.98,43.93,42.58,43.4,50.09,57.33,63.83,63.62,57.65,55.49,49.97,47.17,43.65
MILDURA-AIRPORT,76031,-34.23,142.08,r1i1p1,rcp85,HadGEM2-CC,2020-2039,36.04,26,35.65,49.85,32.66,27.92,44.17,25.29,27.98,26.86,35.91,44.17,51.86,52.64,45.05,40.33,31,26.65,24.75
MOREE-AERO,53115,-29.49,149.85,r1i1p1,rcp85,HadGEM2-CC,2020-2039,35.98,34.7,36.91,40.01,32.02,34.82,37.04,33.81,36.06,34.44,37.53,38.76,41.94,41.45,36.65,32.17,31.27,32.62,35.06
MOUNT-GAMBIER-AERO,26021,-37.75,140.77,r1i1p1,rcp85,HadGEM2-CC,2020-2039,57.42,45.99,55.91,69.79,58.12,48.62,66.31,45.24,43.15,46.96,54.5,66.25,72.64,70.99,65.73,62.99,59.25,52.11,49.18
MOUNT-ISA-AERO,29127,-20.68,139.49,r1i1p1,rcp85,HadGEM2-CC,2020-2039,23.38,29.22,26.3,20.43,17.51,26.64,20.08,26.47,36.32,27.52,25.84,25.52,24.6,20.22,16.46,16.46,17.24,18.84,25.04
NOWRA-RAN-AIR-STATION-AWS,68072,-34.95,150.54,r1i1p1,rcp85,HadGEM2-CC,2020-2039,55.99,59.27,58.1,52.35,53.96,58.77,53.2,59.17,60.38,59.69,57.23,57.38,53.95,54.22,48.89,51.25,53.34,57.47,58.65
PERTH-AIRPORT,9021,-31.93,115.98,r1i1p1,rcp85,HadGEM2-CC,2020-2039,44.18,33.76,42.06,56.03,45.03,36.13,52.35,33.15,32.88,36.16,40.8,49.22,56.12,57.77,54.19,51.93,44.88,38.27,34.83
PORT-HEDLAND-AIRPORT,4032,-20.37,118.63,r1i1p1,rcp85,HadGEM2-CC,2020-2039,38.61,50.6,36.54,31.83,35.59,44.49,32.83,50.35,54.49,42.14,33.96,33.51,35.54,30.58,29.37,31.91,36.05,38.82,46.56
RICHMOND-RAAF,67105,-33.6,150.78,r1i1p1,rcp85,HadGEM2-CC,2020-2039,46.35,47.45,50.65,45.84,41.31,47.86,44.85,46.2,49.6,50.78,48.89,52.29,49.41,47.9,40.23,39.41,39.85,44.69,46.93
ROCKHAMPTON-AERO,39083,-23.38,150.48,r1i1p1,rcp85,HadGEM2-CC,2020-2039,44.1,49.28,47.65,39.6,39.94,47.75,40.5,48.99,50.19,47.2,48.62,47.12,41.71,38.46,38.62,36.26,40.83,42.72,48.47
SYDNEY-AIRPORT-AMO,66037,-33.94,151.17,r1i1p1,rcp85,HadGEM2-CC,2020-2039,55.04,58.29,58.77,51.03,51.99,58.14,51.98,58.03,59.33,60.11,57.74,58.45,53.44,52.69,46.97,49.91,50.43,55.62,57.82
TENNANT-CREEK-AIRPORT,15135,-19.64,134.18,r1i1p1,rcp85,HadGEM2-CC,2020-2039,22.26,27.58,24.37,19.63,17.48,25.13,19.37,23.44,34.77,26.91,23.43,22.77,23.76,19.44,15.68,16.27,18.3,17.88,24.42
TOWNSVILLE-AERO,32040,-19.25,146.77,r1i1p1,rcp85,HadGEM2-CC,2020-2039,55.4,61.71,55.97,49.32,54.53,59.3,51.47,60.97,62.9,56.76,56.85,54.31,48.73,47.55,51.67,51.56,54.99,57.04,61.49
WAGGA-WAGGA-AMO,72150,-35.16,147.46,r1i1p1,rcp85,HadGEM2-CC,2020-2039,42.31,26.23,38.77,60.16,43.86,29.78,54.7,25.31,26.48,29.46,38.12,48.73,62.53,62.78,55.18,55.22,43.77,32.59,27.5
WILLIAMTOWN-RAAF,61078,-32.79,151.84,r1i1p1,rcp85,HadGEM2-CC,2020-2039,54.89,56.77,59.34,52.68,50.76,57.21,52.65,55.35,58.4,60.33,57.89,59.8,55.96,54.6,47.47,47.86,50.19,54.24,56.62
WOOMERA-AERODROME,16001,-31.16,136.81,r1i1p1,rcp85,HadGEM2-CC,2020-2039,28.07,20.74,28.78,38.7,24.01,22.17,33.98,19.44,22.95,21.85,29.17,35.31,42.77,38.62,34.69,28.06,24.41,19.55,19.96
ADELAIDE-KENT-TOWN,23090,-34.92,138.62,r1i1p1,rcp85,HadGEM2-CC,2040-2059,46.79,37.15,46.39,58.56,44.98,39.32,54.24,36.27,36.55,38.75,47,53.43,60.6,59.26,55.84,51.36,44.93,38.66,38.82
ALBANY-AIRPORT-COMPARISON,9741,-34.94,117.8,r1i1p1,rcp85,HadGEM2-CC,2040-2059,62.17,56.48,60.52,67.3,64.43,58.26,66.15,56.06,55.13,58.63,58.01,64.92,68.47,67.63,65.8,65.9,64.17,63.23,58.07
ALICE-SPRINGS-AIRPORT,15590,-23.8,133.89,r1i1p1,rcp85,HadGEM2-CC,2040-2059,22.04,21.39,22.85,27.23,16.79,19.96,24.16,17.78,25.28,16.43,22.84,29.27,32.78,27.92,20.98,16.56,17.45,16.38,20.87
AMBERLEY-AMO,40004,-27.63,152.71,r1i1p1,rcp85,HadGEM2-CC,2040-2059,44.04,50.48,49.49,38.25,37.96,49.14,38.97,49.31,53.23,51.59,48.29,48.58,43.24,37.8,33.73,32.12,38.34,43.44,48.79
BRISBANE-AERO,40842,-27.39,153.13,r1i1p1,rcp85,HadGEM2-CC,2040-2059,55.79,61.78,59.21,48.4,53.74,60.38,51.14,61.5,62.7,61.3,58.56,57.76,51.38,47.97,45.86,48.87,54.98,57.38,61.23
BROOME-AIRPORT,3003,-17.95,122.23,r1i1p1,rcp85,HadGEM2-CC,2040-2059,49.39,65.08,45.37,32.4,54.69,59.06,39.75,64.84,67.68,58.46,42.19,35.46,33.48,30.22,33.52,49.45,56.36,58.27,62.72
CAIRNS-AERO,31011,-16.87,145.75,r1i1p1,rcp85,HadGEM2-CC,2040-2059,62.69,67.56,66.27,57.96,58.93,66.39,59.01,66.68,69.82,67.31,66.86,64.65,59.85,55.45,58.59,56.22,59.31,61.27,66.31
CANBERRA-AIRPORT-COMPARISON,70014,-35.3,149.2,r1i1p1,rcp85,HadGEM2-CC,2040-2059,44.91,37.3,43.78,54.41,44.01,39.3,50.46,35.39,38.41,38.69,43.7,48.96,57.7,55.85,49.67,47.66,42.91,41.47,38.54
CARNARVON-AIRPORT,6011,-24.89,113.67,r1i1p1,rcp85,HadGEM2-CC,2040-2059,52,55.72,52.52,48.56,51.24,54.49,49.55,56.85,54.29,54.45,52.79,50.32,48.33,48.49,48.86,50.51,50.77,52.45,55.94
CEDUNA-AMO,18012,-32.13,133.7,r1i1p1,rcp85,HadGEM2-CC,2040-2059,45.9,44.81,45.38,49.77,43.67,44.14,47.67,43.73,45.59,43.68,45.41,47.04,51.09,49.16,49.05,46.31,43.37,41.33,45.09
CHARLEVILLE-AERO,44021,-26.42,146.25,r1i1p1,rcp85,HadGEM2-CC,2040-2059,27.56,30.38,28.6,29.28,21.79,28.61,26.36,28.64,35.28,26.97,28.8,30.03,34.94,29.8,23.09,20.29,20,25.07,27.76
COBAR-MO,48027,-31.49,145.83,r1i1p1,rcp85,HadGEM2-CC,2040-2059,33.31,27,33.49,43.88,28.78,28.38,38.21,25.08,29.86,28.74,33.08,38.66,48.2,45.26,38.19,31.08,27.89,27.37,26.29
COFFS-HARBOUR-MO,59040,-30.31,153.12,r1i1p1,rcp85,HadGEM2-CC,2040-2059,62.25,69.41,66.28,53.65,59.68,68.28,56.24,68.63,70.31,70.38,65.36,63.08,56.38,53.95,50.61,53.96,59.47,65.61,69.29
DARWIN-AIRPORT,14015,-12.42,130.89,r1i1p1,rcp85,HadGEM2-CC,2040-2059,53.77,70.61,53.3,38.03,53.22,64.63,42.99,72.05,73.8,66.24,51.49,42.18,36.6,36.75,40.75,48.58,53.09,57.97,65.74
DUBBO-AIRPORT-AWS,65070,-32.22,148.58,r1i1p1,rcp85,HadGEM2-CC,2040-2059,41.92,34.63,40.12,52.99,39.71,36.03,47.88,33.15,35.41,35.7,39.45,45.22,54.8,55.18,48.94,44.86,37.5,36.29,35.42
EAST-SALE-AIRPORT,85072,-38.12,147.13,r1i1p1,rcp85,HadGEM2-CC,2040-2059,55.51,50.72,55.86,60.67,54.73,52.19,58.79,49.22,50.42,51.83,55.58,60.15,63.7,61.97,56.33,56.92,53.69,53.56,52.71
ESPERANCE,9789,-33.83,121.89,r1i1p1,rcp85,HadGEM2-CC,2040-2059,57.55,57.4,57.08,58.91,56.94,56.99,58.16,57.32,56.97,56.95,55.78,58.53,59.97,59.72,57.04,58.48,55.22,57.13,57.55
GERALDTON-AIRPORT-COMPARISON,8051,-28.8,114.7,r1i1p1,rcp85,HadGEM2-CC,2040-2059,47.87,43.12,44.43,55.15,48.86,43.23,52.57,43.28,40.32,41.94,42.9,48.47,52.11,56.66,56.66,54.07,47.44,45.06,45.49
HOBART-ELLERSLIE-ROAD,94029,-42.89,147.33,r1i1p1,rcp85,HadGEM2-CC,2040-2059,54.57,50.43,55.46,59.97,52.55,51.75,57.46,50.76,49.89,52.07,55.23,59.07,63.29,60.96,55.66,53.75,52.05,51.86,50.3
KALGOORLIE-BOULDER-AIRPORT,12038,-30.78,121.45,r1i1p1,rcp85,HadGEM2-CC,2040-2059,31.54,24.1,35.96,41.49,24.69,26.33,36.65,22.26,26.3,28.66,34.57,43.63,45.23,42.46,36.77,29.13,22.65,22.29,23.25
LAUNCESTON-AIRPORT-COMPARISON,91104,-41.54,147.2,r1i1p1,rcp85,HadGEM2-CC,2040-2059,55.41,44.85,54.31,67.94,54.68,47.5,63.4,44.49,44.49,45.73,53.99,63.2,70.79,69.49,63.55,58.59,54.79,50.66,45.18
LAVERTON-RAAF,87031,-37.86,144.76,r1i1p1,rcp85,HadGEM2-CC,2040-2059,54.84,49.01,53.79,62.75,53.74,49.98,59.61,48.63,48.84,47.7,54.24,59.44,64.93,63.3,60.01,57.64,52.33,51.25,49.73
MACKAY-M.O,33119,-21.12,149.22,r1i1p1,rcp85,HadGEM2-CC,2040-2059,67.2,69.31,70.59,65.43,63.47,68.5,65.9,69.36,70.91,69.33,70.94,71.5,65.47,63,67.84,63.45,64.16,62.78,67.61
MEEKATHARRA-AIRPORT,7045,-26.61,118.54,r1i1p1,rcp85,HadGEM2-CC,2040-2059,23.71,17.65,26.98,33.51,16.53,19.4,27.93,15.19,21.99,21.81,27.84,31.3,37.29,33.92,29.31,20.41,15.35,13.84,15.88
MELBOURNE-AIRPORT,86282,-37.68,144.84,r1i1p1,rcp85,HadGEM2-CC,2040-2059,51.6,43.8,50.47,61.71,50.3,45.24,57.84,43.02,43.9,42.92,50.84,57.66,64.18,63.12,57.82,55.2,49.04,46.65,44.86
MILDURA-AIRPORT,76031,-34.23,142.08,r1i1p1,rcp85,HadGEM2-CC,2040-2059,35.6,26.3,34.85,49.94,31.29,27.43,43.78,24.2,28.99,25.43,34.88,44.25,53.06,52.22,44.55,38.65,29.99,25.24,25.74
MOREE-AERO,53115,-29.49,149.85,r1i1p1,rcp85,HadGEM2-CC,2040-2059,36.76,37.5,37.34,40.66,31.27,36.67,36.76,36.88,40.12,36.76,36.79,38.46,44.34,42.59,35.05,31.02,29.09,33.71,36.36
MOUNT-GAMBIER-AERO,26021,-37.75,140.77,r1i1p1,rcp85,HadGEM2-CC,2040-2059,57.52,45.71,56.27,70.22,58,48.54,66.58,44.89,43.26,47.38,54.83,66.6,73.75,70.82,66.11,62.93,59.31,51.76,48.59
MOUNT-ISA-AERO,29127,-20.68,139.49,r1i1p1,rcp85,HadGEM2-CC,2040-2059,23.4,31.24,25.98,19.58,16.72,27.81,18.94,31.27,36.32,28.85,25.34,23.77,24.55,19.49,14.68,15.17,15.99,19,26.31
NOWRA-RAN-AIR-STATION-AWS,68072,-34.95,150.54,r1i1p1,rcp85,HadGEM2-CC,2040-2059,56.13,60.64,58.35,52.17,53.05,59.84,52.38,59.87,62.46,60.42,57.94,56.7,54.36,53.59,48.55,49.01,51.89,58.37,59.99
PERTH-AIRPORT,9021,-31.93,115.98,r1i1p1,rcp85,HadGEM2-CC,2040-2059,43.58,33,40.87,55.17,45.43,35.3,51.99,32.6,30.8,34.55,39.31,48.75,56.66,56.28,52.57,52.42,45.24,38.64,35.18
PORT-HEDLAND-AIRPORT,4032,-20.37,118.63,r1i1p1,rcp85,HadGEM2-CC,2040-2059,38.6,50.55,37.17,31.36,35.45,44.54,32.76,50.6,53.22,41.91,34.7,34.9,34.68,30.22,29.16,31.77,35.83,38.73,47.45
RICHMOND-RAAF,67105,-33.6,150.78,r1i1p1,rcp85,HadGEM2-CC,2040-2059,46.53,49.05,50.8,45.65,40.49,48.94,44.13,47.68,51.83,51.31,49.46,51.61,49.62,47.37,39.94,37.76,38.49,45.22,48.05
ROCKHAMPTON-AERO,39083,-23.38,150.48,r1i1p1,rcp85,HadGEM2-CC,2040-2059,44.71,51.15,48.2,39.35,40.19,49.03,40.43,51.29,52.32,48.77,48.35,47.47,42.48,37.54,38.03,35.94,41.15,43.48,49.65
SYDNEY-AIRPORT-AMO,66037,-33.94,151.17,r1i1p1,rcp85,HadGEM2-CC,2040-2059,55.18,59.59,59.15,50.65,51.24,59.18,51.22,59.48,61.1,60.71,58.62,58.12,53.58,51.91,46.47,47.97,49.26,56.48,58.5
TENNANT-CREEK-AIRPORT,15135,-19.64,134.18,r1i1p1,rcp85,HadGEM2-CC,2040-2059,22.27,29.88,23.01,18.85,17.39,26.03,18.51,27.56,35.78,24.22,23.31,21.5,23.15,18.8,14.59,15.32,17.68,19.15,26.19
TOWNSVILLE-AERO,32040,-19.25,146.77,r1i1p1,rcp85,HadGEM2-CC,2040-2059,56.07,63.36,56.91,49.08,54.84,60.63,51.47,63.32,64.86,58.81,57.34,54.58,48.83,46.63,51.78,51.19,55.81,57.52,62.14
WAGGA-WAGGA-AMO,72150,-35.16,147.46,r1i1p1,rcp85,HadGEM2-CC,2040-2059,42.17,27.87,37.95,60.28,42.36,30.33,53.88,25.31,29.53,29.22,37.31,47.32,62.79,62.23,55.83,53.38,41.69,32,29.39
WILLIAMTOWN-RAAF,61078,-32.79,151.84,r1i1p1,rcp85,HadGEM2-CC,2040-2059,55.26,58.53,59.78,52.64,50.07,58.45,52.15,57.81,60.47,60.93,58.64,59.76,56.62,54.17,47.13,46.32,48.89,54.99,57.38
WOOMERA-AERODROME,16001,-31.16,136.81,r1i1p1,rcp85,HadGEM2-CC,2040-2059,27.67,21.16,27.44,38.65,23.38,21.72,33.64,18.3,23.48,19.54,28.05,34.74,43.56,37.82,34.57,28.03,23.1,19.02,21.86
ADELAIDE-KENT-TOWN,23090,-34.92,138.62,r1i1p1,rcp85,HadGEM2-CC,2060-2079,46.81,37.28,46.69,58.69,44.53,39.57,54.02,36.75,36.5,40.16,45.86,54.04,60.38,59.21,56.47,50.76,43.3,39.54,38.77
ALBANY-AIRPORT-COMPARISON,9741,-34.94,117.8,r1i1p1,rcp85,HadGEM2-CC,2060-2079,62.6,56.74,61.56,67.53,64.64,58.93,66.35,56.2,55.84,59.87,60.4,64.42,68.08,68.53,65.98,66.69,64.4,62.83,58.01
ALICE-SPRINGS-AIRPORT,15590,-23.8,133.89,r1i1p1,rcp85,HadGEM2-CC,2060-2079,22.62,22.72,23.98,27.96,15.91,20.74,24.54,19.04,28.7,18.7,21.65,31.58,33.89,28.33,21.64,14.75,17.03,15.96,20.18
AMBERLEY-AMO,40004,-27.63,152.71,r1i1p1,rcp85,HadGEM2-CC,2060-2079,43.72,50.2,48.72,38.13,37.88,48.51,38.97,49.43,53.07,49.72,47.75,48.68,41.47,38.33,34.59,32.95,37.78,42.89,48
BRISBANE-AERO,40842,-27.39,153.13,r1i1p1,rcp85,HadGEM2-CC,2060-2079,55.53,61.41,58.6,48.3,53.76,59.87,51.12,61.39,62.41,59.84,58.26,57.7,49.51,48.58,46.81,49.98,54.11,57.2,60.51
BROOME-AIRPORT,3003,-17.95,122.23,r1i1p1,rcp85,HadGEM2-CC,2060-2079,49.9,65.31,46.21,33.36,54.72,59.42,40.41,64.33,68.22,59.13,42.99,36.53,32.46,32.21,35.4,48.72,57.15,58.29,63.38
CAIRNS-AERO,31011,-16.87,145.75,r1i1p1,rcp85,HadGEM2-CC,2060-2079,62.99,67.06,65.51,59.91,59.44,65.88,60.12,65.81,68.96,66.04,66.11,64.39,60.7,58.38,60.65,57.35,59.24,61.74,66.54
CANBERRA-AIRPORT-COMPARISON,70014,-35.3,149.2,r1i1p1,rcp85,HadGEM2-CC,2060-2079,45.83,39.01,45.49,55.16,43.5,40.53,51.05,37.87,40.24,39.82,45.08,51.58,58.07,56.79,50.62,46.32,42.92,41.24,39.34
CARNARVON-AIRPORT,6011,-24.89,113.67,r1i1p1,rcp85,HadGEM2-CC,2060-2079,51.71,54.65,52.59,48.97,50.64,53.93,49.51,55.27,53.73,53.56,54.82,49.39,47.76,50.6,48.55,50.68,50.07,51.17,54.86
CEDUNA-AMO,18012,-32.13,133.7,r1i1p1,rcp85,HadGEM2-CC,2060-2079,46.18,45.79,45.81,50.11,43,44.83,47.52,45.24,46.67,45.04,44.85,47.55,50.9,50.03,49.4,45.6,41.64,41.77,45.44
CHARLEVILLE-AERO,44021,-26.42,146.25,r1i1p1,rcp85,HadGEM2-CC,2060-2079,27.17,30.1,27.39,29.67,21.34,27.8,26.4,29.67,35.28,24.74,26.95,30.5,33.6,30.69,24.72,19.58,19.32,25.1,25.86
COBAR-MO,48027,-31.49,145.83,r1i1p1,rcp85,HadGEM2-CC,2060-2079,33.53,27.58,34.47,44.19,27.8,28.54,38.49,26.52,30.26,28.91,33.34,41.14,47.55,46.05,38.99,30.66,26.57,26.16,26.19
COFFS-HARBOUR-MO,59040,-30.31,153.12,r1i1p1,rcp85,HadGEM2-CC,2060-2079,61.63,68.32,65.99,53.23,58.98,67.41,55.87,68.35,69.46,69.08,65.48,63.39,55.27,53.79,50.63,53.74,58.37,64.82,67.14
DARWIN-AIRPORT,14015,-12.42,130.89,r1i1p1,rcp85,HadGEM2-CC,2060-2079,53.49,69.82,52.82,38.53,52.86,64.08,42.98,70.39,73,65.63,50.86,41.97,36.93,37.12,41.56,48.33,51.96,58.28,65.81
DUBBO-AIRPORT-AWS,65070,-32.22,148.58,r1i1p1,rcp85,HadGEM2-CC,2060-2079,42.59,35.96,42.48,53.57,38.09,37.06,48.18,35.47,37.1,37.15,41.26,49.03,55.33,55.34,50.02,42.74,35.81,35.27,35.49
EAST-SALE-AIRPORT,85072,-38.12,147.13,r1i1p1,rcp85,HadGEM2-CC,2060-2079,56.13,52.16,56.81,61.1,54.37,53.03,59.19,51.28,51.13,52.91,55.56,61.95,63.93,62.48,56.88,56.38,53.53,53.21,54.28
ESPERANCE,9789,-33.83,121.89,r1i1p1,rcp85,HadGEM2-CC,2060-2079,57.74,57.66,57.95,58.89,56.58,57.58,57.94,57.7,57.76,58.14,58.02,57.7,59.38,60.22,57.07,58.56,54.74,56.44,57.17
GERALDTON-AIRPORT-COMPARISON,8051,-28.8,114.7,r1i1p1,rcp85,HadGEM2-CC,2060-2079,47.6,42.33,44.74,55.08,48.34,43.02,52.25,42.1,40.22,42.2,44.58,47.44,51.72,57.66,55.85,53.94,46.88,44.22,44.41
HOBART-ELLERSLIE-ROAD,94029,-42.89,147.33,r1i1p1,rcp85,HadGEM2-CC,2060-2079,54.74,51.16,55.76,59.8,52.37,52.18,57.37,51.61,50.03,52.71,55.06,59.52,62.71,60.88,55.81,53.68,51.61,51.82,51.47
KALGOORLIE-BOULDER-AIRPORT,12038,-30.78,121.45,r1i1p1,rcp85,HadGEM2-CC,2060-2079,31.53,24.98,36.35,41.39,23.52,26.98,36,22.74,28.65,30.38,35.06,42.69,44.26,42.95,36.96,27.56,21.57,21.44,23.01
LAUNCESTON-AIRPORT-COMPARISON,91104,-41.54,147.2,r1i1p1,rcp85,HadGEM2-CC,2060-2079,55.5,45.62,54.41,67.63,54.47,47.84,63.25,45.32,44.52,45.68,53.76,63.79,69.85,69.46,63.6,58.46,54.31,50.64,46.64
LAVERTON-RAAF,87031,-37.86,144.76,r1i1p1,rcp85,HadGEM2-CC,2060-2079,55.79,50.84,55.15,63.44,53.66,51.37,60.11,51.42,49.84,50.39,54.14,60.91,65.43,63.65,61.25,57.16,52.28,51.54,51.41
MACKAY-M.O,33119,-21.12,149.22,r1i1p1,rcp85,HadGEM2-CC,2060-2079,67.66,69.15,69.79,67.78,63.93,68.24,67.08,68.94,70.59,67.9,70.67,70.82,65.99,66.78,70.56,64.92,63.43,63.43,67.86
MEEKATHARRA-AIRPORT,7045,-26.61,118.54,r1i1p1,rcp85,HadGEM2-CC,2060-2079,23.41,17.11,27.26,33.61,15.47,19.13,27.59,14.77,21.31,23.19,27.4,31.2,36.05,35.62,29.14,19.16,14.39,12.86,15.36
MELBOURNE-AIRPORT,86282,-37.68,144.84,r1i1p1,rcp85,HadGEM2-CC,2060-2079,52.6,45.61,51.91,62.47,50.28,46.68,58.39,45.97,44.81,45.84,50.72,59.16,64.78,63.45,59.18,54.69,49.11,47.04,46.45
MILDURA-AIRPORT,76031,-34.23,142.08,r1i1p1,rcp85,HadGEM2-CC,2060-2079,35.83,26.63,35.73,49.94,30.99,27.91,43.76,25.7,28.02,27.7,34.17,45.33,52.28,52.13,45.42,38.74,28.66,25.57,26.21
MOREE-AERO,53115,-29.49,149.85,r1i1p1,rcp85,HadGEM2-CC,2060-2079,36.83,37.69,37.69,41.45,30.21,36.36,37.2,38.59,40.49,35.2,37.38,40.5,43.76,43.54,37.06,30.26,28.09,32.28,34.8
MOUNT-GAMBIER-AERO,26021,-37.75,140.77,r1i1p1,rcp85,HadGEM2-CC,2060-2079,57.78,46.43,56.95,70.33,57.56,49.15,66.51,45.54,43.77,48.57,55.16,67.13,73.54,70.93,66.52,62.68,58.28,51.72,49.57
MOUNT-ISA-AERO,29127,-20.68,139.49,r1i1p1,rcp85,HadGEM2-CC,2060-2079,23.32,32.24,24.26,20.34,16.39,27.36,19.25,30.66,40.38,27.59,21.15,24.03,24.01,20.92,16.07,14.62,15.85,18.7,25.87
NOWRA-RAN-AIR-STATION-AWS,68072,-34.95,150.54,r1i1p1,rcp85,HadGEM2-CC,2060-2079,56.9,62.26,59.73,52.56,52.7,60.86,52.9,62.35,64.9,60.91,59.18,59.1,54.37,54.41,48.89,48.18,52.24,57.86,59.94
PERTH-AIRPORT,9021,-31.93,115.98,r1i1p1,rcp85,HadGEM2-CC,2060-2079,43.26,32.57,41.49,54.85,44.28,35.47,51.17,31.9,31.57,35.87,40.84,47.77,55.45,56.9,52.2,51.02,43.7,38.12,33.82
PORT-HEDLAND-AIRPORT,4032,-20.37,118.63,r1i1p1,rcp85,HadGEM2-CC,2060-2079,38.62,50.18,37.15,31.57,35.7,44.4,32.93,50.24,53.28,41.72,35.45,34.28,33.1,31.87,29.74,31.85,36.77,38.47,46.63
RICHMOND-RAAF,67105,-33.6,150.78,r1i1p1,rcp85,HadGEM2-CC,2060-2079,47.1,50.14,52.04,45.94,40.15,49.7,44.51,49.17,53.8,51.87,50.42,53.82,49.64,47.92,40.26,36.94,38.47,45.04,47.85
ROCKHAMPTON-AERO,39083,-23.38,150.48,r1i1p1,rcp85,HadGEM2-CC,2060-2079,44.71,50.67,47.35,40.43,40.45,48.41,41.06,50.56,52.36,47.1,47.69,47.26,42.18,39.44,39.69,36.89,40.91,43.54,48.91
SYDNEY-AIRPORT-AMO,66037,-33.94,151.17,r1i1p1,rcp85,HadGEM2-CC,2060-2079,55.74,60.61,60.1,51.06,51.1,59.81,51.7,60.83,62.77,60.91,59.4,60.01,53.53,52.87,46.78,47.53,49.51,56.25,58.53
TENNANT-CREEK-AIRPORT,15135,-19.64,134.18,r1i1p1,rcp85,HadGEM2-CC,2060-2079,23.13,31.98,23.93,19.47,17.17,27.21,19.04,28.11,40.76,27.45,20.96,23.36,22.82,19.88,15.7,14.72,17.73,19.07,26.97
TOWNSVILLE-AERO,32040,-19.25,146.77,r1i1p1,rcp85,HadGEM2-CC,2060-2079,56.18,63.11,55.71,50.68,55.12,60.1,52.21,62.82,64.57,56.89,56.51,53.72,48.85,49.48,53.71,52.1,55.39,57.88,62.19
WAGGA-WAGGA-AMO,72150,-35.16,147.46,r1i1p1,rcp85,HadGEM2-CC,2060-2079,43.56,30.26,40.26,61.58,41.92,32.26,54.72,28.69,31.03,31.5,38.98,50.31,63.56,63.45,57.74,51.89,41.35,32.51,31.73
WILLIAMTOWN-RAAF,61078,-32.79,151.84,r1i1p1,rcp85,HadGEM2-CC,2060-2079,55.24,58.69,60.31,52.38,49.55,58.46,52.09,57.93,61.51,60.76,59,61.16,56.01,54.35,46.8,45.58,48.66,54.43,56.69
WOOMERA-AERODROME,16001,-31.16,136.81,r1i1p1,rcp85,HadGEM2-CC,2060-2079,27.62,20.98,28.11,39.18,22.15,21.65,33.6,19.46,22.96,21.09,26.57,36.68,43.03,39.28,35.22,26.11,21.29,19.05,20.65
ADELAIDE-KENT-TOWN,23090,-34.92,138.62,r1i1p1,rcp85,HadGEM2-CC,2080-2099,46.4,37.98,46.68,57.47,43.59,39.76,53.12,37.78,36.96,40.81,45.45,53.77,59.46,58.21,54.75,49.88,42.67,38.23,38.78
ALBANY-AIRPORT-COMPARISON,9741,-34.94,117.8,r1i1p1,rcp85,HadGEM2-CC,2080-2099,63.03,57.79,62.67,67.26,64.42,59.55,66.6,56.93,57.34,60.06,60.49,67.46,68.57,67.27,65.93,65.97,64.39,62.9,59.03
ALICE-SPRINGS-AIRPORT,15590,-23.8,133.89,r1i1p1,rcp85,HadGEM2-CC,2080-2099,23.51,24.82,23.56,28.57,16.85,21.91,25.01,21.77,28.66,18.84,20.57,31.28,34.11,29.02,22.59,16.31,16.72,17.51,24.75
AMBERLEY-AMO,40004,-27.63,152.71,r1i1p1,rcp85,HadGEM2-CC,2080-2099,44.83,50.4,49.88,40.02,39.11,49.2,40.53,49.17,52.49,50.56,49.5,49.57,44.64,39.67,35.75,34.09,39.47,43.76,49.24
BRISBANE-AERO,40842,-27.39,153.13,r1i1p1,rcp85,HadGEM2-CC,2080-2099,57.18,61.85,60.32,51.09,55.37,60.83,53.43,61.6,62.18,61.08,60.64,59.23,53.59,50.79,48.88,51.45,56.64,58.03,62.09
BROOME-AIRPORT,3003,-17.95,122.23,r1i1p1,rcp85,HadGEM2-CC,2080-2099,50.79,66.63,48.16,32.92,55.36,60.89,40.66,65.77,70.07,60.91,45.63,37.95,33.63,30.51,34.63,50.94,56.3,58.83,64.26
CAIRNS-AERO,31011,-16.87,145.75,r1i1p1,rcp85,HadGEM2-CC,2080-2099,63.71,67.7,66.04,61.25,59.95,66.16,61.38,67.02,68.32,65.94,65.95,66.23,63.52,58.74,61.49,57.84,60.49,61.53,67.43
CANBERRA-AIRPORT-COMPARISON,70014,-35.3,149.2,r1i1p1,rcp85,HadGEM2-CC,2080-2099,46.04,40.41,44.91,54.1,45.01,41.55,50.64,38.6,40.64,40.2,44.49,50.03,57.56,56.29,48.45,47.93,43.56,43.55,41.12
CARNARVON-AIRPORT,6011,-24.89,113.67,r1i1p1,rcp85,HadGEM2-CC,2080-2099,51.96,55.71,54.19,47.34,50.52,54.85,49.05,55.8,55.56,54.27,56.12,52.19,46.64,47.65,47.74,50.42,49.68,51.45,55.97
CEDUNA-AMO,18012,-32.13,133.7,r1i1p1,rcp85,HadGEM2-CC,2080-2099,46.15,46.08,45.9,49.76,43.01,44.9,47.49,45.88,46.17,44.49,45.22,47.98,50.87,49.46,48.96,46.16,41.53,41.33,45.79
CHARLEVILLE-AERO,44021,-26.42,146.25,r1i1p1,rcp85,HadGEM2-CC,2080-2099,28.28,31.63,28.83,30.45,22.36,29.37,27.42,29.53,34.92,25.72,29.34,31.45,35.74,31.17,24.44,21.27,20.43,25.36,29.99
COBAR-MO,48027,-31.49,145.83,r1i1p1,rcp85,HadGEM2-CC,2080-2099,33.57,28.7,34.46,43.16,28.29,29.65,37.81,27.48,29.8,29.74,33.96,39.67,46.88,45.97,36.63,31.98,25.75,27.14,27.86
COFFS-HARBOUR-MO,59040,-30.31,153.12,r1i1p1,rcp85,HadGEM2-CC,2080-2099,63.08,68.99,67.21,55.03,61.17,68.63,57.58,68.04,68.49,70.16,67.57,63.92,58.09,55.08,51.92,55.96,60.49,67.07,70.14
DARWIN-AIRPORT,14015,-12.42,130.89,r1i1p1,rcp85,HadGEM2-CC,2080-2099,53.66,70.45,52.77,38.09,53.21,64.18,43.1,71.92,73.64,66.2,49.66,42.46,37.05,36.97,40.25,48.73,53.14,57.75,66.13
DUBBO-AIRPORT-AWS,65070,-32.22,148.58,r1i1p1,rcp85,HadGEM2-CC,2080-2099,43.63,37.86,42.33,53.27,41.32,38.95,48.57,36.1,36.68,38.06,41.79,47.13,55.18,56.54,47.96,46.19,37.52,39.65,39.81
EAST-SALE-AIRPORT,85072,-38.12,147.13,r1i1p1,rcp85,HadGEM2-CC,2080-2099,54.77,51.51,55.3,59.42,53.15,52.2,57.63,50.63,50.54,51.38,54.21,60.32,62.23,61.26,54.77,55.58,51.64,52.24,52.39
ESPERANCE,9789,-33.83,121.89,r1i1p1,rcp85,HadGEM2-CC,2080-2099,58.49,59.13,59.32,58.71,56.79,58.57,58.43,58.31,59.85,58.43,58.04,61.5,59.97,59.31,56.86,58.04,54.88,57.45,59.29
GERALDTON-AIRPORT-COMPARISON,8051,-28.8,114.7,r1i1p1,rcp85,HadGEM2-CC,2080-2099,47.66,42.67,46.15,53.78,47.96,43.33,52,42.03,41.36,42.46,45.33,50.67,51.68,55.05,54.63,52.7,47.27,43.91,44.87
HOBART-ELLERSLIE-ROAD,94029,-42.89,147.33,r1i1p1,rcp85,HadGEM2-CC,2080-2099,53.42,49.2,54.64,58.87,51.28,50.61,56.42,49.83,48.8,51.03,54.44,58.46,61.94,59.97,54.7,52.65,50.77,50.43,48
KALGOORLIE-BOULDER-AIRPORT,12038,-30.78,121.45,r1i1p1,rcp85,HadGEM2-CC,2080-2099,31.52,25.54,37.07,40.22,23.41,27.08,35.94,23.15,28.51,28.6,34.99,46.52,44.6,41.17,34.9,27.87,20.58,21.78,24.32
LAUNCESTON-AIRPORT-COMPARISON,91104,-41.54,147.2,r1i1p1,rcp85,HadGEM2-CC,2080-2099,54.38,44.06,53.21,66.48,53.95,46.61,62.2,44.14,43.54,43.9,53.6,62.14,68.63,68.53,62.27,57.94,53.7,50.2,43.95
LAVERTON-RAAF,87031,-37.86,144.76,r1i1p1,rcp85,HadGEM2-CC,2080-2099,53.88,49.87,53.38,61.15,51.38,50.23,57.74,50.38,48.61,48.77,52.54,58.84,63.19,62.17,58.09,54.96,49.18,50,49.79
MACKAY-M.O,33119,-21.12,149.22,r1i1p1,rcp85,HadGEM2-CC,2080-2099,68.44,69.24,70.52,69.85,64.35,68.19,68.91,69.36,69.31,67.11,71.18,73.26,69.49,68.17,71.9,65.28,65.37,62.41,68.38
MEEKATHARRA-AIRPORT,7045,-26.61,118.54,r1i1p1,rcp85,HadGEM2-CC,2080-2099,22.86,17.35,26.86,31.63,15.38,18.72,26.93,15.04,21.54,20.11,26.83,33.63,35.38,32.29,27.24,19.09,13.96,13.08,15.71
MELBOURNE-AIRPORT,86282,-37.68,144.84,r1i1p1,rcp85,HadGEM2-CC,2080-2099,50.55,44.79,49.96,60.09,47.69,45.56,55.82,44.76,44,44.18,48.97,56.74,62.23,62,56.04,52.32,45.61,45.15,44.66
MILDURA-AIRPORT,76031,-34.23,142.08,r1i1p1,rcp85,HadGEM2-CC,2080-2099,35.36,27.58,34.86,48.82,30.31,28.11,42.73,26.99,28.8,27.39,33.24,43.95,51.38,51.12,43.96,38.96,26.99,24.99,26.51
MOREE-AERO,53115,-29.49,149.85,r1i1p1,rcp85,HadGEM2-CC,2080-2099,38.34,39.66,39.02,42.24,32.73,38.54,38.31,38.53,40.2,37.28,39.69,40.1,45.84,44.85,36.03,33.49,29.57,35.12,39.4
MOUNT-GAMBIER-AERO,26021,-37.75,140.77,r1i1p1,rcp85,HadGEM2-CC,2080-2099,56.98,46.71,56.31,68.96,56.16,48.94,65.22,46.2,44.2,48.12,54.22,66.61,72,69.86,65.03,60.87,56.95,50.67,49.02
MOUNT-ISA-AERO,29127,-20.68,139.49,r1i1p1,rcp85,HadGEM2-CC,2080-2099,24.74,35.86,25.04,20.88,17.14,29.75,19.7,35,41.95,28.66,22.03,24.43,25.48,20.6,16.56,15.53,15.62,20.27,30.81
NOWRA-RAN-AIR-STATION-AWS,68072,-34.95,150.54,r1i1p1,rcp85,HadGEM2-CC,2080-2099,56.99,63.05,59.5,51.97,53.44,61.61,52.48,62.14,64.13,61.46,59.42,57.63,54.4,53.7,47.8,49.01,52.14,59.27,62.35
PERTH-AIRPORT,9021,-31.93,115.98,r1i1p1,rcp85,HadGEM2-CC,2080-2099,42.98,32.36,42.13,53.96,43.43,35.05,50.94,31.31,32.62,35.5,40.8,50.09,55.31,55.32,51.25,50.34,43.31,36.63,33.32
PORT-HEDLAND-AIRPORT,4032,-20.37,118.63,r1i1p1,rcp85,HadGEM2-CC,2080-2099,39.11,51.47,38.25,30.92,35.6,45.33,32.85,51.65,54.28,42.78,35.91,36.05,33.8,29.69,29.28,32.65,35.65,38.52,49.03
RICHMOND-RAAF,67105,-33.6,150.78,r1i1p1,rcp85,HadGEM2-CC,2080-2099,47.15,50.87,51.65,45.35,40.93,50.38,44.05,49.28,52.75,52.37,50.49,52.1,49.62,47.17,39.27,37.52,38.59,46.68,49.95
ROCKHAMPTON-AERO,39083,-23.38,150.48,r1i1p1,rcp85,HadGEM2-CC,2080-2099,44.98,50.17,47.57,41.7,40.69,48.12,42.02,50.3,50.4,46.45,48.2,48.04,44.73,40.04,40.33,37.19,41.79,43.09,49.25
SYDNEY-AIRPORT-AMO,66037,-33.94,151.17,r1i1p1,rcp85,HadGEM2-CC,2080-2099,55.89,61.17,60.16,50.78,51.65,60.45,51.46,60.85,61.88,61.65,59.99,58.85,53.87,52.11,46.36,48.03,49.56,57.35,60.17
TENNANT-CREEK-AIRPORT,15135,-19.64,134.18,r1i1p1,rcp85,HadGEM2-CC,2080-2099,24.29,34.92,23.97,19.93,18.19,28.97,19.5,32.4,41.01,26.87,21.47,23.56,24.19,19.46,16.14,15.92,17.76,20.91,31.72
TOWNSVILLE-AERO,32040,-19.25,146.77,r1i1p1,rcp85,HadGEM2-CC,2080-2099,56.83,63.27,56.01,52.29,55.89,60.05,53.73,62.56,63.61,56.54,55.83,55.66,51.91,49.98,54.97,52.9,56.95,57.81,63.28
WAGGA-WAGGA-AMO,72150,-35.16,147.46,r1i1p1,rcp85,HadGEM2-CC,2080-2099,43.66,31.93,39.73,59.8,43.54,33.52,54,29.46,32.23,31.71,38.51,48.97,61.95,62.67,54.77,53.48,42.19,34.96,33
WILLIAMTOWN-RAAF,61078,-32.79,151.84,r1i1p1,rcp85,HadGEM2-CC,2080-2099,55.36,59.11,60.15,52.06,50.34,59.03,51.82,58.18,60.02,61.01,59.74,59.72,56.29,53.76,46.14,46.05,48.95,56,58.51
WOOMERA-AERODROME,16001,-31.16,136.81,r1i1p1,rcp85,HadGEM2-CC,2080-2099,27.87,22.46,28.15,38.72,22.24,22.3,33.52,21.11,24.58,20.94,26.44,37.08,43.92,38.24,34.01,27.52,20.37,18.82,21.47
ADELAIDE-KENT-TOWN,23090,-34.92,138.62,r1i1p1,rcp85,MIROC5,2020-2039,48.06,38.18,48,59.4,46.6,40.67,55.43,37.24,37.29,40.85,47.13,56.01,61.66,60.3,56.23,52.24,46.12,41.44,40.19
ALBANY-AIRPORT-COMPARISON,9741,-34.94,117.8,r1i1p1,rcp85,MIROC5,2020-2039,61.98,56.34,60.29,67.31,64.04,58.19,65.85,56.12,55.26,58.73,58.31,63.83,68.36,67.9,65.67,65.36,63.96,62.81,57.48
ALICE-SPRINGS-AIRPORT,15590,-23.8,133.89,r1i1p1,rcp85,MIROC5,2020-2039,24.58,23.04,26.44,30.41,18.5,22.54,26.65,20.51,25.87,22.39,24.8,32.12,36.19,30.81,24.25,17.62,18.9,18.98,22.48
AMBERLEY-AMO,40004,-27.63,152.71,r1i1p1,rcp85,MIROC5,2020-2039,43.66,49.05,48.88,39.44,37.3,47.82,39.54,47.03,53.79,50.07,47.63,48.96,43.93,38.71,35.69,32.99,36.94,41.97,46.23
BRISBANE-AERO,40842,-27.39,153.13,r1i1p1,rcp85,MIROC5,2020-2039,55.02,60.09,58.26,49.3,52.4,58.88,51.11,59.16,62.85,59.49,58.06,57.25,51.86,48.47,47.58,49.04,52.43,55.73,58.35
BROOME-AIRPORT,3003,-17.95,122.23,r1i1p1,rcp85,MIROC5,2020-2039,50.47,65.82,47.98,33.84,54.24,60.67,40.31,66.11,70.2,61.72,44.68,37.55,35.94,32.59,32.99,47.17,55.66,59.91,61.15
CAIRNS-AERO,31011,-16.87,145.75,r1i1p1,rcp85,MIROC5,2020-2039,61.75,65.44,66.16,58.54,56.83,65.24,58.28,64.18,68.76,69.39,66.39,62.7,60.73,57.17,57.71,54.93,56.44,59.11,63.51
CANBERRA-AIRPORT-COMPARISON,70014,-35.3,149.2,r1i1p1,rcp85,MIROC5,2020-2039,46.28,37.98,45.94,56.12,44.94,39.83,52.66,36.37,41.36,39.32,44.56,53.93,60.36,57.02,50.97,49.21,44.48,41.12,36.62
CARNARVON-AIRPORT,6011,-24.89,113.67,r1i1p1,rcp85,MIROC5,2020-2039,53,57.55,53.61,50.05,50.83,55.72,50.31,57.01,58.93,55.04,54.23,51.57,50.15,51.03,48.98,49.6,50.55,52.33,56.63
CEDUNA-AMO,18012,-32.13,133.7,r1i1p1,rcp85,MIROC5,2020-2039,46.67,45.74,45.98,50.38,44.58,45.08,48.25,44.61,46.12,44.41,45.56,47.96,51.63,51,48.52,46.29,44.13,43.33,46.48
CHARLEVILLE-AERO,44021,-26.42,146.25,r1i1p1,rcp85,MIROC5,2020-2039,28.16,28.21,30.25,32.82,21.18,27.29,28.89,25.13,35.36,28.06,28.66,34.04,37.32,33.85,27.29,21.69,19.18,22.68,24.61
COBAR-MO,48027,-31.49,145.83,r1i1p1,rcp85,MIROC5,2020-2039,34.54,27.49,36.29,45.29,29.01,28.87,40.18,25.63,33.23,30.04,34.18,44.65,49.75,46.92,39.19,32.62,27.94,26.46,23.83
COFFS-HARBOUR-MO,59040,-30.31,153.12,r1i1p1,rcp85,MIROC5,2020-2039,61.11,67.03,64.87,53.97,58.57,65.91,56.33,65.62,70.08,67.62,63.73,63.28,57.57,52.9,51.45,55.05,57.72,62.94,65.38
DARWIN-AIRPORT,14015,-12.42,130.89,r1i1p1,rcp85,MIROC5,2020-2039,53.56,69.53,54.88,37.91,52.01,64.77,42.44,70.15,72.99,67.62,53.5,43.53,37.19,36.71,39.83,45.98,51.41,58.63,65.21
DUBBO-AIRPORT-AWS,65070,-32.22,148.58,r1i1p1,rcp85,MIROC5,2020-2039,43.78,35.33,43.79,55.62,40.07,36.8,50.82,34.1,40.18,38.11,40.91,52.35,58.46,56.95,51.41,47.31,37.51,34.88,32.09
EAST-SALE-AIRPORT,85072,-38.12,147.13,r1i1p1,rcp85,MIROC5,2020-2039,55.81,51,55.67,61.33,55.17,51.87,59.71,49.4,51.47,50.25,54.71,62.03,64.63,62.44,56.91,57.47,54.76,53.28,52.33
ESPERANCE,9789,-33.83,121.89,r1i1p1,rcp85,MIROC5,2020-2039,57.73,57.1,57.19,59.38,57.36,57.26,58.25,57.3,56.81,57.74,56.58,57.24,60.62,60.21,57.31,57.91,56.19,57.99,56.85
GERALDTON-AIRPORT-COMPARISON,8051,-28.8,114.7,r1i1p1,rcp85,MIROC5,2020-2039,48.46,44.74,44.84,56.09,48.26,44.2,52.79,44.5,42.47,42.49,43.31,48.72,53.33,58.55,56.39,53.09,46.64,45.06,46.98
HOBART-ELLERSLIE-ROAD,94029,-42.89,147.33,r1i1p1,rcp85,MIROC5,2020-2039,55.68,52.25,56.46,60.68,53.45,53.17,58.26,52.64,51.54,52.64,56.65,60.1,63.62,61.76,56.65,54.8,52.61,52.95,52.22
KALGOORLIE-BOULDER-AIRPORT,12038,-30.78,121.45,r1i1p1,rcp85,MIROC5,2020-2039,32.74,25.92,37.2,42.78,25.14,28.28,37.11,23.4,30.59,31.06,36.53,43.07,46.35,44.24,37.76,28.21,23.04,24.18,23.19
LAUNCESTON-AIRPORT-COMPARISON,91104,-41.54,147.2,r1i1p1,rcp85,MIROC5,2020-2039,55.52,45.41,54.13,68.16,54.53,47.52,63.6,44.96,45.32,43.98,54.48,63.93,70.35,70.02,64.09,58.86,54.37,50.36,45.55
LAVERTON-RAAF,87031,-37.86,144.76,r1i1p1,rcp85,MIROC5,2020-2039,56.07,50.14,55.54,63.31,55.23,51.17,60.88,49.7,49.6,49.51,54.57,62.54,66.25,63.26,60.41,58.58,54.25,52.86,51.28
MACKAY-M.O,33119,-21.12,149.22,r1i1p1,rcp85,MIROC5,2020-2039,66.98,67.53,71.5,67.06,61.85,68.22,65.76,65.54,71.44,73.84,70.65,70,66.76,65.5,68.92,62.59,60.78,62.2,65.57
MEEKATHARRA-AIRPORT,7045,-26.61,118.54,r1i1p1,rcp85,MIROC5,2020-2039,25.04,20.28,27.9,34.94,16.88,21.43,28.56,18.04,27.29,22.91,28.23,32.55,39.19,37.16,28.48,18.87,15.1,16.66,15.5
MELBOURNE-AIRPORT,86282,-37.68,144.84,r1i1p1,rcp85,MIROC5,2020-2039,52.99,45.01,52.47,62.33,52.04,46.62,59.25,44.29,44.52,45.23,51.21,60.98,65.57,63.05,58.37,56.26,51.25,48.59,46.6
MILDURA-AIRPORT,76031,-34.23,142.08,r1i1p1,rcp85,MIROC5,2020-2039,37.21,27.2,38.05,50.9,32.69,29.15,45.29,25.57,29.18,29.5,35.95,48.71,54.47,52.83,45.39,39.38,30.97,27.72,26.88
MOREE-AERO,53115,-29.49,149.85,r1i1p1,rcp85,MIROC5,2020-2039,36.54,35.01,37.34,43.54,30.04,34.12,38.88,33.59,40.56,35.01,35.02,42,46.52,45.41,38.69,32.49,28.2,29.45,31.61
MOUNT-GAMBIER-AERO,26021,-37.75,140.77,r1i1p1,rcp85,MIROC5,2020-2039,57.89,46.06,56.49,70.53,58.62,48.78,67.09,44.92,43.77,47.1,54.9,67.46,73.77,71.53,66.3,63.82,59.66,52.39,49.07
MOUNT-ISA-AERO,29127,-20.68,139.49,r1i1p1,rcp85,MIROC5,2020-2039,24.61,30.71,28.1,22.15,17.43,28.85,20.34,30.12,35.2,33.35,25.39,25.55,26.21,22.14,18.1,14.87,15.19,22.22,27.02
NOWRA-RAN-AIR-STATION-AWS,68072,-34.95,150.54,r1i1p1,rcp85,MIROC5,2020-2039,56.78,60.99,58.98,53.55,53.28,59.54,54,60.35,65.7,59.05,57.92,59.98,56.69,54.24,49.72,50.35,52.75,56.92,57.31
PERTH-AIRPORT,9021,-31.93,115.98,r1i1p1,rcp85,MIROC5,2020-2039,45.34,35.24,42.92,56.95,46.4,37.63,53.17,34.69,33.18,36.85,42.04,49.86,57.99,58.4,54.47,52.41,45.9,40.88,37.38
PORT-HEDLAND-AIRPORT,4032,-20.37,118.63,r1i1p1,rcp85,MIROC5,2020-2039,39.36,51.45,38.67,31.57,35.86,46.14,32.67,52.16,56.26,44.5,37.24,34.26,35.31,31.21,28.19,30.91,36.16,40.5,45.56
RICHMOND-RAAF,67105,-33.6,150.78,r1i1p1,rcp85,MIROC5,2020-2039,47.72,49.93,52.25,47.45,41.12,49.42,46.03,48.1,56,51.87,49.9,54.98,52.5,48.37,41.5,39.45,39.4,44.52,46.06
ROCKHAMPTON-AERO,39083,-23.38,150.48,r1i1p1,rcp85,MIROC5,2020-2039,45.18,50.75,49.24,41.16,39.64,49.34,41.07,49.24,54.4,51.2,49.17,47.35,43.72,39.93,39.81,35.89,39.71,43.32,48.42
SYDNEY-AIRPORT-AMO,66037,-33.94,151.17,r1i1p1,rcp85,MIROC5,2020-2039,56.04,60.25,59.78,52.39,51.65,59.27,52.85,59.73,64.61,60.16,58.8,60.38,56.28,52.84,48.06,49.6,49.94,55.41,56.7
TENNANT-CREEK-AIRPORT,15135,-19.64,134.18,r1i1p1,rcp85,MIROC5,2020-2039,23.68,30.47,26.01,20.89,17.37,27.56,19.78,29.73,34.73,28.78,24.44,24.82,25.18,20.79,16.71,14.47,16.72,20.91,26.83
TOWNSVILLE-AERO,32040,-19.25,146.77,r1i1p1,rcp85,MIROC5,2020-2039,55.6,61.27,58.04,49.84,53.16,60,51.15,59.74,64.78,62.66,57.35,54.11,50.09,48.54,50.89,50.21,53.05,56.21,59.51
WAGGA-WAGGA-AMO,72150,-35.16,147.46,r1i1p1,rcp85,MIROC5,2020-2039,44.14,28.7,41.49,62.26,43.9,31.6,56.54,26.41,32.12,31.79,38.99,53.7,65.45,63.82,57.5,54.85,43.92,32.94,28.17
WILLIAMTOWN-RAAF,61078,-32.79,151.84,r1i1p1,rcp85,MIROC5,2020-2039,56.15,58.71,60.37,54.37,51.15,58.38,54,57.25,63.5,60.96,58.31,61.84,59.34,55.05,48.71,48.94,50.09,54.41,55.44
WOOMERA-AERODROME,16001,-31.16,136.81,r1i1p1,rcp85,MIROC5,2020-2039,29.5,22.89,29.83,40.32,24.91,23.85,35.17,21.5,23.94,23.33,28.76,37.41,44.83,40.76,35.36,28.16,24.5,22.06,23.38
ADELAIDE-KENT-TOWN,23090,-34.92,138.62,r1i1p1,rcp85,MIROC5,2040-2059,48.03,37.9,48.15,59.67,46.35,40.61,55.43,36.19,36.39,41.06,47.5,55.88,62.58,60.59,55.84,51.82,45.87,41.38,41.3
ALBANY-AIRPORT-COMPARISON,9741,-34.94,117.8,r1i1p1,rcp85,MIROC5,2040-2059,62.19,56.8,60.41,67.21,64.39,58.52,65.93,56.19,55.37,58.99,58.47,63.78,68.09,68.1,65.43,65.83,64.37,62.98,58.68
ALICE-SPRINGS-AIRPORT,15590,-23.8,133.89,r1i1p1,rcp85,MIROC5,2040-2059,24.21,22.71,26.59,29.72,17.9,22.43,26.02,19.46,24.6,22.88,24.57,32.31,35.43,29.99,23.73,16.67,17.97,19.07,23.81
AMBERLEY-AMO,40004,-27.63,152.71,r1i1p1,rcp85,MIROC5,2040-2059,44,49.3,49.82,39.77,37.15,48.16,39.88,47.6,53.27,50.78,48.66,50.02,44.47,39.07,35.75,32.23,37.72,41.5,46.93
BRISBANE-AERO,40842,-27.39,153.13,r1i1p1,rcp85,MIROC5,2040-2059,55.3,60.3,59.09,49.72,52.08,59.07,51.48,59.72,62.2,60.13,58.76,58.39,52.58,48.94,47.64,47.93,53.37,54.93,59.06
BROOME-AIRPORT,3003,-17.95,122.23,r1i1p1,rcp85,MIROC5,2040-2059,49.46,65.36,46.68,32.84,52.96,59.75,39.21,65.55,69.65,60.17,42.42,37.46,34.77,31.77,31.97,45.14,54.12,59.61,60.9
CAIRNS-AERO,31011,-16.87,145.75,r1i1p1,rcp85,MIROC5,2040-2059,62.04,66.7,66.82,58.25,56.38,65.79,58.31,65.57,69.95,68.43,67.99,64.05,59.71,57.63,57.4,54.57,56.52,58.05,64.69
CANBERRA-AIRPORT-COMPARISON,70014,-35.3,149.2,r1i1p1,rcp85,MIROC5,2040-2059,46.26,37.6,46.44,56.03,44.85,39.91,52.55,36.05,39.82,40.04,45.06,54.21,61.21,57.16,49.71,48.32,44.7,41.54,37.34
CARNARVON-AIRPORT,6011,-24.89,113.67,r1i1p1,rcp85,MIROC5,2040-2059,53.02,57.95,53.24,49.71,51.21,56.08,49.99,57.67,58.8,54.25,54.25,51.21,50.37,50.88,47.88,49.3,50.28,54.05,57.3
CEDUNA-AMO,18012,-32.13,133.7,r1i1p1,rcp85,MIROC5,2040-2059,46.54,45.02,46.25,50.5,44.38,44.84,48.24,42.98,45.45,44.68,46.02,48.06,51.74,50.99,48.77,46.1,43.77,43.28,46.61
CHARLEVILLE-AERO,44021,-26.42,146.25,r1i1p1,rcp85,MIROC5,2040-2059,28.16,28.43,30.82,32.11,21.13,27.82,28.37,25.82,34.13,28.53,29.61,34.32,36.68,33.13,26.51,20.46,19.13,23.8,25.85
COBAR-MO,48027,-31.49,145.83,r1i1p1,rcp85,MIROC5,2040-2059,34.51,26.63,36.61,45.52,29.22,28.64,40.37,25.31,30.82,30.24,34.31,45.27,50.04,47.45,39.08,31.64,28.72,27.3,23.99
COFFS-HARBOUR-MO,59040,-30.31,153.12,r1i1p1,rcp85,MIROC5,2040-2059,61.72,67.44,65.96,54.65,58.83,66.48,56.98,66.68,69.59,68.34,65.14,64.4,58.44,53.52,52,54.51,59.01,62.98,66.05
DARWIN-AIRPORT,14015,-12.42,130.89,r1i1p1,rcp85,MIROC5,2040-2059,53.12,69.7,54.27,37.35,51.26,64.42,41.91,69.88,73.01,67.43,52.3,43.08,36.61,36.36,39.08,45.37,50.99,57.43,65.95
DUBBO-AIRPORT-AWS,65070,-32.22,148.58,r1i1p1,rcp85,MIROC5,2040-2059,43.6,34.33,43.96,55.62,40.16,36.44,50.82,33.93,37.64,38.05,41.04,52.78,58.68,57.18,50.94,46.24,38.17,35.59,31.75
EAST-SALE-AIRPORT,85072,-38.12,147.13,r1i1p1,rcp85,MIROC5,2040-2059,55.95,51.2,56.18,61.06,55.3,52.35,59.52,49.39,50.32,51.79,54.73,62.01,65.37,62.26,55.56,56.95,54.97,53.98,54.09
ESPERANCE,9789,-33.83,121.89,r1i1p1,rcp85,MIROC5,2040-2059,57.7,57.02,57.22,59.34,57.36,57.21,58.25,56.85,56.37,57.5,56.73,57.42,60.28,60.28,57.45,58.1,55.96,58.02,57.51
GERALDTON-AIRPORT-COMPARISON,8051,-28.8,114.7,r1i1p1,rcp85,MIROC5,2040-2059,48.14,44.39,44.49,55.73,48.01,43.85,52.48,44.16,42.94,41.29,43.09,49.1,53.33,57.99,55.89,52.33,46.26,45.43,45.81
HOBART-ELLERSLIE-ROAD,94029,-42.89,147.33,r1i1p1,rcp85,MIROC5,2040-2059,55.64,52.17,56.38,60.69,53.42,53.17,58.17,52.14,51.36,52.71,56.39,60.05,64.15,61.74,56.19,54.54,52.33,53.39,52.64
KALGOORLIE-BOULDER-AIRPORT,12038,-30.78,121.45,r1i1p1,rcp85,MIROC5,2040-2059,32.2,24.78,37.08,42.45,24.59,27.49,36.82,21.98,28.87,29.82,36.19,44.2,46.1,43.91,37.34,27.12,22.24,24.4,22.91
LAUNCESTON-AIRPORT-COMPARISON,91104,-41.54,147.2,r1i1p1,rcp85,MIROC5,2040-2059,55.4,45.4,54.25,67.78,54.31,47.68,63.2,44.58,44.84,44.65,54.34,63.75,70.9,69.65,62.79,58.32,53.77,50.85,46.38
LAVERTON-RAAF,87031,-37.86,144.76,r1i1p1,rcp85,MIROC5,2040-2059,56.12,49.99,55.98,63.39,55.06,51.28,60.87,49.15,48.68,50.39,54.77,62.77,67.11,63.34,59.71,58.12,54.17,52.9,52.32
MACKAY-M.O,33119,-21.12,149.22,r1i1p1,rcp85,MIROC5,2040-2059,66.58,67.14,71.77,66.45,60.97,67.9,65.26,66.72,70.23,72.44,72.81,70.06,66.05,65.94,67.36,59.79,62.38,60.75,64.43
MEEKATHARRA-AIRPORT,7045,-26.61,118.54,r1i1p1,rcp85,MIROC5,2040-2059,24.43,19.74,27.32,34.58,15.93,20.7,28.07,17.26,26.38,21.55,27.57,32.86,39.72,36.68,27.34,17.53,14.33,15.92,15.6
MELBOURNE-AIRPORT,86282,-37.68,144.84,r1i1p1,rcp85,MIROC5,2040-2059,53.09,44.93,52.92,62.43,51.93,46.78,59.26,43.86,43.7,46.09,51.45,61.22,66.42,63.17,57.7,55.83,51.24,48.71,47.64
MILDURA-AIRPORT,76031,-34.23,142.08,r1i1p1,rcp85,MIROC5,2040-2059,37.35,26.93,38.77,51.14,32.54,29.25,45.46,24.53,28.7,30.85,36.11,49.34,55.48,53.02,44.93,38.83,31.15,27.63,27.58
MOREE-AERO,53115,-29.49,149.85,r1i1p1,rcp85,MIROC5,2040-2059,36.58,34.43,38.09,43.43,30.1,34.17,38.89,33.61,38.82,35.13,36.37,42.77,46.24,45.36,38.7,31.65,28.61,30.05,31.59
MOUNT-GAMBIER-AERO,26021,-37.75,140.77,r1i1p1,rcp85,MIROC5,2040-2059,58.14,46.07,56.83,71.08,58.71,49,67.37,44.2,43.12,47.34,55.46,67.69,75.35,71.87,66.02,63.88,59.41,52.83,50.47
MOUNT-ISA-AERO,29127,-20.68,139.49,r1i1p1,rcp85,MIROC5,2040-2059,24.48,32.1,27.57,21.21,16.95,29.24,19.68,30.86,36.25,32.04,25.23,25.43,25.27,21.61,16.77,13.89,15.1,21.87,29.42
NOWRA-RAN-AIR-STATION-AWS,68072,-34.95,150.54,r1i1p1,rcp85,MIROC5,2040-2059,56.89,60.35,59.75,53.59,53.54,59.61,54.15,59.79,63.92,59.92,58.82,60.52,57.58,54.46,48.73,49.82,53.56,57.45,57.73
PERTH-AIRPORT,9021,-31.93,115.98,r1i1p1,rcp85,MIROC5,2040-2059,45.01,34.57,42.5,56.81,46.31,37.02,53.12,34.14,32.83,35.91,41.59,49.99,57.77,58.21,54.44,52.55,45.75,40.64,36.28
PORT-HEDLAND-AIRPORT,4032,-20.37,118.63,r1i1p1,rcp85,MIROC5,2040-2059,38.7,50.92,37.67,31.36,34.97,45.18,32.32,51.93,55.82,42.75,35.1,35.15,35.25,31.21,27.62,29.64,35.06,40.22,44.63
RICHMOND-RAAF,67105,-33.6,150.78,r1i1p1,rcp85,MIROC5,2040-2059,47.71,49.07,52.72,47.58,41.33,49.18,46.24,47.62,54,52,50.49,55.66,53.25,48.51,40.99,38.92,40.11,44.94,45.97
ROCKHAMPTON-AERO,39083,-23.38,150.48,r1i1p1,rcp85,MIROC5,2040-2059,44.83,50.24,49.36,41.03,38.73,48.92,40.78,49.62,53.1,50.89,49.86,47.34,43.82,40.27,39.01,34.27,40.01,41.93,47.84
SYDNEY-AIRPORT-AMO,66037,-33.94,151.17,r1i1p1,rcp85,MIROC5,2040-2059,56.01,59.39,60.34,52.48,51.74,59.03,53.03,59.11,62.79,60.51,59.45,61.06,57,52.98,47.46,49.01,50.65,55.56,56.55
TENNANT-CREEK-AIRPORT,15135,-19.64,134.18,r1i1p1,rcp85,MIROC5,2040-2059,23.35,31.39,25.37,19.62,17.05,27.9,18.78,29.8,35.24,28.69,23.56,23.85,23.52,19.72,15.61,13.7,16.28,21.17,29.03
TOWNSVILLE-AERO,32040,-19.25,146.77,r1i1p1,rcp85,MIROC5,2040-2059,55.94,62.3,58.53,50.09,52.78,60.49,51.36,61.22,65.65,61.61,59.12,54.86,49.79,49.28,51.2,49.31,53.69,55.34,60.25
WAGGA-WAGGA-AMO,72150,-35.16,147.46,r1i1p1,rcp85,MIROC5,2040-2059,44.15,28.46,41.88,62.17,43.89,31.77,56.4,26.19,30.54,32.54,39.24,53.88,65.92,63.99,56.6,53.9,44.12,33.65,29.29
WILLIAMTOWN-RAAF,61078,-32.79,151.84,r1i1p1,rcp85,MIROC5,2040-2059,56.23,57.94,61.01,54.66,51.29,58.19,54.35,56.94,61.92,61.22,59.09,62.72,60.37,55.25,48.36,48.45,50.94,54.48,55.03
WOOMERA-AERODROME,16001,-31.16,136.81,r1i1p1,rcp85,MIROC5,2040-2059,29.49,22,30.63,40.65,24.61,23.64,35.35,19.81,23.16,24.35,29.3,38.25,45.43,41.18,35.33,27.56,24.35,21.93,23.18
ADELAIDE-KENT-TOWN,23090,-34.92,138.62,r1i1p1,rcp85,MIROC5,2060-2079,48.52,38.46,48.72,59.95,46.91,41.21,55.81,37.12,37.8,42.08,47.6,56.48,63.28,60.55,56.01,51.83,46.73,42.16,40.65
ALBANY-AIRPORT-COMPARISON,9741,-34.94,117.8,r1i1p1,rcp85,MIROC5,2060-2079,62.23,56.59,60.93,67.3,64.15,58.52,66.01,56.39,55.43,58.82,59.54,64.43,67.99,68.4,65.5,65.56,64.18,62.71,57.79
ALICE-SPRINGS-AIRPORT,15590,-23.8,133.89,r1i1p1,rcp85,MIROC5,2060-2079,25.17,24.33,26.59,30.62,19.26,23.58,26.8,21.01,28.09,22.31,25.51,31.93,36.74,30.31,24.8,17.64,19.4,20.73,23.6
AMBERLEY-AMO,40004,-27.63,152.71,r1i1p1,rcp85,MIROC5,2060-2079,44.69,49.22,50.12,40.32,39.13,48.74,40.67,47.73,53.85,51.3,49.38,49.67,44.48,39.7,36.77,34.08,39.34,43.98,45.99
BRISBANE-AERO,40842,-27.39,153.13,r1i1p1,rcp85,MIROC5,2060-2079,56.11,60.1,59.36,50.37,54.59,59.69,52.47,59.82,62.74,60.73,59.54,57.82,52.59,49.61,48.9,50.51,55.39,57.87,57.82
BROOME-AIRPORT,3003,-17.95,122.23,r1i1p1,rcp85,MIROC5,2060-2079,50.36,65.45,47.71,33.95,54.35,60.49,40.27,65.87,69,61.85,44.38,36.89,37.05,31.49,33.31,45.48,57.4,60.17,61.48
CAIRNS-AERO,31011,-16.87,145.75,r1i1p1,rcp85,MIROC5,2060-2079,62.58,66.21,66.7,58.99,58.4,65.97,59.22,64.93,70.21,68.93,67.69,63.49,61.7,57.27,57.98,56.25,58.6,60.35,63.6
CANBERRA-AIRPORT-COMPARISON,70014,-35.3,149.2,r1i1p1,rcp85,MIROC5,2060-2079,47.12,39.21,46.99,56.19,45.94,41.19,52.98,37.78,41.55,40.59,45.87,54.51,60.82,56.69,51.04,48.86,45.93,43.02,38.73
CARNARVON-AIRPORT,6011,-24.89,113.67,r1i1p1,rcp85,MIROC5,2060-2079,52.63,57.42,53.44,49.35,50.33,55.59,49.69,57.13,58.78,54.03,54.8,51.51,49.95,50.39,47.72,48.62,49.98,52.4,56.26
CEDUNA-AMO,18012,-32.13,133.7,r1i1p1,rcp85,MIROC5,2060-2079,47.12,45.63,46.42,51.01,45.42,45.41,48.82,44.02,46.74,45.03,46.12,48.12,52.62,51.29,49.11,46.6,45.21,44.45,46.1
CHARLEVILLE-AERO,44021,-26.42,146.25,r1i1p1,rcp85,MIROC5,2060-2079,29.69,30.04,32.09,33.44,23.02,29.56,29.68,26.96,38.51,30.04,31.91,34.33,37.84,34.4,28.09,22.56,20.89,25.61,25.13
COBAR-MO,48027,-31.49,145.83,r1i1p1,rcp85,MIROC5,2060-2079,35.41,28.4,37.1,45.79,30.29,30.1,40.71,26.76,33.46,30.83,35.82,44.64,50.23,47.39,39.76,32.97,29.24,28.65,25.2
COFFS-HARBOUR-MO,59040,-30.31,153.12,r1i1p1,rcp85,MIROC5,2060-2079,63.1,68.47,66.79,55.38,61.78,68.05,58.18,67.45,70.79,69.27,66.71,64.38,58.29,54.45,53.38,57.03,61.51,66.81,67.17
DARWIN-AIRPORT,14015,-12.42,130.89,r1i1p1,rcp85,MIROC5,2060-2079,53.73,69.59,54.78,37.95,52.68,64.73,42.82,70.24,73.21,67.82,53.11,43.4,37.38,36.53,39.95,47.07,52.56,58.42,65.08
DUBBO-AIRPORT-AWS,65070,-32.22,148.58,r1i1p1,rcp85,MIROC5,2060-2079,45.03,36.49,44.9,56.13,42.28,38.5,51.62,35.38,39.98,38.97,43.02,52.72,58.99,57.33,52.02,48.02,39.74,38.57,34.41
EAST-SALE-AIRPORT,85072,-38.12,147.13,r1i1p1,rcp85,MIROC5,2060-2079,56.11,51.45,56.49,60.93,55.5,52.62,59.57,50.68,51.08,51.84,55.31,62.32,65.02,61.62,56.16,56.99,55.28,54.24,52.77
ESPERANCE,9789,-33.83,121.89,r1i1p1,rcp85,MIROC5,2060-2079,57.82,56.89,57.62,59.31,57.56,57.16,58.51,56.86,56.61,56.96,57.66,58.25,60.15,60.5,57.28,58.29,56.62,57.78,56.86
GERALDTON-AIRPORT-COMPARISON,8051,-28.8,114.7,r1i1p1,rcp85,MIROC5,2060-2079,47.76,44.06,44.64,55.48,46.97,43.45,52.14,44.17,42.07,40.82,44.01,49.09,52.89,58.03,55.52,51.6,45.73,43.58,45.66
HOBART-ELLERSLIE-ROAD,94029,-42.89,147.33,r1i1p1,rcp85,MIROC5,2060-2079,55.65,52.24,56.57,60.54,53.35,53.19,58.17,52.81,51.06,52.56,56.53,60.62,63.62,61.44,56.58,54.39,52.35,53.31,52.5
KALGOORLIE-BOULDER-AIRPORT,12038,-30.78,121.45,r1i1p1,rcp85,MIROC5,2060-2079,32.31,24.92,36.39,42.71,25.31,27.17,37.35,22.67,28.89,28.41,35.48,44.21,46.78,43.7,37.67,27.98,23.81,24.13,22.66
LAUNCESTON-AIRPORT-COMPARISON,91104,-41.54,147.2,r1i1p1,rcp85,MIROC5,2060-2079,55.42,45.28,54.53,67.75,54.25,47.62,63.29,45.46,44.3,44.5,54.53,64.57,70.47,69.2,63.59,57.89,54.05,50.81,45.7
LAVERTON-RAAF,87031,-37.86,144.76,r1i1p1,rcp85,MIROC5,2060-2079,56.15,49.89,56.13,63.51,55.01,51.29,60.92,49.86,49.14,50.27,55.27,62.86,67.09,63.32,60.12,58.16,53.97,52.89,50.84
MACKAY-M.O,33119,-21.12,149.22,r1i1p1,rcp85,MIROC5,2060-2079,68.21,67.94,73.08,68.29,63.55,69.32,67.11,66.54,73.2,74.48,73.56,71.19,68.64,66.09,70.16,63.02,63.58,64.05,64.05
MEEKATHARRA-AIRPORT,7045,-26.61,118.54,r1i1p1,rcp85,MIROC5,2060-2079,24.56,19.51,26.82,34.77,16.98,20.47,28.55,17.79,24.99,20.01,27.32,33.13,40.41,36.19,27.71,18.09,15.76,17.09,15.76
MELBOURNE-AIRPORT,86282,-37.68,144.84,r1i1p1,rcp85,MIROC5,2060-2079,53.14,44.9,53.09,62.55,51.91,46.83,59.34,44.59,44.22,46.04,51.91,61.31,66.48,63.13,58.04,55.9,51.15,48.67,46.28
MILDURA-AIRPORT,76031,-34.23,142.08,r1i1p1,rcp85,MIROC5,2060-2079,37.87,27.81,39.06,51.43,33.17,29.94,45.82,26.25,30.08,31.01,36.81,49.36,55.57,53.16,45.57,39.24,32.01,28.27,27.11
MOREE-AERO,53115,-29.49,149.85,r1i1p1,rcp85,MIROC5,2060-2079,38.13,36.14,39.07,44.33,32.72,36.11,40.06,34.91,40.94,36.41,38.03,42.75,47.06,46.15,39.77,33.8,30.81,33.54,33.36
MOUNT-GAMBIER-AERO,26021,-37.75,140.77,r1i1p1,rcp85,MIROC5,2060-2079,58.17,46.04,57.03,71.1,58.66,49.05,67.39,44.85,43.58,47.48,55.54,68.08,75.27,71.89,66.15,63.29,59.65,53.03,49.27
MOUNT-ISA-AERO,29127,-20.68,139.49,r1i1p1,rcp85,MIROC5,2060-2079,25.27,32.39,27.71,21.88,19.05,30,20.51,30.98,38.04,31.18,26.86,25.11,25.59,21.93,18.11,15.75,16.58,24.82,28.36
NOWRA-RAN-AIR-STATION-AWS,68072,-34.95,150.54,r1i1p1,rcp85,MIROC5,2060-2079,57.67,61.96,60.1,53.6,54.7,60.87,54.44,61.36,65.74,60.12,59.5,60.69,56.95,53.98,49.88,50.35,54.64,59.33,59.17
PERTH-AIRPORT,9021,-31.93,115.98,r1i1p1,rcp85,MIROC5,2060-2079,44.57,34.12,42.32,56.68,45.32,36.53,52.73,33.83,32.23,35.07,41.99,49.89,57.54,58.38,54.12,51.45,45.01,39.51,35.86
PORT-HEDLAND-AIRPORT,4032,-20.37,118.63,r1i1p1,rcp85,MIROC5,2060-2079,39.28,51.44,37.95,31.53,36.35,45.94,32.73,52.74,55.36,43.64,35.94,34.26,36.24,30.31,28.03,30.12,37.41,41.51,45.85
RICHMOND-RAAF,67105,-33.6,150.78,r1i1p1,rcp85,MIROC5,2060-2079,48.68,50.81,53.29,47.74,42.73,50.7,46.67,48.74,55.96,52.23,51.75,55.89,52.7,48.51,42.02,39.73,41.15,47.32,48.12
ROCKHAMPTON-AERO,39083,-23.38,150.48,r1i1p1,rcp85,MIROC5,2060-2079,45.64,50.17,49.93,41.88,40.63,49.5,41.82,49.06,55.05,51.61,50.5,47.67,44.64,40.55,40.46,36.35,41.28,44.26,46.22
SYDNEY-AIRPORT-AMO,66037,-33.94,151.17,r1i1p1,rcp85,MIROC5,2060-2079,56.85,60.8,60.8,52.6,53.12,60.31,53.43,60.05,64.4,60.52,60.6,61.29,56.34,52.93,48.52,49.75,51.76,57.86,58.25
TENNANT-CREEK-AIRPORT,15135,-19.64,134.18,r1i1p1,rcp85,MIROC5,2060-2079,24.15,31.79,25.79,20.64,18.42,28.42,19.87,30.23,36.78,27.7,24.92,24.75,24.52,20.36,17.04,15.02,17.56,22.68,28.26
TOWNSVILLE-AERO,32040,-19.25,146.77,r1i1p1,rcp85,MIROC5,2060-2079,56.19,61.99,58.44,50.25,54.02,60.62,51.73,60.74,66.2,62.04,58.86,54.43,50.67,48.56,51.52,50.55,54.67,56.83,59.26
WAGGA-WAGGA-AMO,72150,-35.16,147.46,r1i1p1,rcp85,MIROC5,2060-2079,44.88,29.76,42.34,62.37,44.82,32.78,56.83,27.78,32.27,33.11,39.88,54.04,66.07,63.69,57.35,54.42,45.43,34.61,29.87
WILLIAMTOWN-RAAF,61078,-32.79,151.84,r1i1p1,rcp85,MIROC5,2060-2079,57.39,59.46,61.65,54.91,53.52,59.81,55.05,57.53,63.45,61.31,60.8,62.84,59.45,55.58,49.7,50.14,52.6,57.83,57.46
WOOMERA-AERODROME,16001,-31.16,136.81,r1i1p1,rcp85,MIROC5,2060-2079,29.83,22.7,30.02,40.89,25.67,23.98,35.7,20.83,24.43,24.23,28.36,37.45,45.84,40.99,35.83,28.36,25.7,22.94,22.98
ADELAIDE-KENT-TOWN,23090,-34.92,138.62,r1i1p1,rcp85,MIROC5,2080-2099,48.88,39.24,49.34,60.23,46.85,41.81,56.04,37.65,38.69,42.76,48.25,57.01,63.36,61.64,55.7,52.35,46.19,41.99,40.95
ALBANY-AIRPORT-COMPARISON,9741,-34.94,117.8,r1i1p1,rcp85,MIROC5,2080-2099,62.22,56.35,61.06,67.4,64.1,58.32,66.21,55.53,55.44,59.62,58.9,64.68,68.95,67.84,65.4,65.78,64.62,61.89,58.01
ALICE-SPRINGS-AIRPORT,15590,-23.8,133.89,r1i1p1,rcp85,MIROC5,2080-2099,25.08,23.7,25.84,30.58,19.94,23.09,26.96,20.26,26.3,21.99,23.77,31.75,35.21,31.59,24.94,17.44,20.84,21.54,25.28
AMBERLEY-AMO,40004,-27.63,152.71,r1i1p1,rcp85,MIROC5,2080-2099,44.99,49.73,50.08,40.86,39.4,48.91,41.15,48.02,54.13,51.32,48.75,50.16,45.57,40.08,36.91,33.51,40.66,44.03,46.74
BRISBANE-AERO,40842,-27.39,153.13,r1i1p1,rcp85,MIROC5,2080-2099,57.2,61.16,60.1,51.65,55.8,60.51,53.79,60.51,63.74,61.46,59.75,59.09,54.33,50.77,49.84,50.46,58.24,58.7,59.55
BROOME-AIRPORT,3003,-17.95,122.23,r1i1p1,rcp85,MIROC5,2080-2099,51.22,67.21,48.12,34.18,55.28,61.5,40.91,66.98,70.35,62.75,43.33,38.28,36.59,31.98,33.96,45.81,58.81,61.23,64.52
CAIRNS-AERO,31011,-16.87,145.75,r1i1p1,rcp85,MIROC5,2080-2099,62.95,65.87,66.45,60.77,58.83,65.68,60.35,66.21,67.93,68.64,67.36,63.37,62.71,59.6,60,57.08,59.34,60.08,63.15
CANBERRA-AIRPORT-COMPARISON,70014,-35.3,149.2,r1i1p1,rcp85,MIROC5,2080-2099,47.77,40,47.23,56.76,47.35,41.98,53.66,38.68,42.2,41.43,45.59,54.67,62.5,57.08,50.68,49.7,47.32,45.03,38.34
CARNARVON-AIRPORT,6011,-24.89,113.67,r1i1p1,rcp85,MIROC5,2080-2099,52.99,57.72,54.22,49.37,50.59,55.92,50.06,56.37,59.97,55.21,54.11,53.35,50.65,49.5,47.95,48.41,50.47,52.9,57.03
CEDUNA-AMO,18012,-32.13,133.7,r1i1p1,rcp85,MIROC5,2080-2099,47.46,46.37,46.95,51.28,45.37,45.85,49.16,44.72,47.09,45.27,46.79,48.79,53.02,52.11,48.72,47.51,44.84,43.75,46.9
CHARLEVILLE-AERO,44021,-26.42,146.25,r1i1p1,rcp85,MIROC5,2080-2099,30.54,30.77,33.66,34.45,23.41,30.54,30.76,28.52,37.35,31.84,32.43,36.7,39.16,35.4,28.8,22.38,22.1,25.75,26.02
COBAR-MO,48027,-31.49,145.83,r1i1p1,rcp85,MIROC5,2080-2099,36.71,30.15,39.23,46.86,30.88,31.95,41.78,28.21,35.79,33.47,36.93,47.28,52.45,48.75,39.37,32.86,29.95,29.82,25.59
COFFS-HARBOUR-MO,59040,-30.31,153.12,r1i1p1,rcp85,MIROC5,2080-2099,62.98,68.32,66.45,55.69,61.57,67.67,58.35,67.65,70.64,69.56,65.47,64.33,59.81,54.19,53.07,56.33,62.35,66.02,66.37
DARWIN-AIRPORT,14015,-12.42,130.89,r1i1p1,rcp85,MIROC5,2080-2099,53.83,69.53,54.74,38.3,52.65,64.85,42.78,70.5,72.27,68.04,52.75,43.41,37.49,37.75,39.66,46.09,52.31,59.56,66.15
DUBBO-AIRPORT-AWS,65070,-32.22,148.58,r1i1p1,rcp85,MIROC5,2080-2099,45.78,37.15,45.74,57.28,43.07,39.1,52.7,35.85,41.03,40.56,42.66,54,60.75,58.87,52.13,48.04,41.54,39.19,34.07
EAST-SALE-AIRPORT,85072,-38.12,147.13,r1i1p1,rcp85,MIROC5,2080-2099,56.74,52.84,57.18,61.23,56.04,53.97,59.83,51.26,52.35,53.33,55.81,62.41,65.87,61.76,56.05,57.64,55.23,55.24,53.92
ESPERANCE,9789,-33.83,121.89,r1i1p1,rcp85,MIROC5,2080-2099,58.28,57.09,58.24,59.74,58.02,57.44,59.12,56.55,57.22,58.41,57.07,59.24,61.41,60.15,57.66,58.56,57.7,57.8,57.56
GERALDTON-AIRPORT-COMPARISON,8051,-28.8,114.7,r1i1p1,rcp85,MIROC5,2080-2099,47.93,43.9,45.13,55.65,46.94,43.32,52.54,42.05,42.9,41.75,42.63,51.02,54.46,56.91,55.59,51.15,46.15,43.54,47.02
HOBART-ELLERSLIE-ROAD,94029,-42.89,147.33,r1i1p1,rcp85,MIROC5,2080-2099,55.61,52.03,56.52,60.87,53.36,53.19,58.23,52.45,51.2,53,56.36,60.21,64.84,61.5,56.29,54.39,52.16,53.52,51.4
KALGOORLIE-BOULDER-AIRPORT,12038,-30.78,121.45,r1i1p1,rcp85,MIROC5,2080-2099,33.28,25.83,38.28,43.03,26.09,28.52,38.02,22.22,30.45,31.11,37,45.72,48.11,43.51,37.46,28.75,24.56,24.95,24.09
LAUNCESTON-AIRPORT-COMPARISON,91104,-41.54,147.2,r1i1p1,rcp85,MIROC5,2080-2099,55.84,45.41,54.79,68.45,54.92,48.04,63.71,45.28,44.62,44.88,55.32,64.16,71.96,69.71,63.69,58.75,54,52,45.75
LAVERTON-RAAF,87031,-37.86,144.76,r1i1p1,rcp85,MIROC5,2080-2099,56.75,50.69,57.21,64.05,55.35,52.32,61.41,50.21,50.02,52.19,55.81,63.62,67.83,63.96,60.37,58.96,53.72,53.38,50.99
MACKAY-M.O,33119,-21.12,149.22,r1i1p1,rcp85,MIROC5,2080-2099,68.66,67.97,72.62,70.61,63.67,68.95,68.61,67.8,71.18,73.71,72.28,71.85,71.11,68.36,72.36,63.22,64.76,63.03,64.29
MEEKATHARRA-AIRPORT,7045,-26.61,118.54,r1i1p1,rcp85,MIROC5,2080-2099,25.65,20.58,28.85,35.46,17.48,21.93,29.31,17.17,27.01,23.11,28.81,34.63,41.73,36.69,27.97,18.31,16.51,17.6,17.79
MELBOURNE-AIRPORT,86282,-37.68,144.84,r1i1p1,rcp85,MIROC5,2080-2099,53.67,45.82,54.12,63.03,52.02,47.92,59.7,44.79,45.47,47.88,52.53,61.96,66.89,63.86,58.33,56.48,50.64,48.93,46.22
MILDURA-AIRPORT,76031,-34.23,142.08,r1i1p1,rcp85,MIROC5,2080-2099,38.46,28.63,39.96,51.87,33.53,30.76,46.3,26.64,30.76,32.24,37.2,50.45,56.66,54.06,44.9,39.88,31.86,28.84,28.05
MOREE-AERO,53115,-29.49,149.85,r1i1p1,rcp85,MIROC5,2080-2099,38.47,36.88,39.67,45.04,32.53,36.56,40.53,35.58,41.99,37.65,37.59,43.78,48.7,46.74,39.68,33.07,31.21,33.3,32.37
MOUNT-GAMBIER-AERO,26021,-37.75,140.77,r1i1p1,rcp85,MIROC5,2080-2099,58.38,46.23,57.3,71.66,58.6,49.22,67.75,44.93,44.2,48.17,55.26,68.46,76.17,72.52,66.27,63.53,59.55,52.73,48.83
MOUNT-ISA-AERO,29127,-20.68,139.49,r1i1p1,rcp85,MIROC5,2080-2099,25.95,33.22,28.42,22.66,19.45,30.72,21.16,32.79,36.53,32.6,26.23,26.44,26.4,23.15,18.44,15.19,17.32,25.84,30.5
NOWRA-RAN-AIR-STATION-AWS,68072,-34.95,150.54,r1i1p1,rcp85,MIROC5,2080-2099,58.4,62.9,60.87,54.11,55.7,61.91,55,62.69,66.14,61.84,59.56,61.19,58.67,54.05,49.61,50.39,55.93,61.01,59.38
PERTH-AIRPORT,9021,-31.93,115.98,r1i1p1,rcp85,MIROC5,2080-2099,44.32,33.48,42.14,56.67,44.92,35.89,52.76,31.95,32.44,35.74,40.13,50.57,58.16,57.91,53.95,51.26,44.73,38.77,36.23
PORT-HEDLAND-AIRPORT,4032,-20.37,118.63,r1i1p1,rcp85,MIROC5,2080-2099,40.36,52.28,39.46,31.96,37.55,46.95,33.75,52.66,56.33,45.79,36.29,36.3,36.49,30.56,28.82,31.36,38.94,42.34,48.41
RICHMOND-RAAF,67105,-33.6,150.78,r1i1p1,rcp85,MIROC5,2080-2099,48.88,51.31,53.74,47.74,42.94,51.22,46.67,50.01,55.73,53.95,51.28,56,54.07,47.95,41.22,39.12,41.69,48.02,47.6
ROCKHAMPTON-AERO,39083,-23.38,150.48,r1i1p1,rcp85,MIROC5,2080-2099,46.27,51.18,49.91,43.22,40.97,50,42.72,50.47,54.79,51.55,49.94,48.23,46.57,41.52,41.55,36.21,42.24,44.44,47.76
SYDNEY-AIRPORT-AMO,66037,-33.94,151.17,r1i1p1,rcp85,MIROC5,2080-2099,57.21,61.26,61.39,52.85,53.52,60.83,53.71,61.34,64.23,62.19,60.21,61.79,58.06,52.66,47.83,49.37,52.58,58.62,57.63
TENNANT-CREEK-AIRPORT,15135,-19.64,134.18,r1i1p1,rcp85,MIROC5,2080-2099,24.56,32.29,25.68,20.74,19.42,28.85,20.17,30.31,36.31,28.57,23.45,25.01,24.14,20.95,17.15,14.7,19.1,24.47,30.61
TOWNSVILLE-AERO,32040,-19.25,146.77,r1i1p1,rcp85,MIROC5,2080-2099,56.78,62.01,58.1,52.08,55.06,60.52,53.16,61.75,64.4,61.97,57.67,54.66,52.42,50.43,53.41,52.11,55.97,57.11,59.54
WAGGA-WAGGA-AMO,72150,-35.16,147.46,r1i1p1,rcp85,MIROC5,2080-2099,45.5,30.71,42.75,62.74,46.12,33.7,57.49,28.07,33.12,33.69,40.09,54.46,66.61,64.18,57.43,55.52,46.75,36.11,29.95
WILLIAMTOWN-RAAF,61078,-32.79,151.84,r1i1p1,rcp85,MIROC5,2080-2099,57.79,59.97,62.32,55.39,53.66,60.18,55.51,59.35,63.32,62.96,60.29,63.71,61.58,55.37,49.22,49.6,53.57,57.82,56.62
WOOMERA-AERODROME,16001,-31.16,136.81,r1i1p1,rcp85,MIROC5,2080-2099,30.31,23.8,31.08,41.16,25.29,24.81,35.9,21.6,25.34,24.91,29.5,38.81,46.85,42.07,34.57,28.6,24.51,22.76,24.21
ADELAIDE-KENT-TOWN,23090,-34.92,138.62,r1i1p1,rcp85,NorESM1-M,2020-2039,47.13,36.75,47.84,58.93,44.96,39.61,54.64,35.73,34.3,40.58,46.74,56.21,62.63,59.6,54.57,49.51,45.31,40.06,40.38
ALBANY-AIRPORT-COMPARISON,9741,-34.94,117.8,r1i1p1,rcp85,NorESM1-M,2020-2039,61.88,56.41,60.86,66.95,63.35,58.18,65.66,55.18,55.63,58.58,58.74,65.26,68.34,67.08,65.43,63.98,63.84,62.24,58.24
ALICE-SPRINGS-AIRPORT,15590,-23.8,133.89,r1i1p1,rcp85,NorESM1-M,2020-2039,23.49,21.36,25.87,29.25,17.57,21.44,25.58,17.8,23.81,21.09,25.4,31.14,34,29.75,24.01,16.47,18.13,18.13,22.22
AMBERLEY-AMO,40004,-27.63,152.71,r1i1p1,rcp85,NorESM1-M,2020-2039,44.26,49.49,49.27,39.73,38.6,48.36,40.2,47.77,52.65,49.95,48.76,49.09,44.21,39.64,35.35,34.11,38.8,42.89,47.96
BRISBANE-AERO,40842,-27.39,153.13,r1i1p1,rcp85,NorESM1-M,2020-2039,55.86,60.86,58.68,49.69,54.2,59.64,52.01,60.12,61.73,59.55,59.08,57.4,52.39,49.71,46.96,50.74,54.89,56.96,60.81
BROOME-AIRPORT,3003,-17.95,122.23,r1i1p1,rcp85,NorESM1-M,2020-2039,50.25,66.86,48.39,33.2,52.55,61.26,39.28,66.44,70.54,63.2,44.51,37.47,34.34,31.58,33.69,45.07,53.52,59.06,63.61
CAIRNS-AERO,31011,-16.87,145.75,r1i1p1,rcp85,NorESM1-M,2020-2039,62.58,66.77,65.94,58.98,58.59,65.72,59.45,66.14,69.54,66.11,66.4,65.31,62.26,58.76,55.92,55.92,58.55,61.29,64.76
CANBERRA-AIRPORT-COMPARISON,70014,-35.3,149.2,r1i1p1,rcp85,NorESM1-M,2020-2039,45.99,36.9,46.25,56.03,44.66,39.52,52.4,35.58,38.22,39.62,45.35,53.79,60.27,57.27,50.53,47.87,44.68,41.43,37.31
CARNARVON-AIRPORT,6011,-24.89,113.67,r1i1p1,rcp85,NorESM1-M,2020-2039,52.66,56.25,54.73,49.03,50.64,55.59,49.75,56.54,56.61,58.37,54.45,51.37,48.9,49.58,48.6,49.09,50.94,51.9,55.54
CEDUNA-AMO,18012,-32.13,133.7,r1i1p1,rcp85,NorESM1-M,2020-2039,45.44,43.86,45.78,49.43,42.71,43.76,47.13,41.69,42.85,44.01,45.48,47.84,51.59,49.96,46.75,43.6,43.04,41.5,47
CHARLEVILLE-AERO,44021,-26.42,146.25,r1i1p1,rcp85,NorESM1-M,2020-2039,29.11,28.96,30.77,33.68,22.85,27.89,30.19,27.28,35.38,26.06,30.74,35.51,39.01,34.74,27.3,22.91,21.67,23.98,24.69
COBAR-MO,48027,-31.49,145.83,r1i1p1,rcp85,NorESM1-M,2020-2039,34.04,25.64,36.5,45.41,28.53,28,40.05,24.04,29.15,29.34,35.15,45,50.2,47.37,38.65,31.12,27.94,26.53,23.95
COFFS-HARBOUR-MO,59040,-30.31,153.12,r1i1p1,rcp85,NorESM1-M,2020-2039,61.62,66.91,65.73,54.62,59.23,66.27,56.99,65.97,68.53,67.79,65.75,63.63,57.84,54.53,51.5,55.49,58.97,63.22,66.2
DARWIN-AIRPORT,14015,-12.42,130.89,r1i1p1,rcp85,NorESM1-M,2020-2039,53.05,69.34,53.88,37.53,51.52,63.91,42.27,70.22,73.24,65.79,52.33,43.52,36.06,37.41,39.11,46.45,51.08,57.05,64.32
DUBBO-AIRPORT-AWS,65070,-32.22,148.58,r1i1p1,rcp85,NorESM1-M,2020-2039,43.28,33.73,44.08,55.49,39.51,36.11,50.52,32.91,36.18,37.53,41.96,52.74,58.35,57.16,50.87,45.67,37.41,35,32.33
EAST-SALE-AIRPORT,85072,-38.12,147.13,r1i1p1,rcp85,NorESM1-M,2020-2039,55.76,50.02,56.58,61.08,55.28,51.93,59.55,48.81,49,52.34,55.48,61.93,64.72,62.22,56.29,56.65,55.46,53.73,52.44
ESPERANCE,9789,-33.83,121.89,r1i1p1,rcp85,NorESM1-M,2020-2039,57.33,56.84,58.28,58.35,55.94,57.1,57.59,55.72,56.45,57.92,58,58.92,59.13,59.09,56.84,55.58,56,56.24,58.01
GERALDTON-AIRPORT-COMPARISON,8051,-28.8,114.7,r1i1p1,rcp85,NorESM1-M,2020-2039,48.06,43.8,45.96,54.79,47.78,44.23,51.95,43.88,41.66,44.8,44.39,48.7,52.17,56.31,55.91,51.5,47.14,44.69,45.6
HOBART-ELLERSLIE-ROAD,94029,-42.89,147.33,r1i1p1,rcp85,NorESM1-M,2020-2039,55.18,51.22,56.81,59.9,52.9,52.71,57.71,51.27,50.13,53.29,56.63,60.5,63.48,60.52,55.71,53.45,52.62,52.63,51.91
KALGOORLIE-BOULDER-AIRPORT,12038,-30.78,121.45,r1i1p1,rcp85,NorESM1-M,2020-2039,32.44,25.08,38.29,41.96,24.56,28,36.8,21.82,28.57,32.69,37.46,43.8,45.08,42.92,37.86,27.37,23.74,22.56,24.23
LAUNCESTON-AIRPORT-COMPARISON,91104,-41.54,147.2,r1i1p1,rcp85,NorESM1-M,2020-2039,55.68,44.87,55.18,67.97,54.84,47.78,63.66,44.33,43.98,45.92,54.86,64.76,70.99,69.3,63.6,57.96,55.35,51.23,45.91
LAVERTON-RAAF,87031,-37.86,144.76,r1i1p1,rcp85,NorESM1-M,2020-2039,55.3,48.27,55.64,62.86,54.39,50.23,60.29,47.97,46.56,50.38,54.53,61.99,66,63.17,59.41,57.02,54.12,52.01,50.46
MACKAY-M.O,33119,-21.12,149.22,r1i1p1,rcp85,NorESM1-M,2020-2039,68.22,68.57,71.23,68.84,64.24,68.23,68.22,68.8,71.08,68.54,72.1,73.04,70.61,69.33,66.59,65.44,64.31,62.97,65.79
MEEKATHARRA-AIRPORT,7045,-26.61,118.54,r1i1p1,rcp85,NorESM1-M,2020-2039,25.31,20.07,30.15,34.1,16.75,22.27,28.26,16.71,26.38,26.85,30.65,32.96,37.85,35.91,28.54,18.49,15.83,15.92,17.19
MELBOURNE-AIRPORT,86282,-37.68,144.84,r1i1p1,rcp85,NorESM1-M,2020-2039,52.23,43.24,52.55,61.84,51.19,45.72,58.63,42.66,41.68,46.05,51.15,60.44,65.27,62.96,57.28,54.74,51.08,47.75,45.77
MILDURA-AIRPORT,76031,-34.23,142.08,r1i1p1,rcp85,NorESM1-M,2020-2039,35.9,24.89,37.49,50.38,30.84,27.44,44.39,23.09,25.23,28.36,35.56,48.56,54.78,52.69,43.68,36.67,29.93,25.92,26.39
MOREE-AERO,53115,-29.49,149.85,r1i1p1,rcp85,NorESM1-M,2020-2039,37.47,34.96,38.67,44.39,31.62,34.76,40.1,34.38,39.27,35.54,37.18,43.3,47.16,46.68,39.32,33.86,30.29,30.72,31.98
MOUNT-GAMBIER-AERO,26021,-37.75,140.77,r1i1p1,rcp85,NorESM1-M,2020-2039,57.19,44.92,56.42,70.05,57.52,48.08,66.39,43.54,41.69,47.32,54.67,67.28,74.25,70.79,65.09,61.81,59.12,51.63,49.1
MOUNT-ISA-AERO,29127,-20.68,139.49,r1i1p1,rcp85,NorESM1-M,2020-2039,24.9,31.84,26.63,23.33,17.73,28.16,21.6,30.81,36.57,27.63,25.41,26.85,27.94,23.95,18.1,16.18,16.62,20.38,28.36
NOWRA-RAN-AIR-STATION-AWS,68072,-34.95,150.54,r1i1p1,rcp85,NorESM1-M,2020-2039,56.73,59.88,59.99,53.43,53.3,59.5,53.93,59.8,62.26,59.99,59.57,60.4,56.49,54.52,49.27,49.3,53.42,57.42,57.97
PERTH-AIRPORT,9021,-31.93,115.98,r1i1p1,rcp85,NorESM1-M,2020-2039,44.95,34.65,43.7,56.06,45.53,37.64,52.38,34.12,32.89,38.04,42.87,50.19,57.53,57.03,53.6,50.2,45.7,40.71,36.47
PORT-HEDLAND-AIRPORT,4032,-20.37,118.63,r1i1p1,rcp85,NorESM1-M,2020-2039,38.76,51.32,38.77,30.53,34.57,45.93,31.7,52.44,54.73,45.85,35.89,34.57,33.8,29.51,28.29,29.01,35.02,39.69,46.4
RICHMOND-RAAF,67105,-33.6,150.78,r1i1p1,rcp85,NorESM1-M,2020-2039,47.24,48.22,52.72,47.2,40.68,48.72,45.76,46.86,51.97,51.54,51.32,55.3,52.17,48.48,40.95,38.21,39.46,44.36,46.19
ROCKHAMPTON-AERO,39083,-23.38,150.48,r1i1p1,rcp85,NorESM1-M,2020-2039,45.87,50.82,48.79,42.33,41.58,49.04,42.74,51,52.84,48.55,49.51,48.31,45.66,42.07,39.26,38.86,42.26,43.61,48.45
SYDNEY-AIRPORT-AMO,66037,-33.94,151.17,r1i1p1,rcp85,NorESM1-M,2020-2039,55.61,58.67,60.41,52.13,51.15,58.69,52.57,58.59,60.99,60.17,60.36,60.7,55.95,52.98,47.45,48.26,50.09,55.1,56.72
TENNANT-CREEK-AIRPORT,15135,-19.64,134.18,r1i1p1,rcp85,NorESM1-M,2020-2039,23.77,30.3,25.21,21.99,17.61,26.82,20.71,28.43,34.18,25.72,24.18,25.73,26.04,22.55,17.36,15.01,17.56,20.27,28.19
TOWNSVILLE-AERO,32040,-19.25,146.77,r1i1p1,rcp85,NorESM1-M,2020-2039,56.6,62.21,57.93,51.4,54.79,60.13,53.04,61.95,65.18,59.21,58.47,56.1,52.19,51.18,50.82,52.23,55.72,56.43,59.74
WAGGA-WAGGA-AMO,72150,-35.16,147.46,r1i1p1,rcp85,NorESM1-M,2020-2039,43.66,27.74,41.54,61.73,43.41,31.3,55.89,25.69,29.2,32.05,39.29,53.29,65.17,63.65,56.38,53.17,43.67,33.39,28.96
WILLIAMTOWN-RAAF,61078,-32.79,151.84,r1i1p1,rcp85,NorESM1-M,2020-2039,55.79,57.32,60.94,54.26,50.64,57.86,53.8,56.22,60.43,60.62,60.21,62,58.99,55.5,48.28,47.91,50.13,53.88,55.37
WOOMERA-AERODROME,16001,-31.16,136.81,r1i1p1,rcp85,NorESM1-M,2020-2039,27.95,20.45,29.6,38.95,22.75,22.12,33.8,17.87,20.25,22.68,28.74,37.37,44,39.88,32.99,24.98,23.57,19.71,23.4
ADELAIDE-KENT-TOWN,23090,-34.92,138.62,r1i1p1,rcp85,NorESM1-M,2040-2059,47.5,38.17,47.44,58.59,45.74,40.41,54.56,36.94,36.1,40.89,45.53,55.9,62.5,59.01,54.25,50.77,44.92,41.53,41.64
ALBANY-AIRPORT-COMPARISON,9741,-34.94,117.8,r1i1p1,rcp85,NorESM1-M,2040-2059,61.54,56.77,60.07,66.5,62.89,58.39,64.77,56.41,55.21,58.91,58.4,62.9,68.12,66.56,64.83,63.65,62.58,62.44,58.52
ALICE-SPRINGS-AIRPORT,15590,-23.8,133.89,r1i1p1,rcp85,NorESM1-M,2040-2059,23.79,22.86,24.67,27.92,19.8,21.74,25.87,18.32,28.37,19.96,22.43,31.62,34.24,27.97,21.57,18.71,21.15,19.54,21.63
AMBERLEY-AMO,40004,-27.63,152.71,r1i1p1,rcp85,NorESM1-M,2040-2059,44.05,49.14,48.28,39.67,39.15,47.9,40.24,47.36,52.55,49.29,47.21,48.34,44.27,39.32,35.42,34.79,39.32,43.36,47.42
BRISBANE-AERO,40842,-27.39,153.13,r1i1p1,rcp85,NorESM1-M,2040-2059,55.8,60.62,57.67,49.81,55.09,59.24,52.3,59.89,61.81,58.89,57.35,56.75,52.57,49.47,47.39,51.91,55.72,57.65,60.23
BROOME-AIRPORT,3003,-17.95,122.23,r1i1p1,rcp85,NorESM1-M,2040-2059,49.11,66.21,44.77,31.57,53.9,59.41,38.84,66.09,69.53,58.7,39.61,36,32.74,29.85,32.11,46.41,55.94,59.34,63.01
CAIRNS-AERO,31011,-16.87,145.75,r1i1p1,rcp85,NorESM1-M,2040-2059,63.26,68.08,66.04,59.33,59.54,66.66,59.87,67.16,70.89,66.32,66.68,65.12,62.04,59.24,56.72,56.65,59.43,62.52,66.29
CANBERRA-AIRPORT-COMPARISON,70014,-35.3,149.2,r1i1p1,rcp85,NorESM1-M,2040-2059,45.92,36.93,45.59,55.73,45.3,39.41,52.36,35.67,38.58,38.95,44.43,53.39,59.96,56.98,50.24,48.67,44.94,42.28,36.97
CARNARVON-AIRPORT,6011,-24.89,113.67,r1i1p1,rcp85,NorESM1-M,2040-2059,51.88,56.8,52.13,47.92,50.68,55.01,48.77,55.77,58.31,55.23,52.27,48.9,47.35,48.49,47.92,49.28,50.69,52.08,56.24
CEDUNA-AMO,18012,-32.13,133.7,r1i1p1,rcp85,NorESM1-M,2040-2059,45.74,45.4,44.9,48.65,44.03,44.51,46.97,43.96,45.33,43.82,43.78,47.09,51.12,48.79,46.04,45.54,43.25,43.28,46.89
CHARLEVILLE-AERO,44021,-26.42,146.25,r1i1p1,rcp85,NorESM1-M,2040-2059,28.84,29.2,29.25,32.79,23.98,27.69,29.86,26.26,37.1,24.92,28.48,34.34,38.55,33.7,26.1,23.57,22.9,25.47,24.7
COBAR-MO,48027,-31.49,145.83,r1i1p1,rcp85,NorESM1-M,2040-2059,33.95,25.96,35.57,44.47,29.74,28,39.88,23.49,30.77,28.23,33.37,45.11,49.52,46.38,37.52,32.1,28.68,28.46,23.82
COFFS-HARBOUR-MO,59040,-30.31,153.12,r1i1p1,rcp85,NorESM1-M,2040-2059,61.64,66.64,64.65,54.79,60.49,65.85,57.45,65.53,68.81,66.67,64.14,63.13,57.97,54.43,51.98,56.91,60.29,64.28,65.57
DARWIN-AIRPORT,14015,-12.42,130.89,r1i1p1,rcp85,NorESM1-M,2040-2059,53.6,70.64,53.68,37.01,53.15,64.92,42.37,70.74,74.55,65.89,51.77,43.36,36.14,36.76,38.13,47.07,52.74,59.65,66.38
DUBBO-AIRPORT-AWS,65070,-32.22,148.58,r1i1p1,rcp85,NorESM1-M,2040-2059,42.93,33.5,42.86,54.66,40.41,35.69,50.24,32.14,36.74,36.29,40.29,52.02,57.41,56.36,50.13,46.78,37.81,36.13,31.89
EAST-SALE-AIRPORT,85072,-38.12,147.13,r1i1p1,rcp85,NorESM1-M,2040-2059,55.82,50.47,56.01,60.87,55.86,52.09,59.5,49.4,49.64,51.55,54.7,61.77,64.24,62.19,56.17,57.53,55.12,54.91,52.57
ESPERANCE,9789,-33.83,121.89,r1i1p1,rcp85,NorESM1-M,2040-2059,57.36,57.79,57.56,57.91,56.28,57.67,57.09,57.01,57.24,58.18,57.36,57.13,59.57,58.37,55.79,56.85,54.8,57.19,58.78
GERALDTON-AIRPORT-COMPARISON,8051,-28.8,114.7,r1i1p1,rcp85,NorESM1-M,2040-2059,47.33,44.33,44.16,53.85,47.1,43.79,50.94,44.02,41.72,43.31,42.53,46.64,51.43,55.62,54.49,51.19,46.27,43.83,46.96
HOBART-ELLERSLIE-ROAD,94029,-42.89,147.33,r1i1p1,rcp85,NorESM1-M,2040-2059,54.98,51.25,56.21,59.72,52.84,52.58,57.44,51.55,50.05,52.63,56.08,59.9,63.13,60.84,55.2,53.45,52.12,52.96,51.79
KALGOORLIE-BOULDER-AIRPORT,12038,-30.78,121.45,r1i1p1,rcp85,NorESM1-M,2040-2059,32,26.04,36.54,40.63,24.89,28.16,35.77,22.55,30.63,31.58,35.8,41.39,44.88,41.29,35.73,27.96,23.35,23.35,24.31
LAUNCESTON-AIRPORT-COMPARISON,91104,-41.54,147.2,r1i1p1,rcp85,NorESM1-M,2040-2059,55.59,45.05,54.69,67.85,54.89,47.78,63.47,44.79,44.02,45.44,54.37,64.24,70.48,69.64,63.41,58.22,54.79,51.66,45.95
LAVERTON-RAAF,87031,-37.86,144.76,r1i1p1,rcp85,NorESM1-M,2040-2059,55.54,49.67,55,62.62,54.79,50.85,60.14,49.64,48.3,49.95,53.42,61.64,65.51,63.12,59.24,57.71,53.61,53.05,51.25
MACKAY-M.O,33119,-21.12,149.22,r1i1p1,rcp85,NorESM1-M,2040-2059,68.59,70.08,70.42,68.55,65.32,69.13,68.07,69.06,73.84,68.4,71.18,71.68,69.96,68.63,67.07,65.79,65.26,64.92,67.29
MEEKATHARRA-AIRPORT,7045,-26.61,118.54,r1i1p1,rcp85,NorESM1-M,2040-2059,23.93,20.03,26.72,31.95,16.89,21.15,26.63,16.46,27.37,23.45,27.45,29.24,36.53,33.03,26.28,18.48,16.19,15.99,16.29
MELBOURNE-AIRPORT,86282,-37.68,144.84,r1i1p1,rcp85,NorESM1-M,2040-2059,52.43,44.61,51.9,61.54,51.53,46.3,58.43,44.27,43.43,45.62,50.01,60.06,64.75,62.84,57.02,55.36,50.56,48.68,46.52
MILDURA-AIRPORT,76031,-34.23,142.08,r1i1p1,rcp85,NorESM1-M,2040-2059,36.44,26.95,36.94,49.75,32.13,28.72,44.18,24.76,28.23,28.39,34.39,48.03,54.69,51.7,42.86,37.65,30.15,28.59,27.88
MOREE-AERO,53115,-29.49,149.85,r1i1p1,rcp85,NorESM1-M,2040-2059,36.78,34.36,36.8,43.48,32.25,33.96,39.52,33.23,39.21,33.97,34.88,41.57,46.07,45.74,38.62,34.33,30.81,31.61,31.39
MOUNT-GAMBIER-AERO,26021,-37.75,140.77,r1i1p1,rcp85,NorESM1-M,2040-2059,57.51,45.77,56.13,70.15,58.12,48.61,66.5,44.53,42.4,47.34,54.01,67.03,74.16,70.75,65.53,62.72,58.78,52.86,49.97
MOUNT-ISA-AERO,29127,-20.68,139.49,r1i1p1,rcp85,NorESM1-M,2040-2059,25.58,33.26,26.06,23.06,19.88,29.05,22.07,30.74,40.13,27.63,23.61,26.92,28.27,23.27,17.64,17.49,18.81,23.33,29.12
NOWRA-RAN-AIR-STATION-AWS,68072,-34.95,150.54,r1i1p1,rcp85,NorESM1-M,2040-2059,56.75,59.91,59.24,53.32,54.22,59.38,54.1,59.96,62.73,59.11,58.53,60.08,56.42,54.36,49.17,50.38,54.01,58.48,57.41
PERTH-AIRPORT,9021,-31.93,115.98,r1i1p1,rcp85,NorESM1-M,2040-2059,44.41,35.12,42.79,55.24,44.63,37.59,51.35,34.71,32.83,37.82,41.96,48.58,57.07,56.55,52.12,49.09,44.69,40.11,37.34
PORT-HEDLAND-AIRPORT,4032,-20.37,118.63,r1i1p1,rcp85,NorESM1-M,2040-2059,37.82,50.95,35.85,29.3,35.32,44.48,31.27,51.61,54.83,42.15,32.04,33.36,32.74,27.69,27.47,29.89,36.48,39.59,46.03
RICHMOND-RAAF,67105,-33.6,150.78,r1i1p1,rcp85,NorESM1-M,2040-2059,47.08,48.06,51.81,46.92,41.41,48.36,45.82,46.66,52.37,50.44,50.07,54.9,51.88,48.1,40.79,39.26,39.96,45.02,45.51
ROCKHAMPTON-AERO,39083,-23.38,150.48,r1i1p1,rcp85,NorESM1-M,2040-2059,46.12,51.62,48.36,42.28,42.28,49.36,42.93,50.9,54.64,48.19,48.71,48.18,45.49,41.8,39.55,39.76,42.82,44.27,49.14
SYDNEY-AIRPORT-AMO,66037,-33.94,151.17,r1i1p1,rcp85,NorESM1-M,2040-2059,55.58,58.61,59.52,51.95,52.15,58.41,52.78,58.55,61.5,59.05,59.08,60.44,55.78,52.69,47.38,49.63,50.8,56.01,56.05
TENNANT-CREEK-AIRPORT,15135,-19.64,134.18,r1i1p1,rcp85,NorESM1-M,2040-2059,23.69,30.92,24.07,20.87,18.93,26.93,20.44,28.18,37.31,25.36,21.94,24.91,25.42,21.33,15.86,15.94,19.17,21.68,27.15
TOWNSVILLE-AERO,32040,-19.25,146.77,r1i1p1,rcp85,NorESM1-M,2040-2059,57.08,63.67,57.36,51.31,55.92,61.09,53.04,62.35,67.36,58.86,58.18,55.03,51.76,51.05,51.11,52.75,56.55,58.45,61.53
WAGGA-WAGGA-AMO,72150,-35.16,147.46,r1i1p1,rcp85,NorESM1-M,2040-2059,43.39,27.83,40.77,60.97,43.8,31.17,55.48,25.75,29.64,31.3,38.26,52.74,64.33,62.94,55.64,53.65,43.56,34.18,28.71
WILLIAMTOWN-RAAF,61078,-32.79,151.84,r1i1p1,rcp85,NorESM1-M,2040-2059,55.81,57.22,60.01,54.15,51.81,57.52,54.16,56.01,60.93,59.44,58.78,61.82,58.85,55.22,48.39,49.54,51.16,54.74,54.79
WOOMERA-AERODROME,16001,-31.16,136.81,r1i1p1,rcp85,NorESM1-M,2040-2059,28.26,21.79,29.12,37.91,24.16,22.87,33.68,19.74,22.64,22.83,27.23,37.31,43.42,38.46,31.86,27,24.01,21.49,23.16
ADELAIDE-KENT-TOWN,23090,-34.92,138.62,r1i1p1,rcp85,NorESM1-M,2060-2079,47.59,38.33,47.23,58.82,45.91,40.5,54.65,37.14,35.84,40.74,45.77,55.18,62.36,59.89,54.21,50.76,45.52,41.46,42.2
ALBANY-AIRPORT-COMPARISON,9741,-34.94,117.8,r1i1p1,rcp85,NorESM1-M,2060-2079,61.62,57.08,59.87,66.65,62.92,58.32,64.98,55.93,56.48,58.39,58.41,62.8,68.44,67.13,64.39,63.78,63.37,61.61,58.68
ALICE-SPRINGS-AIRPORT,15590,-23.8,133.89,r1i1p1,rcp85,NorESM1-M,2060-2079,24.56,22.62,25.52,29.71,20.46,22.3,26.85,18.55,27.11,22.76,23.72,30.09,35.64,29.32,24.19,19.77,22.13,19.49,21.96
AMBERLEY-AMO,40004,-27.63,152.71,r1i1p1,rcp85,NorESM1-M,2060-2079,44.12,48.96,48.6,39.64,39.31,47.94,40.33,47.19,51.63,49.57,47.62,48.6,44.23,39.54,35.13,34.52,39.96,43.46,47.96
BRISBANE-AERO,40842,-27.39,153.13,r1i1p1,rcp85,NorESM1-M,2060-2079,55.88,60.4,58,49.83,55.28,59.28,52.42,59.67,60.67,59.16,57.86,56.98,52.61,49.82,47.06,51.54,56.52,57.77,60.95
BROOME-AIRPORT,3003,-17.95,122.23,r1i1p1,rcp85,NorESM1-M,2060-2079,50.57,68.28,46.91,33.59,53.49,61.73,39.44,67.61,72.2,62.61,42.58,35.54,34.69,31.93,34.14,46.51,53.8,60.17,65.02
CAIRNS-AERO,31011,-16.87,145.75,r1i1p1,rcp85,NorESM1-M,2060-2079,63.68,68.03,66.53,59.99,60.12,66.86,60.5,66.54,70.58,67.64,66.7,65.25,62.91,60.14,56.92,57.69,60.13,62.53,67.09
CANBERRA-AIRPORT-COMPARISON,70014,-35.3,149.2,r1i1p1,rcp85,NorESM1-M,2060-2079,45.47,36.45,45.35,55.12,44.83,39.04,51.83,35.6,37.47,38.88,44.27,52.9,59.31,56.69,49.35,48.03,44.72,41.75,36.69
CARNARVON-AIRPORT,6011,-24.89,113.67,r1i1p1,rcp85,NorESM1-M,2060-2079,51.96,57.42,51.63,48.83,49.96,55.21,48.73,55.8,59.41,55.97,52.08,46.84,48.56,49.64,48.3,48.69,50.34,50.86,56.98
CEDUNA-AMO,18012,-32.13,133.7,r1i1p1,rcp85,NorESM1-M,2060-2079,45.64,45,44.46,49.06,44.05,44.12,47.17,43.15,44.94,43.83,43.33,46.22,51.64,49.81,45.71,45.31,44.3,42.54,46.88
CHARLEVILLE-AERO,44021,-26.42,146.25,r1i1p1,rcp85,NorESM1-M,2060-2079,28.89,28.45,29.48,32.57,24.91,27.51,30.13,26.9,33.88,25.94,28.6,33.89,37.66,33.54,26.52,24.77,24.43,25.53,25.04
COBAR-MO,48027,-31.49,145.83,r1i1p1,rcp85,NorESM1-M,2060-2079,34.22,25.65,35.81,44.53,30.81,28.22,40.19,24.08,28.76,29.02,33.94,44.46,48.85,47.36,37.36,32.83,30.27,29.33,24.31
COFFS-HARBOUR-MO,59040,-30.31,153.12,r1i1p1,rcp85,NorESM1-M,2060-2079,61.6,66.44,65.02,54.4,60.54,65.89,57.33,65.77,67.6,67.04,64.72,63.31,57.63,54.45,51.11,56.64,60.81,64.17,65.95
DARWIN-AIRPORT,14015,-12.42,130.89,r1i1p1,rcp85,NorESM1-M,2060-2079,53.95,70.28,53.95,37.69,53.98,65.04,42.95,70.58,73.85,67.6,52.07,42.19,36.38,38.03,38.64,48.17,54.3,59.46,66.15
DUBBO-AIRPORT-AWS,65070,-32.22,148.58,r1i1p1,rcp85,NorESM1-M,2060-2079,42.78,33.06,42.88,54.32,40.55,35.55,50.09,32.3,35.28,36.42,40.51,51.72,57.15,56.61,49.07,46.46,38.57,36.16,31.84
EAST-SALE-AIRPORT,85072,-38.12,147.13,r1i1p1,rcp85,NorESM1-M,2060-2079,55.67,50.46,56.01,60.62,55.52,52.01,59.3,50.01,48.95,51.7,54.84,61.49,63.92,62.21,55.73,57.29,55.15,54.14,52.61
ESPERANCE,9789,-33.83,121.89,r1i1p1,rcp85,NorESM1-M,2060-2079,57.49,57.95,57.48,58.24,56.39,57.5,57.52,56.5,58.24,57.71,57.48,57.27,59.83,58.96,55.94,56.68,56.44,56.04,58.75
GERALDTON-AIRPORT-COMPARISON,8051,-28.8,114.7,r1i1p1,rcp85,NorESM1-M,2060-2079,47.07,44.26,43.31,54.2,46.62,43.38,50.83,42.95,43.39,42.44,42.2,45.27,52.41,55.57,54.62,51.11,46.02,42.74,46.15
HOBART-ELLERSLIE-ROAD,94029,-42.89,147.33,r1i1p1,rcp85,NorESM1-M,2060-2079,54.84,51.07,56.12,59.61,52.7,52.27,57.48,52.07,49.41,52.52,55.59,60.26,62.6,60.68,55.54,53.65,52.14,52.31,51.37
KALGOORLIE-BOULDER-AIRPORT,12038,-30.78,121.45,r1i1p1,rcp85,NorESM1-M,2060-2079,31.93,26.03,35.97,41.1,24.71,27.79,35.99,21.42,31.1,31.51,34.86,40.75,45.28,41.87,36.16,27.7,24.2,22.23,24.82
LAUNCESTON-AIRPORT-COMPARISON,91104,-41.54,147.2,r1i1p1,rcp85,NorESM1-M,2060-2079,55.52,45.04,54.67,67.73,54.76,47.62,63.5,45.43,43.59,45.32,54.13,64.57,70.21,69.61,63.39,58.44,54.8,51.05,45.72
LAVERTON-RAAF,87031,-37.86,144.76,r1i1p1,rcp85,NorESM1-M,2060-2079,55.53,49.89,55.2,62.4,54.58,51.07,59.91,50.63,47.84,50.43,53.99,61.19,65.35,63.09,58.76,57.39,53.68,52.66,51.39
MACKAY-M.O,33119,-21.12,149.22,r1i1p1,rcp85,NorESM1-M,2060-2079,69.44,69.57,71.66,70.39,66.15,69.34,69.55,68.37,72.33,70.03,72.3,72.64,71.94,71.18,68.05,67.38,66.1,64.97,67.97
MEEKATHARRA-AIRPORT,7045,-26.61,118.54,r1i1p1,rcp85,NorESM1-M,2060-2079,24.16,20.5,26.94,33.27,15.77,21.33,26.9,15.72,28.36,25.22,26.94,28.65,37.5,35.2,27.1,17.77,15.15,14.38,17.5
MELBOURNE-AIRPORT,86282,-37.68,144.84,r1i1p1,rcp85,NorESM1-M,2060-2079,52.41,44.78,52.09,61.32,51.31,46.51,58.18,45.16,42.94,46.15,50.61,59.52,64.58,62.78,56.59,55,50.63,48.3,46.63
MILDURA-AIRPORT,76031,-34.23,142.08,r1i1p1,rcp85,NorESM1-M,2060-2079,36.88,27.47,37.06,49.97,33,29.34,44.43,25.7,27.87,29.54,34.83,46.82,53.9,52.61,43.39,38.32,31.54,29.12,28.87
MOREE-AERO,53115,-29.49,149.85,r1i1p1,rcp85,NorESM1-M,2060-2079,36.86,34.08,37.37,43.31,32.44,34.04,39.6,33.43,38.1,34.68,35.59,41.85,46.29,45.98,37.65,34.39,31.45,31.48,31.47
MOUNT-GAMBIER-AERO,26021,-37.75,140.77,r1i1p1,rcp85,NorESM1-M,2060-2079,57.51,46.04,56.09,70.13,57.93,48.7,66.42,45.22,42.39,47.32,54.09,66.87,74.07,71.42,64.89,62.53,58.75,52.51,50.09
MOUNT-ISA-AERO,29127,-20.68,139.49,r1i1p1,rcp85,NorESM1-M,2060-2079,26.34,33.3,27.13,23.64,21.23,29.78,22.86,31.65,38.45,30.22,24.69,26.48,28.24,24.05,18.62,19.59,20.2,23.91,30.03
NOWRA-RAN-AIR-STATION-AWS,68072,-34.95,150.54,r1i1p1,rcp85,NorESM1-M,2060-2079,56.25,59.24,59.04,52.7,53.72,58.91,53.57,60.1,61.01,58.92,58.49,59.72,55.78,54.11,48.21,49.77,53.66,57.95,57
PERTH-AIRPORT,9021,-31.93,115.98,r1i1p1,rcp85,NorESM1-M,2060-2079,44.13,34.86,41.98,55.35,44.49,36.97,51.41,33.6,33.82,36.14,41.78,48.01,57.62,56.33,52.09,49.59,44.83,39.05,36.71
PORT-HEDLAND-AIRPORT,4032,-20.37,118.63,r1i1p1,rcp85,NorESM1-M,2060-2079,39.13,52.26,37.81,31.77,34.8,46.18,32.18,51.44,57.07,45.83,34.41,33.2,35.62,30.94,28.74,29.54,35.01,39.84,47.87
RICHMOND-RAAF,67105,-33.6,150.78,r1i1p1,rcp85,NorESM1-M,2060-2079,46.8,47.56,51.82,46.48,41.24,48.13,45.49,46.85,50.88,50.52,50.26,54.67,51.41,48.08,39.95,38.85,40.01,44.86,45.3
ROCKHAMPTON-AERO,39083,-23.38,150.48,r1i1p1,rcp85,NorESM1-M,2060-2079,46.63,51.4,48.92,43.32,42.93,49.63,43.68,50.85,53.29,49.37,49.2,48.18,46.85,42.86,40.25,40.49,43.45,44.85,49.9
SYDNEY-AIRPORT-AMO,66037,-33.94,151.17,r1i1p1,rcp85,NorESM1-M,2060-2079,55.28,58.09,59.56,51.47,51.91,58.18,52.42,58.89,59.8,59.12,59.37,60.18,55.25,52.68,46.48,49.15,50.78,55.81,55.86
TENNANT-CREEK-AIRPORT,15135,-19.64,134.18,r1i1p1,rcp85,NorESM1-M,2060-2079,24.62,31.26,25.03,22.11,20.11,27.68,21.55,29.07,36.35,27.64,22.94,24.52,26.55,22.65,17.14,17.84,20.57,21.93,28.22
TOWNSVILLE-AERO,32040,-19.25,146.77,r1i1p1,rcp85,NorESM1-M,2060-2079,57.97,63.48,58.37,52.77,57.16,61.36,54.53,61.96,66.46,60.4,58.73,55.97,53.18,52.7,52.43,54.72,58.18,58.57,62.27
WAGGA-WAGGA-AMO,72150,-35.16,147.46,r1i1p1,rcp85,NorESM1-M,2060-2079,43.04,27.44,40.5,60.53,43.49,30.92,55.04,25.58,28.7,31.44,38.13,51.94,63.85,62.83,54.93,53.03,43.66,33.78,28.66
WILLIAMTOWN-RAAF,61078,-32.79,151.84,r1i1p1,rcp85,NorESM1-M,2060-2079,55.63,56.82,60.2,53.7,51.76,57.44,53.89,56.45,59.36,59.67,59.27,61.67,58.34,55.31,47.46,49.18,51.37,54.72,54.71
WOOMERA-AERODROME,16001,-31.16,136.81,r1i1p1,rcp85,NorESM1-M,2060-2079,28.48,21.81,28.58,38.68,24.78,22.86,34.11,19.15,22.71,23.66,26.47,35.62,43.8,39.97,32.28,27.36,25.63,21.34,23.72
ADELAIDE-KENT-TOWN,23090,-34.92,138.62,r1i1p1,rcp85,NorESM1-M,2080-2099,47.71,38.67,47.57,58.8,45.96,40.68,54.85,37.08,37.17,40.66,46.34,55.7,61.51,60.01,54.88,51.29,45.69,40.91,41.33
ALBANY-AIRPORT-COMPARISON,9741,-34.94,117.8,r1i1p1,rcp85,NorESM1-M,2080-2099,61.38,57.23,60.3,65.76,62.23,58.44,64.4,56.55,56.24,58.39,58.87,63.65,67.71,65.4,64.16,63,62.49,61.21,58.85
ALICE-SPRINGS-AIRPORT,15590,-23.8,133.89,r1i1p1,rcp85,NorESM1-M,2080-2099,26.49,23.82,27.36,32.64,21.89,23.63,29.24,18.48,28.62,23.33,26.04,32.69,35.62,32.77,29.53,21.31,23.52,20.84,25.1
AMBERLEY-AMO,40004,-27.63,152.71,r1i1p1,rcp85,NorESM1-M,2080-2099,44.17,49.26,48.02,39.94,39.56,48.04,40.38,47.49,52.09,49.37,47.01,47.68,44.34,39.66,35.82,34.57,40.22,43.88,47.91
BRISBANE-AERO,40842,-27.39,153.13,r1i1p1,rcp85,NorESM1-M,2080-2099,56.55,61.06,58.01,50.73,56.29,59.85,53.14,60.15,61.84,59.69,57.8,56.54,53.16,50.52,48.52,52.27,57.84,58.77,61.52
BROOME-AIRPORT,3003,-17.95,122.23,r1i1p1,rcp85,NorESM1-M,2080-2099,52.14,68.44,49.86,35.45,54.73,62.94,41.32,66.92,73.3,63.54,47.54,38.5,35.96,33.21,37.19,48.02,55.03,61.15,65.3
CAIRNS-AERO,31011,-16.87,145.75,r1i1p1,rcp85,NorESM1-M,2080-2099,64.25,68.31,66.41,60.78,61.6,67.16,61.47,67.56,69.6,66.95,66.71,65.56,63.17,61.21,57.97,59.27,61.63,63.89,67.44
CANBERRA-AIRPORT-COMPARISON,70014,-35.3,149.2,r1i1p1,rcp85,NorESM1-M,2080-2099,45.02,36.91,44.39,55.14,43.89,38.87,51.27,35.57,38.28,38.71,43.07,51.41,59.22,56.69,49.51,47.38,43.43,40.85,36.13
CARNARVON-AIRPORT,6011,-24.89,113.67,r1i1p1,rcp85,NorESM1-M,2080-2099,52.9,58.67,54.48,48.15,50.24,56.9,48.9,57.34,62.34,57.18,56.14,50.12,47.71,48.16,48.58,49.4,49.4,51.92,56.53
CEDUNA-AMO,18012,-32.13,133.7,r1i1p1,rcp85,NorESM1-M,2080-2099,46.55,46.11,45.77,49.69,44.76,45.24,47.95,43.93,46.23,44.54,45.31,47.46,50.42,50.37,48.29,47.19,43.99,43.08,47.75
CHARLEVILLE-AERO,44021,-26.42,146.25,r1i1p1,rcp85,NorESM1-M,2080-2099,30.44,29.81,31.2,34.93,25.95,29.1,32,27.25,36.04,27.34,30.45,35.81,38.89,35.74,30.16,26.2,25.23,26.43,25.73
COBAR-MO,48027,-31.49,145.83,r1i1p1,rcp85,NorESM1-M,2080-2099,34.13,26.02,35.83,45.2,29.73,28.42,40.14,23.81,29.63,29.36,34.23,43.9,49.06,47.93,38.6,32.63,28.7,27.87,23.83
COFFS-HARBOUR-MO,59040,-30.31,153.12,r1i1p1,rcp85,NorESM1-M,2080-2099,61.34,66.31,64.27,54.74,60.12,65.63,57.09,65.01,67.99,67.26,63.89,61.66,57.7,54.44,52.07,56.16,60.49,63.71,65.64
DARWIN-AIRPORT,14015,-12.42,130.89,r1i1p1,rcp85,NorESM1-M,2080-2099,54.54,70.23,54.44,38.56,54.81,65.3,43.74,70.77,73.59,66.78,53.2,43.33,37.32,38.74,39.61,47.55,55.9,60.98,66.66
DUBBO-AIRPORT-AWS,65070,-32.22,148.58,r1i1p1,rcp85,NorESM1-M,2080-2099,42.49,32.95,42.32,54.92,39.88,35.19,50.03,31.67,35.32,36.4,39.74,50.82,56.93,57.39,50.36,46.12,37.61,35.44,31.33
EAST-SALE-AIRPORT,85072,-38.12,147.13,r1i1p1,rcp85,NorESM1-M,2080-2099,55.23,50.91,55.29,60.45,54.58,51.94,58.82,49.67,50.07,51.26,54.22,60.38,64.04,61.51,55.8,56.66,54.54,52.54,52.04
ESPERANCE,9789,-33.83,121.89,r1i1p1,rcp85,NorESM1-M,2080-2099,57.38,58.77,57.55,57.86,55.33,57.87,56.9,57.96,58.53,57.53,57.48,57.65,59.18,57.91,56.5,55.52,54.67,55.79,59.89
GERALDTON-AIRPORT-COMPARISON,8051,-28.8,114.7,r1i1p1,rcp85,NorESM1-M,2080-2099,47.34,45.01,44.52,53.01,46.73,44.24,50.44,45.04,44.42,42.6,44.18,46.78,51.04,54.07,53.92,51.11,45.75,43.33,45.82
HOBART-ELLERSLIE-ROAD,94029,-42.89,147.33,r1i1p1,rcp85,NorESM1-M,2080-2099,54.63,51.4,55.43,59.37,52.68,52.29,57.17,52.08,50.66,52.45,54.98,58.86,62.9,59.99,55.2,53.47,52.57,52,50.42
KALGOORLIE-BOULDER-AIRPORT,12038,-30.78,121.45,r1i1p1,rcp85,NorESM1-M,2080-2099,31.99,26.13,37.13,40.67,24.2,28.32,35.67,22.26,30.84,31.24,37.3,41.93,44.58,40.81,36.61,27.73,22.35,22.5,24.54
LAUNCESTON-AIRPORT-COMPARISON,91104,-41.54,147.2,r1i1p1,rcp85,NorESM1-M,2080-2099,55.42,45.42,54.06,67.43,54.96,47.73,63.17,45.54,44.72,45.02,54.18,62.96,70.4,68.88,63.01,58.53,55.26,51.08,45.44
LAVERTON-RAAF,87031,-37.86,144.76,r1i1p1,rcp85,NorESM1-M,2080-2099,55.4,50.55,55.27,62.11,53.97,51.44,59.59,50.48,49.28,50.55,54.17,61.09,65.3,62.35,58.68,56.77,53.34,51.81,51.04
MACKAY-M.O,33119,-21.12,149.22,r1i1p1,rcp85,NorESM1-M,2080-2099,71.08,70.77,72.38,72.46,68.94,70.51,71.89,70.21,71.77,70.53,72.68,73.93,72.41,73.49,71.47,70.68,69.39,66.77,69.65
MEEKATHARRA-AIRPORT,7045,-26.61,118.54,r1i1p1,rcp85,NorESM1-M,2080-2099,25.23,21.4,29.48,33.2,16.64,22.96,27.45,16.79,30.81,26.33,31.12,31,37.66,33.71,28.22,18.99,15.13,15.82,16.75
MELBOURNE-AIRPORT,86282,-37.68,144.84,r1i1p1,rcp85,NorESM1-M,2080-2099,52.19,45.49,52.09,61.01,50.49,46.88,57.77,44.82,44.6,46.15,50.77,59.34,64.27,62.14,56.61,54.21,50.03,47.23,46.05
MILDURA-AIRPORT,76031,-34.23,142.08,r1i1p1,rcp85,NorESM1-M,2080-2099,36.92,27.43,37.19,50.38,32.84,29.19,44.8,25.23,28.43,28.74,35.43,47.4,54.11,52.91,44.14,38.85,31.37,28.3,28.18
MOREE-AERO,53115,-29.49,149.85,r1i1p1,rcp85,NorESM1-M,2080-2099,37.09,34.99,37.18,43.95,32.48,34.5,39.83,34.07,38.8,34.59,35.31,41.65,46.79,46.32,38.75,34.2,31.25,31.98,31.42
MOUNT-GAMBIER-AERO,26021,-37.75,140.77,r1i1p1,rcp85,NorESM1-M,2080-2099,57.51,46.55,55.99,69.78,57.96,48.9,66.32,45.35,43.89,47.36,54.08,66.52,73.61,70.46,65.29,62.7,59.33,51.84,49.66
MOUNT-ISA-AERO,29127,-20.68,139.49,r1i1p1,rcp85,NorESM1-M,2080-2099,28.61,34.26,29.68,26.79,23.65,31.09,26.1,32.73,39.33,30.75,27.7,30.58,30.55,26.77,23.05,22.57,23.08,25.3,30.92
NOWRA-RAN-AIR-STATION-AWS,68072,-34.95,150.54,r1i1p1,rcp85,NorESM1-M,2080-2099,55.62,59.39,58.27,52.7,52.1,58.57,52.78,59.02,61.7,59.29,57.42,58.1,55.87,53.77,48.47,48.47,51.77,56.23,56.97
PERTH-AIRPORT,9021,-31.93,115.98,r1i1p1,rcp85,NorESM1-M,2080-2099,43.84,34.84,42.46,54.06,43.94,37.1,50.59,34.31,33.72,36.56,42.2,48.62,55.9,54.93,51.36,48.66,44.1,39.05,36.66
PORT-HEDLAND-AIRPORT,4032,-20.37,118.63,r1i1p1,rcp85,NorESM1-M,2080-2099,40.69,52.91,40.92,32.58,36.19,47.7,33.66,52.81,58.45,47.37,38.7,36.69,35.72,30.77,31.25,31.06,36.46,41.05,48.01
RICHMOND-RAAF,67105,-33.6,150.78,r1i1p1,rcp85,NorESM1-M,2080-2099,46.14,47.62,51.06,46.28,39.8,47.85,44.55,46.2,51.08,51.09,49.28,52.82,51.05,47.52,40.25,37.57,38.08,43.74,45.02
ROCKHAMPTON-AERO,39083,-23.38,150.48,r1i1p1,rcp85,NorESM1-M,2080-2099,47.83,52.28,49.07,44.71,45.44,50.38,45.46,51.82,53.63,49.22,49.2,48.79,47.39,44.01,42.74,42.99,46.85,46.48,50.83
SYDNEY-AIRPORT-AMO,66037,-33.94,151.17,r1i1p1,rcp85,NorESM1-M,2080-2099,54.75,58.19,59.05,51.5,50.45,57.95,51.67,57.87,60.39,59.92,58.57,58.65,55.15,52.35,47,47.9,48.95,54.49,55.76
TENNANT-CREEK-AIRPORT,15135,-19.64,134.18,r1i1p1,rcp85,NorESM1-M,2080-2099,26.22,31.78,26.92,24.29,21.78,28.59,23.75,29.24,37.7,27.6,25.72,27.44,27.59,24.73,20.54,19.47,22.73,23.14,28.75
TOWNSVILLE-AERO,32040,-19.25,146.77,r1i1p1,rcp85,NorESM1-M,2080-2099,58.99,64.07,58.45,54.1,59.46,61.97,56.13,63.07,65.48,60.3,58.5,56.54,53.78,54.12,54.41,57.38,60.53,60.45,63.28
WAGGA-WAGGA-AMO,72150,-35.16,147.46,r1i1p1,rcp85,NorESM1-M,2080-2099,42.45,27.86,39.59,60.19,42.48,30.77,54.32,25.43,29.43,30.63,37.39,50.76,62.75,62.62,55.2,52.16,42.41,32.85,27.78
WILLIAMTOWN-RAAF,61078,-32.79,151.84,r1i1p1,rcp85,NorESM1-M,2080-2099,55.11,56.83,59.62,53.66,50.51,57.2,53.13,55.67,59.69,60.34,58.53,59.98,57.81,54.99,48.19,48.03,49.77,53.71,54.55
WOOMERA-AERODROME,16001,-31.16,136.81,r1i1p1,rcp85,NorESM1-M,2080-2099,29.32,23.04,29.56,39.33,25.42,24,34.72,20.18,23.89,23.83,28.23,36.61,43.36,40.21,34.43,28.74,24.98,22.55,24.78
